H2M2_2,Port 1,Port 2,Port 3,Port 4,Port 5
1769 records,10HS Soil Moisture,10HS Soil Moisture,10HS Soil Moisture,10HS Soil Moisture,
Measurement Time,m³/m³ VWC,m³/m³ VWC,m³/m³ VWC,m³/m³ VWC,None
10/23/2013 10:00 AM,0.274,0.289,0.300,0.297,
10/23/2013 12:00 PM,0.284,0.304,0.316,0.312,
10/23/2013 2:00 PM,0.286,0.306,0.319,0.314,
10/23/2013 4:00 PM,0.290,0.308,0.322,0.315,
10/23/2013 6:00 PM,0.291,0.309,0.324,0.316,
10/23/2013 8:00 PM,0.290,0.308,0.323,0.315,
10/23/2013 10:00 PM,0.289,0.307,0.321,0.314,
10/24/2013 12:00 AM,0.287,0.305,0.319,0.312,
10/24/2013 2:00 AM,0.285,0.304,0.317,0.311,
10/24/2013 4:00 AM,0.284,0.303,0.316,0.310,
10/24/2013 6:00 AM,0.283,0.302,0.315,0.309,
10/24/2013 8:00 AM,0.283,0.301,0.314,0.308,
10/24/2013 10:00 AM,0.283,0.301,0.314,0.308,
10/24/2013 12:00 PM,0.283,0.302,0.315,0.309,
10/24/2013 2:00 PM,0.286,0.305,0.317,0.311,
10/24/2013 4:00 PM,0.289,0.306,0.321,0.312,
10/24/2013 6:00 PM,0.290,0.307,0.323,0.313,
10/24/2013 8:00 PM,0.290,0.306,0.322,0.313,
10/24/2013 10:00 PM,0.288,0.305,0.319,0.311,
10/25/2013 12:00 AM,0.286,0.303,0.318,0.310,
10/25/2013 2:00 AM,0.285,0.302,0.316,0.309,
10/25/2013 4:00 AM,0.283,0.301,0.315,0.308,
10/25/2013 6:00 AM,0.283,0.300,0.314,0.307,
10/25/2013 8:00 AM,0.282,0.300,0.313,0.306,
10/25/2013 10:00 AM,0.282,0.299,0.313,0.306,
10/25/2013 12:00 PM,0.283,0.300,0.313,0.307,
10/25/2013 2:00 PM,0.285,0.303,0.316,0.308,
10/25/2013 4:00 PM,0.288,0.304,0.319,0.310,
10/25/2013 6:00 PM,0.289,0.305,0.321,0.311,
10/25/2013 8:00 PM,0.289,0.305,0.321,0.310,
10/25/2013 10:00 PM,0.287,0.303,0.318,0.309,
10/26/2013 12:00 AM,0.285,0.302,0.317,0.307,
10/26/2013 2:00 AM,0.284,0.300,0.315,0.306,
10/26/2013 4:00 AM,0.283,0.300,0.314,0.306,
10/26/2013 6:00 AM,0.282,0.299,0.313,0.305,
10/26/2013 8:00 AM,0.282,0.299,0.312,0.304,
10/26/2013 10:00 AM,0.281,0.298,0.312,0.304,
10/26/2013 12:00 PM,0.282,0.299,0.312,0.304,
10/26/2013 2:00 PM,0.284,0.301,0.315,0.306,
10/26/2013 4:00 PM,0.287,0.302,0.318,0.307,
10/26/2013 6:00 PM,0.288,0.303,0.320,0.308,
10/26/2013 8:00 PM,0.288,0.303,0.319,0.308,
10/26/2013 10:00 PM,0.286,0.301,0.317,0.306,
10/27/2013 12:00 AM,0.284,0.300,0.316,0.305,
10/27/2013 2:00 AM,0.283,0.299,0.314,0.304,
10/27/2013 4:00 AM,0.282,0.298,0.313,0.303,
10/27/2013 6:00 AM,0.281,0.297,0.312,0.302,
10/27/2013 8:00 AM,0.280,0.296,0.311,0.302,
10/27/2013 10:00 AM,0.280,0.295,0.310,0.301,
10/27/2013 12:00 PM,0.280,0.296,0.310,0.302,
10/27/2013 2:00 PM,0.283,0.298,0.313,0.303,
10/27/2013 4:00 PM,0.285,0.299,0.317,0.304,
10/27/2013 6:00 PM,0.286,0.300,0.318,0.306,
10/27/2013 8:00 PM,0.286,0.300,0.317,0.305,
10/27/2013 10:00 PM,0.285,0.299,0.316,0.304,
10/28/2013 12:00 AM,0.284,0.299,0.316,0.304,
10/28/2013 2:00 AM,0.284,0.299,0.315,0.303,
10/28/2013 4:00 AM,0.283,0.298,0.314,0.303,
10/28/2013 6:00 AM,0.283,0.298,0.314,0.302,
10/28/2013 8:00 AM,0.282,0.297,0.313,0.302,
10/28/2013 10:00 AM,0.282,0.297,0.313,0.301,
10/28/2013 12:00 PM,0.282,0.297,0.313,0.301,
10/28/2013 2:00 PM,0.282,0.298,0.314,0.302,
10/28/2013 4:00 PM,0.285,0.298,0.314,0.303,
10/28/2013 6:00 PM,0.283,0.299,0.314,0.302,
10/28/2013 8:00 PM,0.282,0.298,0.313,0.301,
10/28/2013 10:00 PM,0.280,0.296,0.312,0.300,
10/29/2013 12:00 AM,0.279,0.296,0.311,0.299,
10/29/2013 2:00 AM,0.278,0.295,0.310,0.299,
10/29/2013 4:00 AM,0.277,0.294,0.309,0.298,
10/29/2013 6:00 AM,0.276,0.293,0.308,0.298,
10/29/2013 8:00 AM,0.276,0.292,0.307,0.297,
10/29/2013 10:00 AM,0.275,0.291,0.306,0.296,
10/29/2013 12:00 PM,0.275,0.291,0.306,0.296,
10/29/2013 2:00 PM,0.277,0.293,0.308,0.297,
10/29/2013 4:00 PM,0.280,0.294,0.311,0.297,
10/29/2013 6:00 PM,0.281,0.295,0.313,0.298,
10/29/2013 8:00 PM,0.280,0.295,0.312,0.298,
10/29/2013 10:00 PM,0.278,0.293,0.311,0.297,
10/30/2013 12:00 AM,0.277,0.292,0.309,0.296,
10/30/2013 2:00 AM,0.276,0.291,0.308,0.295,
10/30/2013 4:00 AM,0.274,0.290,0.307,0.294,
10/30/2013 6:00 AM,0.273,0.289,0.306,0.294,
10/30/2013 8:00 AM,0.272,0.289,0.305,0.293,
10/30/2013 10:00 AM,0.272,0.288,0.303,0.293,
10/30/2013 12:00 PM,0.273,0.288,0.303,0.292,
10/30/2013 2:00 PM,0.275,0.290,0.306,0.293,
10/30/2013 4:00 PM,0.277,0.292,0.309,0.294,
10/30/2013 6:00 PM,0.278,0.293,0.310,0.294,
10/30/2013 8:00 PM,0.277,0.293,0.309,0.294,
10/30/2013 10:00 PM,0.277,0.292,0.308,0.294,
10/31/2013 12:00 AM,0.276,0.291,0.308,0.293,
10/31/2013 2:00 AM,0.276,0.291,0.307,0.293,
10/31/2013 4:00 AM,0.275,0.290,0.307,0.292,
10/31/2013 6:00 AM,0.274,0.290,0.306,0.292,
10/31/2013 8:00 AM,0.273,0.290,0.306,0.291,
10/31/2013 10:00 AM,0.273,0.288,0.304,0.291,
10/31/2013 12:00 PM,0.273,0.288,0.304,0.290,
10/31/2013 2:00 PM,0.275,0.290,0.306,0.291,
10/31/2013 4:00 PM,0.277,0.290,0.309,0.292,
10/31/2013 6:00 PM,0.278,0.292,0.310,0.293,
10/31/2013 8:00 PM,0.277,0.292,0.310,0.293,
10/31/2013 10:00 PM,0.276,0.291,0.309,0.292,
11/1/2013 12:00 AM,0.275,0.290,0.308,0.291,
11/1/2013 2:00 AM,0.275,0.290,0.307,0.291,
11/1/2013 4:00 AM,0.274,0.290,0.307,0.291,
11/1/2013 6:00 AM,0.273,0.289,0.306,0.290,
11/1/2013 8:00 AM,0.272,0.288,0.305,0.290,
11/1/2013 10:00 AM,0.272,0.287,0.304,0.289,
11/1/2013 12:00 PM,0.272,0.287,0.304,0.289,
11/1/2013 2:00 PM,0.274,0.290,0.306,0.290,
11/1/2013 4:00 PM,0.277,0.290,0.309,0.290,
11/1/2013 6:00 PM,0.278,0.291,0.311,0.291,
11/1/2013 8:00 PM,0.277,0.291,0.310,0.291,
11/1/2013 10:00 PM,0.276,0.290,0.309,0.290,
11/2/2013 12:00 AM,0.274,0.289,0.307,0.290,
11/2/2013 2:00 AM,0.273,0.288,0.306,0.289,
11/2/2013 4:00 AM,0.272,0.287,0.305,0.289,
11/2/2013 6:00 AM,0.271,0.286,0.304,0.288,
11/2/2013 8:00 AM,0.270,0.285,0.303,0.287,
11/2/2013 10:00 AM,0.269,0.284,0.301,0.286,
11/2/2013 12:00 PM,0.270,0.283,0.301,0.286,
11/2/2013 2:00 PM,0.272,0.287,0.304,0.286,
11/2/2013 4:00 PM,0.275,0.288,0.308,0.288,
11/2/2013 6:00 PM,0.276,0.289,0.309,0.288,
11/2/2013 8:00 PM,0.275,0.289,0.308,0.289,
11/2/2013 10:00 PM,0.273,0.288,0.307,0.288,
11/3/2013 12:00 AM,0.272,0.287,0.305,0.287,
11/3/2013 2:00 AM,0.271,0.287,0.305,0.286,
11/3/2013 4:00 AM,0.271,0.286,0.304,0.286,
11/3/2013 6:00 AM,0.270,0.285,0.303,0.285,
11/3/2013 8:00 AM,0.271,0.283,0.303,0.286,
11/3/2013 10:00 AM,0.270,0.284,0.302,0.286,
11/3/2013 12:00 PM,0.269,0.284,0.301,0.284,
11/3/2013 2:00 PM,0.269,0.285,0.302,0.284,
11/3/2013 4:00 PM,0.271,0.285,0.304,0.284,
11/3/2013 6:00 PM,0.271,0.285,0.305,0.284,
11/3/2013 8:00 PM,0.269,0.284,0.304,0.284,
11/3/2013 10:00 PM,0.267,0.283,0.302,0.284,
11/4/2013 12:00 AM,0.265,0.282,0.300,0.283,
11/4/2013 2:00 AM,0.264,0.281,0.299,0.283,
11/4/2013 4:00 AM,0.263,0.281,0.299,0.282,
11/4/2013 6:00 AM,0.263,0.280,0.298,0.282,
11/4/2013 8:00 AM,0.262,0.280,0.298,0.282,
11/4/2013 10:00 AM,0.262,0.279,0.298,0.281,
11/4/2013 12:00 PM,0.263,0.278,0.296,0.280,
11/4/2013 2:00 PM,0.265,0.281,0.298,0.281,
11/4/2013 4:00 PM,0.267,0.281,0.301,0.281,
11/4/2013 6:00 PM,0.268,0.283,0.303,0.282,
11/4/2013 8:00 PM,0.268,0.283,0.302,0.282,
11/4/2013 10:00 PM,0.266,0.282,0.301,0.282,
11/5/2013 12:00 AM,0.264,0.281,0.300,0.281,
11/5/2013 2:00 AM,0.263,0.280,0.299,0.281,
11/5/2013 4:00 AM,0.262,0.280,0.298,0.281,
11/5/2013 6:00 AM,0.261,0.279,0.298,0.280,
11/5/2013 8:00 AM,0.261,0.278,0.297,0.280,
11/5/2013 10:00 AM,0.260,0.277,0.295,0.279,
11/5/2013 12:00 PM,0.261,0.276,0.294,0.278,
11/5/2013 2:00 PM,0.262,0.279,0.297,0.278,
11/5/2013 4:00 PM,0.266,0.279,0.299,0.278,
11/5/2013 6:00 PM,0.266,0.281,0.301,0.279,
11/5/2013 8:00 PM,0.266,0.281,0.301,0.280,
11/5/2013 10:00 PM,0.264,0.280,0.299,0.279,
11/6/2013 12:00 AM,0.263,0.279,0.299,0.279,
11/6/2013 2:00 AM,0.262,0.279,0.298,0.279,
11/6/2013 4:00 AM,0.262,0.279,0.298,0.278,
11/6/2013 6:00 AM,0.262,0.279,0.298,0.278,
11/6/2013 8:00 AM,0.262,0.279,0.297,0.278,
11/6/2013 10:00 AM,0.261,0.278,0.297,0.278,
11/6/2013 12:00 PM,0.262,0.278,0.297,0.277,
11/6/2013 2:00 PM,0.264,0.280,0.298,0.277,
11/6/2013 4:00 PM,0.266,0.281,0.300,0.278,
11/6/2013 6:00 PM,0.268,0.282,0.302,0.279,
11/6/2013 8:00 PM,0.267,0.283,0.302,0.280,
11/6/2013 10:00 PM,0.266,0.282,0.301,0.279,
11/7/2013 12:00 AM,0.265,0.281,0.300,0.279,
11/7/2013 2:00 AM,0.263,0.280,0.299,0.278,
11/7/2013 4:00 AM,0.262,0.279,0.298,0.277,
11/7/2013 6:00 AM,0.261,0.278,0.297,0.277,
11/7/2013 8:00 AM,0.261,0.278,0.297,0.277,
11/7/2013 10:00 AM,0.261,0.278,0.296,0.277,
11/7/2013 12:00 PM,0.262,0.277,0.295,0.276,
11/7/2013 2:00 PM,0.264,0.280,0.298,0.277,
11/7/2013 4:00 PM,0.266,0.281,0.300,0.277,
11/7/2013 6:00 PM,0.267,0.282,0.301,0.278,
11/7/2013 8:00 PM,0.267,0.282,0.301,0.278,
11/7/2013 10:00 PM,0.266,0.281,0.300,0.278,
11/8/2013 12:00 AM,0.265,0.281,0.299,0.277,
11/8/2013 2:00 AM,0.263,0.280,0.299,0.277,
11/8/2013 4:00 AM,0.262,0.279,0.298,0.277,
11/8/2013 6:00 AM,0.262,0.279,0.298,0.276,
11/8/2013 8:00 AM,0.261,0.278,0.297,0.276,
11/8/2013 10:00 AM,0.261,0.277,0.296,0.275,
11/8/2013 12:00 PM,0.261,0.277,0.296,0.275,
11/8/2013 2:00 PM,0.263,0.279,0.298,0.275,
11/8/2013 4:00 PM,0.266,0.279,0.299,0.275,
11/8/2013 6:00 PM,0.267,0.281,0.302,0.277,
11/8/2013 8:00 PM,0.266,0.282,0.301,0.277,
11/8/2013 10:00 PM,0.265,0.281,0.300,0.277,
11/9/2013 12:00 AM,0.264,0.280,0.299,0.276,
11/9/2013 2:00 AM,0.262,0.279,0.299,0.276,
11/9/2013 4:00 AM,0.261,0.278,0.298,0.275,
11/9/2013 6:00 AM,0.261,0.278,0.297,0.275,
11/9/2013 8:00 AM,0.260,0.277,0.296,0.275,
11/9/2013 10:00 AM,0.259,0.276,0.295,0.274,
11/9/2013 12:00 PM,0.259,0.274,0.293,0.272,
11/9/2013 2:00 PM,0.261,0.277,0.296,0.273,
11/9/2013 4:00 PM,0.264,0.277,0.299,0.273,
11/9/2013 6:00 PM,0.266,0.279,0.301,0.275,
11/9/2013 8:00 PM,0.265,0.280,0.301,0.276,
11/9/2013 10:00 PM,0.263,0.279,0.299,0.275,
11/10/2013 12:00 AM,0.261,0.277,0.298,0.275,
11/10/2013 2:00 AM,0.260,0.277,0.297,0.274,
11/10/2013 4:00 AM,0.259,0.276,0.296,0.274,
11/10/2013 6:00 AM,0.258,0.275,0.295,0.273,
11/10/2013 8:00 AM,0.257,0.275,0.294,0.273,
11/10/2013 10:00 AM,0.256,0.273,0.293,0.272,
11/10/2013 12:00 PM,0.256,0.272,0.291,0.270,
11/10/2013 2:00 PM,0.258,0.275,0.293,0.271,
11/10/2013 4:00 PM,0.262,0.276,0.297,0.271,
11/10/2013 6:00 PM,0.263,0.278,0.299,0.272,
11/10/2013 8:00 PM,0.263,0.278,0.300,0.274,
11/10/2013 10:00 PM,0.261,0.277,0.298,0.273,
11/11/2013 12:00 AM,0.259,0.276,0.296,0.272,
11/11/2013 2:00 AM,0.258,0.275,0.295,0.272,
11/11/2013 4:00 AM,0.257,0.275,0.294,0.272,
11/11/2013 6:00 AM,0.256,0.274,0.293,0.271,
11/11/2013 8:00 AM,0.255,0.273,0.293,0.271,
11/11/2013 10:00 AM,0.254,0.272,0.291,0.270,
11/11/2013 12:00 PM,0.254,0.271,0.290,0.269,
11/11/2013 2:00 PM,0.256,0.274,0.292,0.269,
11/11/2013 4:00 PM,0.260,0.274,0.296,0.269,
11/11/2013 6:00 PM,0.261,0.277,0.298,0.271,
11/11/2013 8:00 PM,0.261,0.277,0.299,0.272,
11/11/2013 10:00 PM,0.259,0.276,0.297,0.271,
11/12/2013 12:00 AM,0.257,0.275,0.295,0.271,
11/12/2013 2:00 AM,0.256,0.274,0.294,0.271,
11/12/2013 4:00 AM,0.255,0.274,0.293,0.270,
11/12/2013 6:00 AM,0.254,0.273,0.293,0.270,
11/12/2013 8:00 AM,0.253,0.272,0.292,0.269,
11/12/2013 10:00 AM,0.253,0.271,0.290,0.268,
11/12/2013 12:00 PM,0.253,0.270,0.289,0.267,
11/12/2013 2:00 PM,0.255,0.273,0.292,0.267,
11/12/2013 4:00 PM,0.259,0.274,0.295,0.268,
11/12/2013 6:00 PM,0.260,0.276,0.297,0.270,
11/12/2013 8:00 PM,0.259,0.276,0.297,0.271,
11/12/2013 10:00 PM,0.258,0.275,0.296,0.270,
11/13/2013 12:00 AM,0.256,0.274,0.294,0.269,
11/13/2013 2:00 AM,0.255,0.274,0.293,0.269,
11/13/2013 4:00 AM,0.255,0.274,0.293,0.268,
11/13/2013 6:00 AM,0.255,0.274,0.293,0.268,
11/13/2013 8:00 AM,0.254,0.273,0.292,0.268,
11/13/2013 10:00 AM,0.254,0.273,0.292,0.268,
11/13/2013 12:00 PM,0.254,0.273,0.291,0.267,
11/13/2013 2:00 PM,0.255,0.273,0.291,0.266,
11/13/2013 4:00 PM,0.258,0.275,0.295,0.267,
11/13/2013 6:00 PM,0.260,0.277,0.297,0.269,
11/13/2013 8:00 PM,0.259,0.277,0.297,0.269,
11/13/2013 10:00 PM,0.257,0.275,0.295,0.269,
11/14/2013 12:00 AM,0.256,0.274,0.294,0.268,
11/14/2013 2:00 AM,0.254,0.273,0.293,0.268,
11/14/2013 4:00 AM,0.253,0.272,0.292,0.267,
11/14/2013 6:00 AM,0.252,0.271,0.291,0.267,
11/14/2013 8:00 AM,0.251,0.270,0.290,0.266,
11/14/2013 10:00 AM,0.250,0.269,0.288,0.266,
11/14/2013 12:00 PM,0.249,0.268,0.287,0.264,
11/14/2013 2:00 PM,0.251,0.271,0.289,0.264,
11/14/2013 4:00 PM,0.255,0.272,0.292,0.265,
11/14/2013 6:00 PM,0.256,0.274,0.294,0.266,
11/14/2013 8:00 PM,0.256,0.274,0.294,0.267,
11/14/2013 10:00 PM,0.254,0.272,0.293,0.266,
11/15/2013 12:00 AM,0.253,0.271,0.292,0.266,
11/15/2013 2:00 AM,0.252,0.271,0.291,0.265,
11/15/2013 4:00 AM,0.252,0.271,0.291,0.265,
11/15/2013 6:00 AM,0.252,0.271,0.291,0.265,
11/15/2013 8:00 AM,0.257,0.277,0.293,0.269,
11/15/2013 10:00 AM,0.258,0.288,0.295,0.273,
11/15/2013 12:00 PM,0.263,0.290,0.297,0.276,
11/15/2013 2:00 PM,0.262,0.287,0.296,0.275,
11/15/2013 4:00 PM,0.263,0.287,0.298,0.275,
11/15/2013 6:00 PM,0.263,0.287,0.299,0.275,
11/15/2013 8:00 PM,0.262,0.286,0.299,0.275,
11/15/2013 10:00 PM,0.260,0.284,0.296,0.274,
11/16/2013 12:00 AM,0.258,0.283,0.294,0.273,
11/16/2013 2:00 AM,0.256,0.282,0.293,0.272,
11/16/2013 4:00 AM,0.256,0.282,0.292,0.272,
11/16/2013 6:00 AM,0.256,0.282,0.292,0.272,
11/16/2013 8:00 AM,0.256,0.282,0.292,0.272,
11/16/2013 10:00 AM,0.256,0.281,0.292,0.272,
11/16/2013 12:00 PM,0.259,0.280,0.291,0.272,
11/16/2013 2:00 PM,0.257,0.283,0.292,0.272,
11/16/2013 4:00 PM,0.258,0.283,0.293,0.271,
11/16/2013 6:00 PM,0.258,0.283,0.294,0.271,
11/16/2013 8:00 PM,0.257,0.283,0.293,0.272,
11/16/2013 10:00 PM,0.257,0.282,0.293,0.271,
11/17/2013 12:00 AM,0.256,0.281,0.292,0.271,
11/17/2013 2:00 AM,0.256,0.281,0.292,0.271,
11/17/2013 4:00 AM,0.255,0.281,0.291,0.271,
11/17/2013 6:00 AM,0.255,0.280,0.291,0.270,
11/17/2013 8:00 AM,0.254,0.280,0.291,0.270,
11/17/2013 10:00 AM,0.254,0.279,0.290,0.270,
11/17/2013 12:00 PM,0.254,0.279,0.289,0.268,
11/17/2013 2:00 PM,0.256,0.281,0.291,0.269,
11/17/2013 4:00 PM,0.258,0.280,0.294,0.269,
11/17/2013 6:00 PM,0.259,0.282,0.296,0.270,
11/17/2013 8:00 PM,0.258,0.281,0.295,0.271,
11/17/2013 10:00 PM,0.256,0.280,0.294,0.270,
11/18/2013 12:00 AM,0.255,0.279,0.292,0.270,
11/18/2013 2:00 AM,0.253,0.278,0.291,0.269,
11/18/2013 4:00 AM,0.252,0.277,0.290,0.269,
11/18/2013 6:00 AM,0.251,0.277,0.290,0.268,
11/18/2013 8:00 AM,0.250,0.276,0.289,0.267,
11/18/2013 10:00 AM,0.249,0.274,0.287,0.266,
11/18/2013 12:00 PM,0.250,0.274,0.286,0.266,
11/18/2013 2:00 PM,0.251,0.276,0.288,0.266,
11/18/2013 4:00 PM,0.255,0.277,0.291,0.266,
11/18/2013 6:00 PM,0.256,0.278,0.293,0.268,
11/18/2013 8:00 PM,0.256,0.278,0.293,0.268,
11/18/2013 10:00 PM,0.254,0.277,0.292,0.268,
11/19/2013 12:00 AM,0.253,0.277,0.290,0.267,
11/19/2013 2:00 AM,0.252,0.277,0.290,0.267,
11/19/2013 4:00 AM,0.252,0.277,0.290,0.267,
11/19/2013 6:00 AM,0.252,0.277,0.289,0.266,
11/19/2013 8:00 AM,0.252,0.277,0.289,0.266,
11/19/2013 10:00 AM,0.251,0.277,0.289,0.266,
11/19/2013 12:00 PM,0.252,0.277,0.289,0.266,
11/19/2013 2:00 PM,0.253,0.277,0.290,0.266,
11/19/2013 4:00 PM,0.254,0.278,0.290,0.266,
11/19/2013 6:00 PM,0.256,0.279,0.291,0.267,
11/19/2013 8:00 PM,0.255,0.278,0.291,0.267,
11/19/2013 10:00 PM,0.254,0.278,0.291,0.267,
11/20/2013 12:00 AM,0.253,0.277,0.290,0.266,
11/20/2013 2:00 AM,0.253,0.277,0.290,0.266,
11/20/2013 4:00 AM,0.252,0.277,0.290,0.266,
11/20/2013 6:00 AM,0.251,0.276,0.289,0.266,
11/20/2013 8:00 AM,0.251,0.276,0.289,0.266,
11/20/2013 10:00 AM,0.250,0.276,0.288,0.265,
11/20/2013 12:00 PM,0.251,0.275,0.287,0.264,
11/20/2013 2:00 PM,0.252,0.277,0.288,0.265,
11/20/2013 4:00 PM,0.255,0.278,0.290,0.266,
11/20/2013 6:00 PM,0.255,0.278,0.291,0.266,
11/20/2013 8:00 PM,0.257,0.280,0.292,0.268,
11/20/2013 10:00 PM,0.261,0.289,0.295,0.272,
11/21/2013 12:00 AM,0.262,0.290,0.296,0.275,
11/21/2013 2:00 AM,0.260,0.286,0.294,0.273,
11/21/2013 4:00 AM,0.258,0.284,0.293,0.272,
11/21/2013 6:00 AM,0.256,0.283,0.292,0.271,
11/21/2013 8:00 AM,0.254,0.281,0.290,0.269,
11/21/2013 10:00 AM,0.253,0.279,0.290,0.267,
11/21/2013 12:00 PM,0.251,0.277,0.289,0.266,
11/21/2013 2:00 PM,0.251,0.278,0.289,0.266,
11/21/2013 4:00 PM,0.251,0.277,0.289,0.266,
11/21/2013 6:00 PM,0.251,0.277,0.289,0.265,
11/21/2013 8:00 PM,0.250,0.277,0.288,0.265,
11/21/2013 10:00 PM,0.250,0.277,0.288,0.265,
11/22/2013 12:00 AM,0.249,0.276,0.288,0.264,
11/22/2013 2:00 AM,0.248,0.276,0.287,0.264,
11/22/2013 4:00 AM,0.245,0.273,0.286,0.261,
11/22/2013 6:00 AM,0.243,0.269,0.284,0.259,
11/22/2013 8:00 AM,0.242,0.267,0.283,0.257,
11/22/2013 10:00 AM,0.240,0.265,0.282,0.253,
11/22/2013 12:00 PM,0.241,0.265,0.281,0.251,
11/22/2013 2:00 PM,0.245,0.268,0.283,0.254,
11/22/2013 4:00 PM,0.247,0.271,0.285,0.259,
11/22/2013 6:00 PM,0.249,0.273,0.287,0.261,
11/22/2013 8:00 PM,0.248,0.273,0.287,0.261,
11/22/2013 10:00 PM,0.246,0.272,0.286,0.261,
11/23/2013 12:00 AM,0.244,0.270,0.285,0.260,
11/23/2013 2:00 AM,0.243,0.267,0.284,0.257,
11/23/2013 4:00 AM,0.241,0.266,0.283,0.256,
11/23/2013 6:00 AM,0.240,0.264,0.283,0.253,
11/23/2013 8:00 AM,0.240,0.263,0.282,0.250,
11/23/2013 10:00 AM,0.239,0.262,0.280,0.247,
11/23/2013 12:00 PM,0.240,0.262,0.279,0.247,
11/23/2013 2:00 PM,0.243,0.267,0.282,0.252,
11/23/2013 4:00 PM,0.246,0.269,0.284,0.257,
11/23/2013 6:00 PM,0.249,0.271,0.286,0.259,
11/23/2013 8:00 PM,0.249,0.272,0.287,0.260,
11/23/2013 10:00 PM,0.247,0.271,0.286,0.260,
11/24/2013 12:00 AM,0.246,0.271,0.285,0.259,
11/24/2013 2:00 AM,0.246,0.271,0.285,0.259,
11/24/2013 4:00 AM,0.245,0.271,0.285,0.259,
11/24/2013 6:00 AM,0.245,0.271,0.284,0.259,
11/24/2013 8:00 AM,0.245,0.270,0.284,0.258,
11/24/2013 10:00 AM,0.244,0.269,0.283,0.258,
11/24/2013 12:00 PM,0.243,0.267,0.281,0.256,
11/24/2013 2:00 PM,0.245,0.269,0.283,0.257,
11/24/2013 4:00 PM,0.248,0.270,0.285,0.256,
11/24/2013 6:00 PM,0.250,0.271,0.288,0.259,
11/24/2013 8:00 PM,0.249,0.271,0.288,0.260,
11/24/2013 10:00 PM,0.246,0.270,0.286,0.259,
11/25/2013 12:00 AM,0.245,0.269,0.285,0.259,
11/25/2013 2:00 AM,0.244,0.268,0.284,0.258,
11/25/2013 4:00 AM,0.243,0.266,0.283,0.257,
11/25/2013 6:00 AM,0.241,0.264,0.283,0.255,
11/25/2013 8:00 AM,0.240,0.263,0.282,0.252,
11/25/2013 10:00 AM,0.239,0.261,0.279,0.249,
11/25/2013 12:00 PM,0.240,0.261,0.277,0.248,
11/25/2013 2:00 PM,0.242,0.266,0.280,0.254,
11/25/2013 4:00 PM,0.245,0.267,0.283,0.255,
11/25/2013 6:00 PM,0.247,0.269,0.286,0.257,
11/25/2013 8:00 PM,0.247,0.270,0.286,0.258,
11/25/2013 10:00 PM,0.245,0.268,0.285,0.258,
11/26/2013 12:00 AM,0.244,0.267,0.283,0.257,
11/26/2013 2:00 AM,0.242,0.265,0.283,0.256,
11/26/2013 4:00 AM,0.241,0.263,0.282,0.253,
11/26/2013 6:00 AM,0.240,0.261,0.281,0.251,
11/26/2013 8:00 AM,0.239,0.260,0.280,0.247,
11/26/2013 10:00 AM,0.236,0.259,0.277,0.243,
11/26/2013 12:00 PM,0.236,0.258,0.275,0.242,
11/26/2013 2:00 PM,0.240,0.264,0.278,0.248,
11/26/2013 4:00 PM,0.244,0.265,0.281,0.253,
11/26/2013 6:00 PM,0.246,0.267,0.284,0.256,
11/26/2013 8:00 PM,0.245,0.268,0.285,0.257,
11/26/2013 10:00 PM,0.244,0.266,0.283,0.257,
11/27/2013 12:00 AM,0.242,0.265,0.283,0.255,
11/27/2013 2:00 AM,0.241,0.263,0.282,0.253,
11/27/2013 4:00 AM,0.240,0.261,0.281,0.251,
11/27/2013 6:00 AM,0.239,0.260,0.280,0.248,
11/27/2013 8:00 AM,0.237,0.258,0.279,0.244,
11/27/2013 10:00 AM,0.235,0.257,0.277,0.241,
11/27/2013 12:00 PM,0.234,0.257,0.274,0.240,
11/27/2013 2:00 PM,0.239,0.263,0.277,0.245,
11/27/2013 4:00 PM,0.243,0.264,0.280,0.252,
11/27/2013 6:00 PM,0.245,0.266,0.283,0.255,
11/27/2013 8:00 PM,0.245,0.267,0.283,0.256,
11/27/2013 10:00 PM,0.244,0.266,0.283,0.256,
11/28/2013 12:00 AM,0.242,0.265,0.282,0.256,
11/28/2013 2:00 AM,0.241,0.263,0.281,0.253,
11/28/2013 4:00 AM,0.240,0.262,0.280,0.252,
11/28/2013 6:00 AM,0.240,0.261,0.280,0.251,
11/28/2013 8:00 AM,0.239,0.259,0.280,0.248,
11/28/2013 10:00 AM,0.238,0.258,0.277,0.244,
11/28/2013 12:00 PM,0.237,0.257,0.275,0.242,
11/28/2013 2:00 PM,0.240,0.262,0.277,0.248,
11/28/2013 4:00 PM,0.243,0.265,0.281,0.253,
11/28/2013 6:00 PM,0.245,0.266,0.282,0.254,
11/28/2013 8:00 PM,0.245,0.266,0.283,0.256,
11/28/2013 10:00 PM,0.243,0.266,0.282,0.256,
11/29/2013 12:00 AM,0.241,0.264,0.281,0.255,
11/29/2013 2:00 AM,0.240,0.262,0.280,0.253,
11/29/2013 4:00 AM,0.240,0.261,0.280,0.251,
11/29/2013 6:00 AM,0.239,0.260,0.279,0.249,
11/29/2013 8:00 AM,0.238,0.258,0.278,0.245,
11/29/2013 10:00 AM,0.236,0.256,0.276,0.241,
11/29/2013 12:00 PM,0.235,0.256,0.273,0.240,
11/29/2013 2:00 PM,0.238,0.262,0.277,0.246,
11/29/2013 4:00 PM,0.242,0.263,0.280,0.251,
11/29/2013 6:00 PM,0.245,0.265,0.283,0.254,
11/29/2013 8:00 PM,0.244,0.266,0.283,0.255,
11/29/2013 10:00 PM,0.243,0.265,0.282,0.255,
11/30/2013 12:00 AM,0.241,0.263,0.281,0.254,
11/30/2013 2:00 AM,0.240,0.261,0.280,0.253,
11/30/2013 4:00 AM,0.239,0.260,0.279,0.251,
11/30/2013 6:00 AM,0.238,0.258,0.278,0.247,
11/30/2013 8:00 AM,0.236,0.256,0.277,0.243,
11/30/2013 10:00 AM,0.233,0.254,0.274,0.240,
11/30/2013 12:00 PM,0.232,0.254,0.271,0.238,
11/30/2013 2:00 PM,0.237,0.260,0.275,0.244,
11/30/2013 4:00 PM,0.241,0.262,0.278,0.250,
11/30/2013 6:00 PM,0.244,0.265,0.282,0.253,
11/30/2013 8:00 PM,0.243,0.265,0.282,0.254,
11/30/2013 10:00 PM,0.242,0.265,0.281,0.254,
12/1/2013 12:00 AM,0.242,0.265,0.281,0.254,
12/1/2013 2:00 AM,0.242,0.265,0.281,0.254,
12/1/2013 4:00 AM,0.240,0.264,0.280,0.253,
12/1/2013 6:00 AM,0.240,0.264,0.279,0.253,
12/1/2013 8:00 AM,0.240,0.263,0.279,0.254,
12/1/2013 10:00 AM,0.239,0.261,0.278,0.251,
12/1/2013 12:00 PM,0.239,0.261,0.276,0.251,
12/1/2013 2:00 PM,0.240,0.263,0.278,0.251,
12/1/2013 4:00 PM,0.244,0.266,0.281,0.253,
12/1/2013 6:00 PM,0.245,0.266,0.282,0.254,
12/1/2013 8:00 PM,0.245,0.267,0.283,0.255,
12/1/2013 10:00 PM,0.244,0.266,0.282,0.254,
12/2/2013 12:00 AM,0.243,0.266,0.281,0.254,
12/2/2013 2:00 AM,0.242,0.265,0.281,0.253,
12/2/2013 4:00 AM,0.242,0.264,0.280,0.252,
12/2/2013 6:00 AM,0.242,0.265,0.280,0.252,
12/2/2013 8:00 AM,0.243,0.265,0.280,0.253,
12/2/2013 10:00 AM,0.243,0.266,0.281,0.253,
12/2/2013 12:00 PM,0.244,0.266,0.281,0.253,
12/2/2013 2:00 PM,0.245,0.267,0.283,0.253,
12/2/2013 4:00 PM,0.246,0.267,0.283,0.254,
12/2/2013 6:00 PM,0.246,0.268,0.284,0.255,
12/2/2013 8:00 PM,0.246,0.268,0.284,0.254,
12/2/2013 10:00 PM,0.246,0.268,0.283,0.254,
12/3/2013 12:00 AM,0.245,0.268,0.283,0.254,
12/3/2013 2:00 AM,0.245,0.267,0.283,0.254,
12/3/2013 4:00 AM,0.244,0.266,0.283,0.254,
12/3/2013 6:00 AM,0.243,0.265,0.282,0.253,
12/3/2013 8:00 AM,0.241,0.264,0.281,0.253,
12/3/2013 10:00 AM,0.241,0.263,0.280,0.252,
12/3/2013 12:00 PM,0.240,0.263,0.279,0.251,
12/3/2013 2:00 PM,0.240,0.263,0.278,0.251,
12/3/2013 4:00 PM,0.240,0.263,0.278,0.251,
12/3/2013 6:00 PM,0.240,0.263,0.278,0.251,
12/3/2013 8:00 PM,0.239,0.262,0.278,0.251,
12/3/2013 10:00 PM,0.237,0.260,0.277,0.249,
12/4/2013 12:00 AM,0.235,0.256,0.277,0.245,
12/4/2013 2:00 AM,0.232,0.252,0.275,0.239,
12/4/2013 4:00 AM,0.227,0.246,0.270,0.232,
12/4/2013 6:00 AM,0.219,0.239,0.265,0.225,
12/4/2013 8:00 AM,0.209,0.231,0.260,0.217,
12/4/2013 10:00 AM,0.198,0.224,0.253,0.207,
12/4/2013 12:00 PM,0.191,0.221,0.246,0.201,
12/4/2013 2:00 PM,0.193,0.223,0.246,0.202,
12/4/2013 4:00 PM,0.201,0.225,0.251,0.204,
12/4/2013 6:00 PM,0.207,0.228,0.257,0.209,
12/4/2013 8:00 PM,0.207,0.227,0.256,0.208,
12/4/2013 10:00 PM,0.204,0.225,0.254,0.206,
12/5/2013 12:00 AM,0.200,0.224,0.251,0.205,
12/5/2013 2:00 AM,0.197,0.223,0.249,0.204,
12/5/2013 4:00 AM,0.194,0.222,0.246,0.203,
12/5/2013 6:00 AM,0.192,0.221,0.245,0.202,
12/5/2013 8:00 AM,0.189,0.220,0.243,0.200,
12/5/2013 10:00 AM,0.187,0.219,0.241,0.199,
12/5/2013 12:00 PM,0.186,0.219,0.239,0.197,
12/5/2013 2:00 PM,0.191,0.222,0.240,0.200,
12/5/2013 4:00 PM,0.199,0.223,0.245,0.202,
12/5/2013 6:00 PM,0.203,0.224,0.251,0.205,
12/5/2013 8:00 PM,0.198,0.221,0.249,0.204,
12/5/2013 10:00 PM,0.192,0.219,0.245,0.201,
12/6/2013 12:00 AM,0.189,0.217,0.242,0.199,
12/6/2013 2:00 AM,0.186,0.216,0.240,0.198,
12/6/2013 4:00 AM,0.184,0.216,0.239,0.197,
12/6/2013 6:00 AM,0.183,0.215,0.238,0.197,
12/6/2013 8:00 AM,0.180,0.214,0.236,0.196,
12/6/2013 10:00 AM,0.177,0.212,0.234,0.194,
12/6/2013 12:00 PM,0.175,0.211,0.232,0.192,
12/6/2013 2:00 PM,0.177,0.212,0.232,0.192,
12/6/2013 4:00 PM,0.184,0.215,0.236,0.196,
12/6/2013 6:00 PM,0.186,0.216,0.238,0.197,
12/6/2013 8:00 PM,0.184,0.214,0.237,0.196,
12/6/2013 10:00 PM,0.178,0.211,0.234,0.194,
12/7/2013 12:00 AM,0.173,0.208,0.232,0.192,
12/7/2013 2:00 AM,0.169,0.206,0.230,0.190,
12/7/2013 4:00 AM,0.165,0.205,0.228,0.188,
12/7/2013 6:00 AM,0.162,0.203,0.226,0.186,
12/7/2013 8:00 AM,0.161,0.203,0.225,0.185,
12/7/2013 10:00 AM,0.165,0.205,0.226,0.188,
12/7/2013 12:00 PM,0.170,0.204,0.227,0.190,
12/7/2013 2:00 PM,0.172,0.204,0.227,0.191,
12/7/2013 4:00 PM,0.174,0.206,0.228,0.191,
12/7/2013 6:00 PM,0.177,0.207,0.229,0.193,
12/7/2013 8:00 PM,0.178,0.209,0.230,0.194,
12/7/2013 10:00 PM,0.178,0.209,0.231,0.194,
12/8/2013 12:00 AM,0.178,0.209,0.231,0.194,
12/8/2013 2:00 AM,0.178,0.209,0.231,0.194,
12/8/2013 4:00 AM,0.177,0.209,0.231,0.194,
12/8/2013 6:00 AM,0.177,0.209,0.231,0.194,
12/8/2013 8:00 AM,0.177,0.209,0.230,0.194,
12/8/2013 10:00 AM,0.177,0.209,0.230,0.194,
12/8/2013 12:00 PM,0.176,0.204,0.229,0.193,
12/8/2013 2:00 PM,0.176,0.206,0.229,0.193,
12/8/2013 4:00 PM,0.178,0.208,0.230,0.194,
12/8/2013 6:00 PM,0.179,0.209,0.232,0.195,
12/8/2013 8:00 PM,0.179,0.210,0.232,0.195,
12/8/2013 10:00 PM,0.178,0.209,0.232,0.194,
12/9/2013 12:00 AM,0.179,0.209,0.232,0.195,
12/9/2013 2:00 AM,0.178,0.209,0.232,0.195,
12/9/2013 4:00 AM,0.178,0.209,0.231,0.195,
12/9/2013 6:00 AM,0.177,0.208,0.231,0.194,
12/9/2013 8:00 AM,0.175,0.207,0.230,0.194,
12/9/2013 10:00 AM,0.174,0.207,0.229,0.193,
12/9/2013 12:00 PM,0.173,0.206,0.228,0.192,
12/9/2013 2:00 PM,0.174,0.207,0.228,0.192,
12/9/2013 4:00 PM,0.177,0.207,0.229,0.193,
12/9/2013 6:00 PM,0.178,0.208,0.231,0.195,
12/9/2013 8:00 PM,0.178,0.208,0.231,0.195,
12/9/2013 10:00 PM,0.177,0.207,0.231,0.194,
12/10/2013 12:00 AM,0.175,0.207,0.230,0.194,
12/10/2013 2:00 AM,0.174,0.206,0.229,0.193,
12/10/2013 4:00 AM,0.174,0.206,0.229,0.193,
12/10/2013 6:00 AM,0.173,0.205,0.228,0.192,
12/10/2013 8:00 AM,0.172,0.205,0.228,0.192,
12/10/2013 10:00 AM,0.172,0.205,0.227,0.192,
12/10/2013 12:00 PM,0.171,0.205,0.226,0.191,
12/10/2013 2:00 PM,0.172,0.205,0.226,0.191,
12/10/2013 4:00 PM,0.174,0.206,0.227,0.192,
12/10/2013 6:00 PM,0.177,0.207,0.229,0.194,
12/10/2013 8:00 PM,0.177,0.207,0.230,0.194,
12/10/2013 10:00 PM,0.177,0.207,0.230,0.194,
12/11/2013 12:00 AM,0.176,0.207,0.230,0.194,
12/11/2013 2:00 AM,0.175,0.207,0.229,0.194,
12/11/2013 4:00 AM,0.174,0.206,0.228,0.193,
12/11/2013 6:00 AM,0.173,0.206,0.228,0.193,
12/11/2013 8:00 AM,0.173,0.206,0.228,0.193,
12/11/2013 10:00 AM,0.172,0.205,0.227,0.192,
12/11/2013 12:00 PM,0.171,0.205,0.226,0.191,
12/11/2013 2:00 PM,0.172,0.205,0.226,0.191,
12/11/2013 4:00 PM,0.175,0.206,0.227,0.192,
12/11/2013 6:00 PM,0.177,0.207,0.229,0.194,
12/11/2013 8:00 PM,0.177,0.207,0.230,0.195,
12/11/2013 10:00 PM,0.175,0.207,0.229,0.194,
12/12/2013 12:00 AM,0.175,0.207,0.229,0.194,
12/12/2013 2:00 AM,0.174,0.207,0.229,0.194,
12/12/2013 4:00 AM,0.174,0.207,0.228,0.194,
12/12/2013 6:00 AM,0.174,0.207,0.228,0.194,
12/12/2013 8:00 AM,0.174,0.207,0.228,0.194,
12/12/2013 10:00 AM,0.173,0.206,0.227,0.193,
12/12/2013 12:00 PM,0.172,0.205,0.226,0.192,
12/12/2013 2:00 PM,0.172,0.205,0.225,0.191,
12/12/2013 4:00 PM,0.174,0.205,0.226,0.192,
12/12/2013 6:00 PM,0.176,0.207,0.229,0.194,
12/12/2013 8:00 PM,0.176,0.207,0.230,0.194,
12/12/2013 10:00 PM,0.175,0.206,0.229,0.194,
12/13/2013 12:00 AM,0.174,0.206,0.228,0.193,
12/13/2013 2:00 AM,0.174,0.206,0.228,0.193,
12/13/2013 4:00 AM,0.173,0.206,0.227,0.193,
12/13/2013 6:00 AM,0.172,0.206,0.227,0.193,
12/13/2013 8:00 AM,0.172,0.205,0.227,0.193,
12/13/2013 10:00 AM,0.172,0.205,0.226,0.192,
12/13/2013 12:00 PM,0.171,0.205,0.225,0.191,
12/13/2013 2:00 PM,0.172,0.205,0.225,0.191,
12/13/2013 4:00 PM,0.175,0.206,0.227,0.192,
12/13/2013 6:00 PM,0.177,0.207,0.228,0.194,
12/13/2013 8:00 PM,0.178,0.208,0.230,0.195,
12/13/2013 10:00 PM,0.176,0.207,0.229,0.195,
12/14/2013 12:00 AM,0.175,0.207,0.228,0.194,
12/14/2013 2:00 AM,0.174,0.207,0.228,0.194,
12/14/2013 4:00 AM,0.174,0.207,0.228,0.194,
12/14/2013 6:00 AM,0.174,0.207,0.228,0.194,
12/14/2013 8:00 AM,0.174,0.206,0.228,0.194,
12/14/2013 10:00 AM,0.173,0.206,0.227,0.194,
12/14/2013 12:00 PM,0.170,0.204,0.225,0.191,
12/14/2013 2:00 PM,0.172,0.205,0.225,0.191,
12/14/2013 4:00 PM,0.174,0.206,0.227,0.193,
12/14/2013 6:00 PM,0.177,0.207,0.229,0.195,
12/14/2013 8:00 PM,0.177,0.208,0.230,0.196,
12/14/2013 10:00 PM,0.177,0.207,0.230,0.195,
12/15/2013 12:00 AM,0.176,0.207,0.229,0.195,
12/15/2013 2:00 AM,0.175,0.207,0.229,0.195,
12/15/2013 4:00 AM,0.175,0.207,0.229,0.195,
12/15/2013 6:00 AM,0.175,0.206,0.228,0.195,
12/15/2013 8:00 AM,0.175,0.205,0.228,0.195,
12/15/2013 10:00 AM,0.175,0.204,0.228,0.195,
12/15/2013 12:00 PM,0.176,0.199,0.225,0.193,
12/15/2013 2:00 PM,0.174,0.205,0.226,0.193,
12/15/2013 4:00 PM,0.177,0.207,0.228,0.194,
12/15/2013 6:00 PM,0.179,0.208,0.230,0.196,
12/15/2013 8:00 PM,0.179,0.208,0.231,0.196,
12/15/2013 10:00 PM,0.179,0.208,0.231,0.197,
12/16/2013 12:00 AM,0.178,0.208,0.231,0.196,
12/16/2013 2:00 AM,0.177,0.207,0.230,0.196,
12/16/2013 4:00 AM,0.177,0.207,0.230,0.196,
12/16/2013 6:00 AM,0.177,0.207,0.230,0.196,
12/16/2013 8:00 AM,0.177,0.207,0.229,0.196,
12/16/2013 10:00 AM,0.176,0.205,0.229,0.195,
12/16/2013 12:00 PM,0.173,0.205,0.226,0.193,
12/16/2013 2:00 PM,0.174,0.207,0.227,0.193,
12/16/2013 4:00 PM,0.178,0.207,0.229,0.196,
12/16/2013 6:00 PM,0.181,0.209,0.232,0.197,
12/16/2013 8:00 PM,0.182,0.208,0.232,0.198,
12/16/2013 10:00 PM,0.183,0.208,0.233,0.199,
12/17/2013 12:00 AM,0.183,0.205,0.232,0.198,
12/17/2013 2:00 AM,0.182,0.203,0.230,0.198,
12/17/2013 4:00 AM,0.182,0.201,0.229,0.197,
12/17/2013 6:00 AM,0.182,0.199,0.228,0.196,
12/17/2013 8:00 AM,0.182,0.199,0.228,0.196,
12/17/2013 10:00 AM,0.182,0.198,0.228,0.196,
12/17/2013 12:00 PM,0.182,0.198,0.227,0.195,
12/17/2013 2:00 PM,0.182,0.199,0.227,0.196,
12/17/2013 4:00 PM,0.183,0.202,0.229,0.197,
12/17/2013 6:00 PM,0.185,0.204,0.231,0.198,
12/17/2013 8:00 PM,0.186,0.205,0.232,0.199,
12/17/2013 10:00 PM,0.185,0.205,0.232,0.199,
12/18/2013 12:00 AM,0.185,0.205,0.232,0.199,
12/18/2013 2:00 AM,0.184,0.204,0.231,0.199,
12/18/2013 4:00 AM,0.184,0.204,0.231,0.198,
12/18/2013 6:00 AM,0.183,0.203,0.230,0.198,
12/18/2013 8:00 AM,0.183,0.202,0.230,0.197,
12/18/2013 10:00 AM,0.182,0.201,0.229,0.197,
12/18/2013 12:00 PM,0.181,0.200,0.228,0.196,
12/18/2013 2:00 PM,0.182,0.201,0.228,0.196,
12/18/2013 4:00 PM,0.184,0.205,0.231,0.197,
12/18/2013 6:00 PM,0.185,0.207,0.232,0.198,
12/18/2013 8:00 PM,0.186,0.207,0.233,0.199,
12/18/2013 10:00 PM,0.185,0.207,0.232,0.199,
12/19/2013 12:00 AM,0.185,0.206,0.232,0.198,
12/19/2013 2:00 AM,0.191,0.243,0.246,0.208,
12/19/2013 4:00 AM,0.225,0.265,0.283,0.231,
12/19/2013 6:00 AM,0.252,0.264,0.296,0.248,
12/19/2013 8:00 AM,0.253,0.261,0.296,0.249,
12/19/2013 10:00 AM,0.251,0.260,0.296,0.248,
12/19/2013 12:00 PM,0.250,0.259,0.296,0.247,
12/19/2013 2:00 PM,0.249,0.259,0.296,0.246,
12/19/2013 4:00 PM,0.248,0.258,0.295,0.245,
12/19/2013 6:00 PM,0.248,0.256,0.295,0.243,
12/19/2013 8:00 PM,0.247,0.255,0.294,0.242,
12/19/2013 10:00 PM,0.248,0.256,0.294,0.241,
12/20/2013 12:00 AM,0.247,0.256,0.294,0.240,
12/20/2013 2:00 AM,0.247,0.255,0.294,0.238,
12/20/2013 4:00 AM,0.247,0.255,0.294,0.236,
12/20/2013 6:00 AM,0.247,0.255,0.294,0.234,
12/20/2013 8:00 AM,0.246,0.254,0.294,0.232,
12/20/2013 10:00 AM,0.244,0.254,0.293,0.230,
12/20/2013 12:00 PM,0.243,0.256,0.293,0.229,
12/20/2013 2:00 PM,0.241,0.256,0.293,0.228,
12/20/2013 4:00 PM,0.240,0.256,0.293,0.229,
12/20/2013 6:00 PM,0.239,0.257,0.292,0.229,
12/20/2013 8:00 PM,0.238,0.257,0.290,0.229,
12/20/2013 10:00 PM,0.237,0.256,0.289,0.228,
12/21/2013 12:00 AM,0.236,0.256,0.287,0.228,
12/21/2013 2:00 AM,0.236,0.255,0.285,0.228,
12/21/2013 4:00 AM,0.235,0.254,0.283,0.228,
12/21/2013 6:00 AM,0.234,0.254,0.281,0.227,
12/21/2013 8:00 AM,0.234,0.253,0.279,0.227,
12/21/2013 10:00 AM,0.234,0.253,0.278,0.227,
12/21/2013 12:00 PM,0.234,0.253,0.277,0.228,
12/21/2013 2:00 PM,0.235,0.254,0.276,0.228,
12/21/2013 4:00 PM,0.235,0.254,0.276,0.228,
12/21/2013 6:00 PM,0.236,0.254,0.276,0.229,
12/21/2013 8:00 PM,0.236,0.253,0.276,0.228,
12/21/2013 10:00 PM,0.236,0.253,0.275,0.228,
12/22/2013 12:00 AM,0.235,0.252,0.273,0.228,
12/22/2013 2:00 AM,0.234,0.251,0.272,0.227,
12/22/2013 4:00 AM,0.233,0.250,0.271,0.227,
12/22/2013 6:00 AM,0.233,0.250,0.270,0.227,
12/22/2013 8:00 AM,0.233,0.250,0.269,0.227,
12/22/2013 10:00 AM,0.233,0.250,0.269,0.227,
12/22/2013 12:00 PM,0.233,0.250,0.268,0.227,
12/22/2013 2:00 PM,0.234,0.250,0.269,0.226,
12/22/2013 4:00 PM,0.238,0.251,0.271,0.227,
12/22/2013 6:00 PM,0.239,0.251,0.271,0.227,
12/22/2013 8:00 PM,0.238,0.249,0.271,0.228,
12/22/2013 10:00 PM,0.238,0.251,0.271,0.229,
12/23/2013 12:00 AM,0.238,0.252,0.272,0.230,
12/23/2013 2:00 AM,0.239,0.252,0.272,0.230,
12/23/2013 4:00 AM,0.239,0.251,0.272,0.230,
12/23/2013 6:00 AM,0.239,0.251,0.271,0.230,
12/23/2013 8:00 AM,0.239,0.251,0.271,0.229,
12/23/2013 10:00 AM,0.238,0.251,0.271,0.229,
12/23/2013 12:00 PM,0.238,0.251,0.271,0.229,
12/23/2013 2:00 PM,0.239,0.253,0.272,0.230,
12/23/2013 4:00 PM,0.240,0.254,0.273,0.231,
12/23/2013 6:00 PM,0.241,0.255,0.275,0.232,
12/23/2013 8:00 PM,0.242,0.255,0.277,0.232,
12/23/2013 10:00 PM,0.243,0.255,0.278,0.233,
12/24/2013 12:00 AM,0.243,0.255,0.280,0.233,
12/24/2013 2:00 AM,0.244,0.256,0.281,0.234,
12/24/2013 4:00 AM,0.244,0.256,0.282,0.234,
12/24/2013 6:00 AM,0.244,0.256,0.282,0.234,
12/24/2013 8:00 AM,0.244,0.256,0.283,0.234,
12/24/2013 10:00 AM,0.244,0.256,0.282,0.233,
12/24/2013 12:00 PM,0.244,0.255,0.282,0.234,
12/24/2013 2:00 PM,0.245,0.256,0.283,0.234,
12/24/2013 4:00 PM,0.245,0.256,0.284,0.237,
12/24/2013 6:00 PM,0.246,0.257,0.284,0.238,
12/24/2013 8:00 PM,0.246,0.256,0.284,0.237,
12/24/2013 10:00 PM,0.245,0.256,0.283,0.236,
12/25/2013 12:00 AM,0.245,0.255,0.281,0.234,
12/25/2013 2:00 AM,0.242,0.253,0.278,0.232,
12/25/2013 4:00 AM,0.240,0.252,0.276,0.230,
12/25/2013 6:00 AM,0.236,0.251,0.272,0.228,
12/25/2013 8:00 AM,0.233,0.250,0.269,0.226,
12/25/2013 10:00 AM,0.230,0.248,0.266,0.225,
12/25/2013 12:00 PM,0.227,0.247,0.264,0.224,
12/25/2013 2:00 PM,0.225,0.247,0.263,0.224,
12/25/2013 4:00 PM,0.227,0.247,0.264,0.225,
12/25/2013 6:00 PM,0.228,0.248,0.265,0.226,
12/25/2013 8:00 PM,0.228,0.247,0.265,0.226,
12/25/2013 10:00 PM,0.227,0.247,0.264,0.225,
12/26/2013 12:00 AM,0.225,0.246,0.263,0.224,
12/26/2013 2:00 AM,0.224,0.245,0.261,0.223,
12/26/2013 4:00 AM,0.221,0.244,0.260,0.222,
12/26/2013 6:00 AM,0.220,0.243,0.258,0.222,
12/26/2013 8:00 AM,0.218,0.242,0.257,0.221,
12/26/2013 10:00 AM,0.217,0.241,0.256,0.220,
12/26/2013 12:00 PM,0.216,0.240,0.254,0.219,
12/26/2013 2:00 PM,0.215,0.239,0.254,0.219,
12/26/2013 4:00 PM,0.216,0.241,0.255,0.220,
12/26/2013 6:00 PM,0.218,0.241,0.256,0.221,
12/26/2013 8:00 PM,0.218,0.241,0.256,0.220,
12/26/2013 10:00 PM,0.217,0.240,0.256,0.220,
12/27/2013 12:00 AM,0.216,0.240,0.255,0.220,
12/27/2013 2:00 AM,0.215,0.240,0.254,0.219,
12/27/2013 4:00 AM,0.214,0.239,0.254,0.219,
12/27/2013 6:00 AM,0.213,0.238,0.253,0.218,
12/27/2013 8:00 AM,0.213,0.237,0.252,0.218,
12/27/2013 10:00 AM,0.212,0.236,0.251,0.217,
12/27/2013 12:00 PM,0.212,0.233,0.250,0.216,
12/27/2013 2:00 PM,0.212,0.235,0.251,0.217,
12/27/2013 4:00 PM,0.212,0.237,0.251,0.217,
12/27/2013 6:00 PM,0.213,0.237,0.252,0.218,
12/27/2013 8:00 PM,0.213,0.237,0.252,0.218,
12/27/2013 10:00 PM,0.212,0.237,0.252,0.218,
12/28/2013 12:00 AM,0.212,0.237,0.251,0.217,
12/28/2013 2:00 AM,0.212,0.236,0.251,0.217,
12/28/2013 4:00 AM,0.212,0.236,0.251,0.217,
12/28/2013 6:00 AM,0.211,0.235,0.251,0.217,
12/28/2013 8:00 AM,0.211,0.235,0.250,0.217,
12/28/2013 10:00 AM,0.211,0.234,0.250,0.216,
12/28/2013 12:00 PM,0.211,0.234,0.250,0.216,
12/28/2013 2:00 PM,0.211,0.236,0.251,0.217,
12/28/2013 4:00 PM,0.212,0.236,0.251,0.218,
12/28/2013 6:00 PM,0.213,0.237,0.252,0.218,
12/28/2013 8:00 PM,0.212,0.237,0.252,0.218,
12/28/2013 10:00 PM,0.212,0.236,0.252,0.218,
12/29/2013 12:00 AM,0.211,0.236,0.251,0.217,
12/29/2013 2:00 AM,0.210,0.235,0.250,0.216,
12/29/2013 4:00 AM,0.209,0.234,0.250,0.216,
12/29/2013 6:00 AM,0.208,0.234,0.249,0.215,
12/29/2013 8:00 AM,0.208,0.233,0.248,0.215,
12/29/2013 10:00 AM,0.207,0.233,0.248,0.214,
12/29/2013 12:00 PM,0.207,0.233,0.247,0.214,
12/29/2013 2:00 PM,0.207,0.233,0.248,0.214,
12/29/2013 4:00 PM,0.208,0.233,0.248,0.215,
12/29/2013 6:00 PM,0.209,0.234,0.249,0.216,
12/29/2013 8:00 PM,0.209,0.234,0.249,0.216,
12/29/2013 10:00 PM,0.209,0.233,0.249,0.216,
12/30/2013 12:00 AM,0.208,0.233,0.249,0.215,
12/30/2013 2:00 AM,0.208,0.233,0.248,0.215,
12/30/2013 4:00 AM,0.207,0.233,0.248,0.215,
12/30/2013 6:00 AM,0.207,0.233,0.248,0.215,
12/30/2013 8:00 AM,0.207,0.232,0.247,0.215,
12/30/2013 10:00 AM,0.207,0.232,0.247,0.215,
12/30/2013 12:00 PM,0.207,0.232,0.247,0.214,
12/30/2013 2:00 PM,0.207,0.233,0.248,0.214,
12/30/2013 4:00 PM,0.208,0.233,0.248,0.216,
12/30/2013 6:00 PM,0.209,0.233,0.249,0.216,
12/30/2013 8:00 PM,0.209,0.233,0.250,0.216,
12/30/2013 10:00 PM,0.209,0.233,0.249,0.216,
12/31/2013 12:00 AM,0.209,0.233,0.249,0.216,
12/31/2013 2:00 AM,0.208,0.233,0.249,0.216,
12/31/2013 4:00 AM,0.208,0.233,0.248,0.215,
12/31/2013 6:00 AM,0.208,0.233,0.249,0.215,
12/31/2013 8:00 AM,0.208,0.233,0.249,0.215,
12/31/2013 10:00 AM,0.208,0.233,0.248,0.215,
12/31/2013 12:00 PM,0.208,0.233,0.249,0.215,
12/31/2013 2:00 PM,0.208,0.233,0.249,0.216,
12/31/2013 4:00 PM,0.209,0.234,0.249,0.216,
12/31/2013 6:00 PM,0.210,0.234,0.250,0.217,
12/31/2013 8:00 PM,0.210,0.234,0.251,0.217,
12/31/2013 10:00 PM,0.210,0.234,0.251,0.217,
1/1/2014 12:00 AM,0.210,0.234,0.251,0.217,
1/1/2014 2:00 AM,0.210,0.234,0.251,0.217,
1/1/2014 4:00 AM,0.210,0.234,0.250,0.217,
1/1/2014 6:00 AM,0.210,0.234,0.250,0.217,
1/1/2014 8:00 AM,0.209,0.233,0.250,0.216,
1/1/2014 10:00 AM,0.209,0.233,0.249,0.216,
1/1/2014 12:00 PM,0.209,0.233,0.249,0.216,
1/1/2014 2:00 PM,0.209,0.233,0.249,0.216,
1/1/2014 4:00 PM,0.210,0.234,0.250,0.217,
1/1/2014 6:00 PM,0.211,0.235,0.251,0.218,
1/1/2014 8:00 PM,0.211,0.235,0.251,0.218,
1/1/2014 10:00 PM,0.211,0.234,0.251,0.218,
1/2/2014 12:00 AM,0.210,0.234,0.250,0.217,
1/2/2014 2:00 AM,0.209,0.233,0.250,0.217,
1/2/2014 4:00 AM,0.209,0.233,0.250,0.216,
1/2/2014 6:00 AM,0.209,0.233,0.249,0.216,
1/2/2014 8:00 AM,0.209,0.233,0.249,0.216,
1/2/2014 10:00 AM,0.209,0.233,0.249,0.216,
1/2/2014 12:00 PM,0.208,0.233,0.249,0.216,
1/2/2014 2:00 PM,0.209,0.233,0.249,0.216,
1/2/2014 4:00 PM,0.210,0.234,0.250,0.217,
1/2/2014 6:00 PM,0.211,0.234,0.251,0.218,
1/2/2014 8:00 PM,0.211,0.234,0.251,0.218,
1/2/2014 10:00 PM,0.210,0.234,0.250,0.217,
1/3/2014 12:00 AM,0.210,0.233,0.250,0.217,
1/3/2014 2:00 AM,0.209,0.233,0.249,0.216,
1/3/2014 4:00 AM,0.209,0.233,0.249,0.216,
1/3/2014 6:00 AM,0.209,0.233,0.248,0.216,
1/3/2014 8:00 AM,0.209,0.232,0.248,0.215,
1/3/2014 10:00 AM,0.209,0.231,0.247,0.215,
1/3/2014 12:00 PM,0.209,0.231,0.247,0.215,
1/3/2014 2:00 PM,0.209,0.231,0.247,0.215,
1/3/2014 4:00 PM,0.209,0.232,0.248,0.216,
1/3/2014 6:00 PM,0.209,0.233,0.249,0.216,
1/3/2014 8:00 PM,0.210,0.233,0.250,0.216,
1/3/2014 10:00 PM,0.210,0.233,0.249,0.216,
1/4/2014 12:00 AM,0.209,0.233,0.249,0.216,
1/4/2014 2:00 AM,0.209,0.232,0.249,0.216,
1/4/2014 4:00 AM,0.209,0.233,0.249,0.216,
1/4/2014 6:00 AM,0.209,0.234,0.249,0.216,
1/4/2014 8:00 AM,0.209,0.234,0.249,0.216,
1/4/2014 10:00 AM,0.209,0.233,0.249,0.216,
1/4/2014 12:00 PM,0.209,0.233,0.249,0.216,
1/4/2014 2:00 PM,0.209,0.233,0.249,0.216,
1/4/2014 4:00 PM,0.209,0.234,0.249,0.216,
1/4/2014 6:00 PM,0.210,0.234,0.250,0.216,
1/4/2014 8:00 PM,0.210,0.234,0.249,0.216,
1/4/2014 10:00 PM,0.210,0.234,0.249,0.216,
1/5/2014 12:00 AM,0.209,0.234,0.249,0.216,
1/5/2014 2:00 AM,0.208,0.233,0.248,0.215,
1/5/2014 4:00 AM,0.208,0.233,0.248,0.215,
1/5/2014 6:00 AM,0.207,0.233,0.247,0.214,
1/5/2014 8:00 AM,0.207,0.233,0.247,0.214,
1/5/2014 10:00 AM,0.206,0.232,0.246,0.213,
1/5/2014 12:00 PM,0.206,0.232,0.246,0.213,
1/5/2014 2:00 PM,0.206,0.232,0.246,0.213,
1/5/2014 4:00 PM,0.207,0.232,0.247,0.214,
1/5/2014 6:00 PM,0.208,0.233,0.248,0.215,
1/5/2014 8:00 PM,0.208,0.233,0.247,0.215,
1/5/2014 10:00 PM,0.207,0.232,0.247,0.214,
1/6/2014 12:00 AM,0.206,0.233,0.247,0.214,
1/6/2014 2:00 AM,0.205,0.232,0.246,0.214,
1/6/2014 4:00 AM,0.205,0.232,0.245,0.213,
1/6/2014 6:00 AM,0.204,0.231,0.245,0.213,
1/6/2014 8:00 AM,0.204,0.231,0.245,0.212,
1/6/2014 10:00 AM,0.203,0.231,0.244,0.212,
1/6/2014 12:00 PM,0.203,0.230,0.244,0.212,
1/6/2014 2:00 PM,0.204,0.231,0.244,0.212,
1/6/2014 4:00 PM,0.205,0.231,0.245,0.213,
1/6/2014 6:00 PM,0.206,0.232,0.245,0.214,
1/6/2014 8:00 PM,0.206,0.232,0.245,0.213,
1/6/2014 10:00 PM,0.205,0.231,0.245,0.213,
1/7/2014 12:00 AM,0.205,0.231,0.245,0.213,
1/7/2014 2:00 AM,0.204,0.231,0.245,0.212,
1/7/2014 4:00 AM,0.204,0.231,0.245,0.212,
1/7/2014 6:00 AM,0.204,0.231,0.245,0.212,
1/7/2014 8:00 AM,0.204,0.231,0.245,0.212,
1/7/2014 10:00 AM,0.204,0.231,0.245,0.212,
1/7/2014 12:00 PM,0.205,0.231,0.245,0.212,
1/7/2014 2:00 PM,0.205,0.231,0.245,0.213,
1/7/2014 4:00 PM,0.206,0.232,0.246,0.214,
1/7/2014 6:00 PM,0.207,0.232,0.247,0.214,
1/7/2014 8:00 PM,0.207,0.232,0.247,0.214,
1/7/2014 10:00 PM,0.207,0.232,0.247,0.214,
1/8/2014 12:00 AM,0.207,0.232,0.247,0.214,
1/8/2014 2:00 AM,0.207,0.232,0.247,0.214,
1/8/2014 4:00 AM,0.207,0.232,0.247,0.215,
1/8/2014 6:00 AM,0.208,0.232,0.247,0.215,
1/8/2014 8:00 AM,0.209,0.231,0.247,0.215,
1/8/2014 10:00 AM,0.209,0.231,0.247,0.215,
1/8/2014 12:00 PM,0.209,0.230,0.247,0.215,
1/8/2014 2:00 PM,0.210,0.230,0.247,0.216,
1/8/2014 4:00 PM,0.211,0.233,0.249,0.217,
1/8/2014 6:00 PM,0.209,0.234,0.249,0.217,
1/8/2014 8:00 PM,0.210,0.233,0.249,0.217,
1/8/2014 10:00 PM,0.210,0.233,0.249,0.217,
1/9/2014 12:00 AM,0.211,0.232,0.249,0.216,
1/9/2014 2:00 AM,0.210,0.232,0.249,0.216,
1/9/2014 4:00 AM,0.211,0.232,0.248,0.216,
1/9/2014 6:00 AM,0.211,0.232,0.248,0.216,
1/9/2014 8:00 AM,0.211,0.232,0.248,0.216,
1/9/2014 10:00 AM,0.211,0.233,0.248,0.216,
1/9/2014 12:00 PM,0.211,0.233,0.248,0.216,
1/9/2014 2:00 PM,0.213,0.234,0.249,0.216,
1/9/2014 4:00 PM,0.211,0.232,0.249,0.217,
1/9/2014 6:00 PM,0.211,0.234,0.251,0.218,
1/9/2014 8:00 PM,0.211,0.235,0.251,0.218,
1/9/2014 10:00 PM,0.211,0.235,0.251,0.218,
1/10/2014 12:00 AM,0.211,0.235,0.251,0.218,
1/10/2014 2:00 AM,0.211,0.234,0.251,0.218,
1/10/2014 4:00 AM,0.211,0.234,0.251,0.218,
1/10/2014 6:00 AM,0.211,0.234,0.251,0.218,
1/10/2014 8:00 AM,0.212,0.234,0.251,0.218,
1/10/2014 10:00 AM,0.212,0.235,0.251,0.219,
1/10/2014 12:00 PM,0.212,0.235,0.251,0.219,
1/10/2014 2:00 PM,0.213,0.235,0.252,0.219,
1/10/2014 4:00 PM,0.214,0.236,0.253,0.220,
1/10/2014 6:00 PM,0.215,0.237,0.254,0.221,
1/10/2014 8:00 PM,0.216,0.237,0.255,0.222,
1/10/2014 10:00 PM,0.216,0.238,0.256,0.222,
1/11/2014 12:00 AM,0.217,0.238,0.256,0.222,
1/11/2014 2:00 AM,0.217,0.238,0.257,0.222,
1/11/2014 4:00 AM,0.217,0.237,0.257,0.223,
1/11/2014 6:00 AM,0.217,0.237,0.257,0.223,
1/11/2014 8:00 AM,0.216,0.237,0.257,0.222,
1/11/2014 10:00 AM,0.216,0.237,0.256,0.222,
1/11/2014 12:00 PM,0.216,0.238,0.256,0.222,
1/11/2014 2:00 PM,0.217,0.238,0.257,0.222,
1/11/2014 4:00 PM,0.218,0.239,0.257,0.223,
1/11/2014 6:00 PM,0.219,0.239,0.258,0.224,
1/11/2014 8:00 PM,0.219,0.239,0.259,0.224,
1/11/2014 10:00 PM,0.220,0.240,0.260,0.225,
1/12/2014 12:00 AM,0.220,0.240,0.260,0.225,
1/12/2014 2:00 AM,0.220,0.240,0.261,0.225,
1/12/2014 4:00 AM,0.221,0.241,0.261,0.225,
1/12/2014 6:00 AM,0.221,0.241,0.263,0.225,
1/12/2014 8:00 AM,0.222,0.241,0.263,0.226,
1/12/2014 10:00 AM,0.222,0.241,0.263,0.226,
1/12/2014 12:00 PM,0.222,0.242,0.263,0.226,
1/12/2014 2:00 PM,0.224,0.243,0.264,0.227,
1/12/2014 4:00 PM,0.225,0.244,0.266,0.228,
1/12/2014 6:00 PM,0.227,0.245,0.267,0.230,
1/12/2014 8:00 PM,0.228,0.245,0.268,0.231,
1/12/2014 10:00 PM,0.229,0.245,0.269,0.231,
1/13/2014 12:00 AM,0.229,0.245,0.269,0.231,
1/13/2014 2:00 AM,0.228,0.245,0.269,0.231,
1/13/2014 4:00 AM,0.228,0.245,0.269,0.231,
1/13/2014 6:00 AM,0.228,0.245,0.269,0.231,
1/13/2014 8:00 AM,0.228,0.245,0.269,0.231,
1/13/2014 10:00 AM,0.229,0.245,0.269,0.231,
1/13/2014 12:00 PM,0.229,0.245,0.269,0.231,
1/13/2014 2:00 PM,0.232,0.247,0.271,0.233,
1/13/2014 4:00 PM,0.234,0.247,0.273,0.239,
1/13/2014 6:00 PM,0.237,0.248,0.276,0.245,
1/13/2014 8:00 PM,0.240,0.250,0.277,0.245,
1/13/2014 10:00 PM,0.242,0.251,0.279,0.245,
1/14/2014 12:00 AM,0.244,0.251,0.281,0.246,
1/14/2014 2:00 AM,0.245,0.252,0.282,0.246,
1/14/2014 4:00 AM,0.246,0.253,0.283,0.246,
1/14/2014 6:00 AM,0.246,0.254,0.283,0.245,
1/14/2014 8:00 AM,0.245,0.255,0.282,0.244,
1/14/2014 10:00 AM,0.244,0.256,0.281,0.242,
1/14/2014 12:00 PM,0.242,0.257,0.280,0.241,
1/14/2014 2:00 PM,0.242,0.258,0.281,0.243,
1/14/2014 4:00 PM,0.245,0.258,0.283,0.247,
1/14/2014 6:00 PM,0.246,0.258,0.285,0.251,
1/14/2014 8:00 PM,0.247,0.259,0.286,0.250,
1/14/2014 10:00 PM,0.248,0.260,0.287,0.250,
1/15/2014 12:00 AM,0.248,0.260,0.287,0.249,
1/15/2014 2:00 AM,0.248,0.260,0.287,0.247,
1/15/2014 4:00 AM,0.246,0.258,0.285,0.245,
1/15/2014 6:00 AM,0.244,0.256,0.283,0.243,
1/15/2014 8:00 AM,0.240,0.252,0.280,0.240,
1/15/2014 10:00 AM,0.237,0.250,0.277,0.237,
1/15/2014 12:00 PM,0.233,0.251,0.275,0.235,
1/15/2014 2:00 PM,0.233,0.253,0.276,0.238,
1/15/2014 4:00 PM,0.237,0.256,0.278,0.244,
1/15/2014 6:00 PM,0.240,0.258,0.281,0.248,
1/15/2014 8:00 PM,0.242,0.258,0.280,0.247,
1/15/2014 10:00 PM,0.242,0.256,0.279,0.246,
1/16/2014 12:00 AM,0.241,0.254,0.277,0.244,
1/16/2014 2:00 AM,0.239,0.252,0.274,0.241,
1/16/2014 4:00 AM,0.235,0.249,0.271,0.238,
1/16/2014 6:00 AM,0.230,0.247,0.268,0.234,
1/16/2014 8:00 AM,0.226,0.244,0.265,0.231,
1/16/2014 10:00 AM,0.223,0.242,0.262,0.228,
1/16/2014 12:00 PM,0.221,0.243,0.261,0.227,
1/16/2014 2:00 PM,0.222,0.247,0.263,0.229,
1/16/2014 4:00 PM,0.226,0.250,0.266,0.235,
1/16/2014 6:00 PM,0.230,0.253,0.268,0.239,
1/16/2014 8:00 PM,0.232,0.253,0.269,0.240,
1/16/2014 10:00 PM,0.232,0.251,0.267,0.238,
1/17/2014 12:00 AM,0.229,0.248,0.265,0.235,
1/17/2014 2:00 AM,0.225,0.246,0.263,0.232,
1/17/2014 4:00 AM,0.222,0.243,0.261,0.228,
1/17/2014 6:00 AM,0.219,0.240,0.258,0.225,
1/17/2014 8:00 AM,0.217,0.238,0.256,0.223,
1/17/2014 10:00 AM,0.215,0.236,0.254,0.221,
1/17/2014 12:00 PM,0.214,0.237,0.254,0.220,
1/17/2014 2:00 PM,0.215,0.243,0.256,0.224,
1/17/2014 4:00 PM,0.219,0.246,0.258,0.229,
1/17/2014 6:00 PM,0.223,0.249,0.260,0.233,
1/17/2014 8:00 PM,0.224,0.248,0.261,0.233,
1/17/2014 10:00 PM,0.222,0.245,0.260,0.231,
1/18/2014 12:00 AM,0.220,0.243,0.258,0.227,
1/18/2014 2:00 AM,0.217,0.241,0.256,0.225,
1/18/2014 4:00 AM,0.215,0.239,0.255,0.222,
1/18/2014 6:00 AM,0.213,0.237,0.253,0.221,
1/18/2014 8:00 AM,0.212,0.235,0.252,0.219,
1/18/2014 10:00 AM,0.212,0.233,0.251,0.218,
1/18/2014 12:00 PM,0.211,0.234,0.251,0.217,
1/18/2014 2:00 PM,0.212,0.240,0.252,0.220,
1/18/2014 4:00 PM,0.215,0.243,0.254,0.225,
1/18/2014 6:00 PM,0.218,0.245,0.256,0.229,
1/18/2014 8:00 PM,0.218,0.244,0.256,0.229,
1/18/2014 10:00 PM,0.217,0.241,0.255,0.226,
1/19/2014 12:00 AM,0.215,0.240,0.254,0.223,
1/19/2014 2:00 AM,0.213,0.238,0.253,0.221,
1/19/2014 4:00 AM,0.212,0.235,0.251,0.219,
1/19/2014 6:00 AM,0.211,0.234,0.250,0.218,
1/19/2014 8:00 AM,0.211,0.232,0.249,0.216,
1/19/2014 10:00 AM,0.211,0.231,0.248,0.215,
1/19/2014 12:00 PM,0.211,0.231,0.248,0.215,
1/19/2014 2:00 PM,0.212,0.232,0.249,0.217,
1/19/2014 4:00 PM,0.213,0.235,0.251,0.220,
1/19/2014 6:00 PM,0.215,0.237,0.253,0.222,
1/19/2014 8:00 PM,0.215,0.236,0.253,0.221,
1/19/2014 10:00 PM,0.215,0.235,0.253,0.220,
1/20/2014 12:00 AM,0.213,0.233,0.251,0.218,
1/20/2014 2:00 AM,0.212,0.232,0.251,0.217,
1/20/2014 4:00 AM,0.212,0.230,0.249,0.215,
1/20/2014 6:00 AM,0.211,0.229,0.248,0.214,
1/20/2014 8:00 AM,0.210,0.228,0.247,0.213,
1/20/2014 10:00 AM,0.211,0.228,0.247,0.213,
1/20/2014 12:00 PM,0.211,0.228,0.247,0.212,
1/20/2014 2:00 PM,0.211,0.231,0.248,0.214,
1/20/2014 4:00 PM,0.213,0.233,0.250,0.218,
1/20/2014 6:00 PM,0.214,0.237,0.252,0.221,
1/20/2014 8:00 PM,0.214,0.236,0.252,0.220,
1/20/2014 10:00 PM,0.214,0.234,0.251,0.218,
1/21/2014 12:00 AM,0.212,0.233,0.251,0.217,
1/21/2014 2:00 AM,0.211,0.231,0.249,0.215,
1/21/2014 4:00 AM,0.210,0.229,0.248,0.213,
1/21/2014 6:00 AM,0.209,0.227,0.247,0.212,
1/21/2014 8:00 AM,0.209,0.226,0.245,0.212,
1/21/2014 10:00 AM,0.208,0.225,0.245,0.211,
1/21/2014 12:00 PM,0.208,0.226,0.245,0.211,
1/21/2014 2:00 PM,0.208,0.227,0.245,0.212,
1/21/2014 4:00 PM,0.209,0.230,0.247,0.214,
1/21/2014 6:00 PM,0.211,0.233,0.249,0.216,
1/21/2014 8:00 PM,0.211,0.232,0.249,0.216,
1/21/2014 10:00 PM,0.210,0.231,0.248,0.215,
1/22/2014 12:00 AM,0.209,0.230,0.248,0.213,
1/22/2014 2:00 AM,0.208,0.228,0.247,0.212,
1/22/2014 4:00 AM,0.207,0.227,0.246,0.212,
1/22/2014 6:00 AM,0.207,0.226,0.245,0.211,
1/22/2014 8:00 AM,0.206,0.225,0.244,0.210,
1/22/2014 10:00 AM,0.206,0.224,0.244,0.209,
1/22/2014 12:00 PM,0.207,0.225,0.244,0.209,
1/22/2014 2:00 PM,0.207,0.226,0.245,0.210,
1/22/2014 4:00 PM,0.208,0.227,0.246,0.212,
1/22/2014 6:00 PM,0.209,0.229,0.248,0.213,
1/22/2014 8:00 PM,0.210,0.229,0.248,0.213,
1/22/2014 10:00 PM,0.210,0.228,0.247,0.213,
1/23/2014 12:00 AM,0.209,0.228,0.247,0.212,
1/23/2014 2:00 AM,0.209,0.227,0.246,0.212,
1/23/2014 4:00 AM,0.208,0.226,0.246,0.211,
1/23/2014 6:00 AM,0.207,0.226,0.246,0.211,
1/23/2014 8:00 AM,0.207,0.227,0.246,0.211,
1/23/2014 10:00 AM,0.207,0.227,0.246,0.211,
1/23/2014 12:00 PM,0.207,0.230,0.247,0.212,
1/23/2014 2:00 PM,0.208,0.233,0.248,0.213,
1/23/2014 4:00 PM,0.210,0.236,0.250,0.219,
1/23/2014 6:00 PM,0.213,0.239,0.251,0.224,
1/23/2014 8:00 PM,0.213,0.240,0.252,0.224,
1/23/2014 10:00 PM,0.212,0.237,0.251,0.220,
1/24/2014 12:00 AM,0.210,0.235,0.250,0.217,
1/24/2014 2:00 AM,0.208,0.233,0.249,0.215,
1/24/2014 4:00 AM,0.207,0.230,0.247,0.213,
1/24/2014 6:00 AM,0.205,0.228,0.246,0.212,
1/24/2014 8:00 AM,0.204,0.227,0.245,0.211,
1/24/2014 10:00 AM,0.204,0.226,0.244,0.209,
1/24/2014 12:00 PM,0.203,0.228,0.245,0.209,
1/24/2014 2:00 PM,0.204,0.232,0.245,0.212,
1/24/2014 4:00 PM,0.207,0.235,0.247,0.219,
1/24/2014 6:00 PM,0.209,0.238,0.248,0.224,
1/24/2014 8:00 PM,0.210,0.236,0.248,0.222,
1/24/2014 10:00 PM,0.209,0.233,0.247,0.218,
1/25/2014 12:00 AM,0.207,0.231,0.246,0.216,
1/25/2014 2:00 AM,0.206,0.230,0.245,0.214,
1/25/2014 4:00 AM,0.205,0.228,0.245,0.212,
1/25/2014 6:00 AM,0.204,0.228,0.245,0.212,
1/25/2014 8:00 AM,0.203,0.227,0.244,0.211,
1/25/2014 10:00 AM,0.203,0.225,0.243,0.209,
1/25/2014 12:00 PM,0.202,0.226,0.243,0.209,
1/25/2014 2:00 PM,0.203,0.232,0.244,0.212,
1/25/2014 4:00 PM,0.206,0.234,0.245,0.219,
1/25/2014 6:00 PM,0.208,0.237,0.247,0.224,
1/25/2014 8:00 PM,0.208,0.236,0.248,0.222,
1/25/2014 10:00 PM,0.208,0.233,0.247,0.218,
1/26/2014 12:00 AM,0.206,0.231,0.246,0.216,
1/26/2014 2:00 AM,0.205,0.230,0.245,0.214,
1/26/2014 4:00 AM,0.205,0.228,0.245,0.212,
1/26/2014 6:00 AM,0.204,0.227,0.244,0.212,
1/26/2014 8:00 AM,0.203,0.226,0.243,0.211,
1/26/2014 10:00 AM,0.203,0.225,0.243,0.210,
1/26/2014 12:00 PM,0.202,0.227,0.243,0.209,
1/26/2014 2:00 PM,0.203,0.233,0.245,0.213,
1/26/2014 4:00 PM,0.205,0.234,0.246,0.220,
1/26/2014 6:00 PM,0.208,0.237,0.247,0.225,
1/26/2014 8:00 PM,0.208,0.236,0.248,0.223,
1/26/2014 10:00 PM,0.208,0.233,0.247,0.219,
1/27/2014 12:00 AM,0.207,0.231,0.246,0.216,
1/27/2014 2:00 AM,0.206,0.230,0.245,0.215,
1/27/2014 4:00 AM,0.205,0.228,0.245,0.213,
1/27/2014 6:00 AM,0.204,0.228,0.245,0.212,
1/27/2014 8:00 AM,0.204,0.227,0.244,0.212,
1/27/2014 10:00 AM,0.203,0.226,0.244,0.211,
1/27/2014 12:00 PM,0.203,0.229,0.245,0.211,
1/27/2014 2:00 PM,0.205,0.233,0.245,0.215,
1/27/2014 4:00 PM,0.207,0.236,0.247,0.223,
1/27/2014 6:00 PM,0.210,0.238,0.249,0.227,
1/27/2014 8:00 PM,0.210,0.239,0.250,0.226,
1/27/2014 10:00 PM,0.210,0.237,0.249,0.224,
1/28/2014 12:00 AM,0.209,0.237,0.249,0.221,
1/28/2014 2:00 AM,0.209,0.236,0.249,0.219,
1/28/2014 4:00 AM,0.208,0.235,0.249,0.218,
1/28/2014 6:00 AM,0.208,0.234,0.249,0.217,
1/28/2014 8:00 AM,0.207,0.233,0.248,0.216,
1/28/2014 10:00 AM,0.207,0.233,0.248,0.215,
1/28/2014 12:00 PM,0.207,0.233,0.248,0.215,
1/28/2014 2:00 PM,0.208,0.237,0.248,0.220,
1/28/2014 4:00 PM,0.211,0.240,0.250,0.228,
1/28/2014 6:00 PM,0.213,0.243,0.252,0.234,
1/28/2014 8:00 PM,0.214,0.244,0.253,0.232,
1/28/2014 10:00 PM,0.213,0.243,0.253,0.230,
1/29/2014 12:00 AM,0.213,0.241,0.253,0.228,
1/29/2014 2:00 AM,0.213,0.241,0.253,0.226,
1/29/2014 4:00 AM,0.213,0.240,0.253,0.225,
1/29/2014 6:00 AM,0.213,0.240,0.253,0.225,
1/29/2014 8:00 AM,0.213,0.239,0.253,0.224,
1/29/2014 10:00 AM,0.213,0.239,0.254,0.224,
1/29/2014 12:00 PM,0.213,0.238,0.253,0.225,
1/29/2014 2:00 PM,0.215,0.241,0.256,0.228,
1/29/2014 4:00 PM,0.217,0.245,0.258,0.233,
1/29/2014 6:00 PM,0.219,0.246,0.260,0.237,
1/29/2014 8:00 PM,0.221,0.247,0.261,0.237,
1/29/2014 10:00 PM,0.224,0.248,0.265,0.240,
1/30/2014 12:00 AM,0.227,0.252,0.267,0.241,
1/30/2014 2:00 AM,0.233,0.252,0.268,0.240,
1/30/2014 4:00 AM,0.238,0.253,0.271,0.241,
1/30/2014 6:00 AM,0.241,0.254,0.272,0.241,
1/30/2014 8:00 AM,0.244,0.255,0.273,0.242,
1/30/2014 10:00 AM,0.246,0.255,0.275,0.243,
1/30/2014 12:00 PM,0.248,0.256,0.277,0.244,
1/30/2014 2:00 PM,0.250,0.259,0.278,0.246,
1/30/2014 4:00 PM,0.252,0.261,0.280,0.251,
1/30/2014 6:00 PM,0.254,0.260,0.282,0.254,
1/30/2014 8:00 PM,0.256,0.257,0.283,0.253,
1/30/2014 10:00 PM,0.257,0.256,0.284,0.250,
1/31/2014 12:00 AM,0.259,0.257,0.285,0.245,
1/31/2014 2:00 AM,0.259,0.258,0.285,0.240,
1/31/2014 4:00 AM,0.258,0.256,0.284,0.236,
1/31/2014 6:00 AM,0.257,0.253,0.282,0.232,
1/31/2014 8:00 AM,0.257,0.251,0.281,0.231,
1/31/2014 10:00 AM,0.257,0.250,0.280,0.231,
1/31/2014 12:00 PM,0.257,0.251,0.280,0.234,
1/31/2014 2:00 PM,0.259,0.255,0.283,0.242,
1/31/2014 4:00 PM,0.261,0.259,0.285,0.251,
1/31/2014 6:00 PM,0.262,0.261,0.286,0.254,
1/31/2014 8:00 PM,0.263,0.262,0.288,0.253,
1/31/2014 10:00 PM,0.263,0.262,0.289,0.251,
2/1/2014 12:00 AM,0.262,0.262,0.288,0.249,
2/1/2014 2:00 AM,0.261,0.261,0.286,0.245,
2/1/2014 4:00 AM,0.259,0.257,0.284,0.240,
2/1/2014 6:00 AM,0.258,0.253,0.280,0.233,
2/1/2014 8:00 AM,0.256,0.248,0.277,0.228,
2/1/2014 10:00 AM,0.254,0.246,0.274,0.225,
2/1/2014 12:00 PM,0.252,0.246,0.272,0.225,
2/1/2014 2:00 PM,0.254,0.251,0.275,0.234,
2/1/2014 4:00 PM,0.257,0.255,0.278,0.241,
2/1/2014 6:00 PM,0.258,0.258,0.281,0.244,
2/1/2014 8:00 PM,0.259,0.259,0.282,0.244,
2/1/2014 10:00 PM,0.259,0.259,0.282,0.243,
2/2/2014 12:00 AM,0.259,0.258,0.281,0.241,
2/2/2014 2:00 AM,0.258,0.256,0.281,0.239,
2/2/2014 4:00 AM,0.258,0.255,0.280,0.237,
2/2/2014 6:00 AM,0.257,0.254,0.279,0.235,
2/2/2014 8:00 AM,0.256,0.252,0.277,0.233,
2/2/2014 10:00 AM,0.255,0.251,0.277,0.231,
2/2/2014 12:00 PM,0.254,0.251,0.276,0.232,
2/2/2014 2:00 PM,0.255,0.254,0.278,0.238,
2/2/2014 4:00 PM,0.258,0.258,0.281,0.245,
2/2/2014 6:00 PM,0.261,0.261,0.283,0.259,
2/2/2014 8:00 PM,0.261,0.262,0.285,0.264,
2/2/2014 10:00 PM,0.261,0.262,0.285,0.258,
2/3/2014 12:00 AM,0.260,0.261,0.283,0.250,
2/3/2014 2:00 AM,0.259,0.257,0.280,0.242,
2/3/2014 4:00 AM,0.257,0.253,0.277,0.236,
2/3/2014 6:00 AM,0.254,0.249,0.274,0.230,
2/3/2014 8:00 AM,0.249,0.245,0.270,0.220,
2/3/2014 10:00 AM,0.243,0.242,0.266,0.214,
2/3/2014 12:00 PM,0.240,0.243,0.264,0.216,
2/3/2014 2:00 PM,0.242,0.251,0.266,0.227,
2/3/2014 4:00 PM,0.246,0.256,0.271,0.237,
2/3/2014 6:00 PM,0.250,0.260,0.274,0.246,
2/3/2014 8:00 PM,0.252,0.260,0.276,0.245,
2/3/2014 10:00 PM,0.252,0.259,0.277,0.244,
2/4/2014 12:00 AM,0.252,0.257,0.277,0.243,
2/4/2014 2:00 AM,0.251,0.256,0.276,0.241,
2/4/2014 4:00 AM,0.250,0.253,0.275,0.239,
2/4/2014 6:00 AM,0.246,0.251,0.272,0.236,
2/4/2014 8:00 AM,0.242,0.248,0.269,0.232,
2/4/2014 10:00 AM,0.237,0.245,0.266,0.226,
2/4/2014 12:00 PM,0.234,0.243,0.264,0.223,
2/4/2014 2:00 PM,0.235,0.251,0.266,0.231,
2/4/2014 4:00 PM,0.239,0.255,0.268,0.237,
2/4/2014 6:00 PM,0.243,0.257,0.271,0.240,
2/4/2014 8:00 PM,0.244,0.256,0.271,0.238,
2/4/2014 10:00 PM,0.242,0.253,0.269,0.233,
2/5/2014 12:00 AM,0.239,0.250,0.267,0.229,
2/5/2014 2:00 AM,0.236,0.246,0.265,0.224,
2/5/2014 4:00 AM,0.233,0.244,0.264,0.219,
2/5/2014 6:00 AM,0.229,0.241,0.261,0.214,
2/5/2014 8:00 AM,0.225,0.239,0.260,0.211,
2/5/2014 10:00 AM,0.222,0.238,0.258,0.208,
2/5/2014 12:00 PM,0.221,0.238,0.256,0.207,
2/5/2014 2:00 PM,0.224,0.242,0.258,0.215,
2/5/2014 4:00 PM,0.229,0.246,0.261,0.224,
2/5/2014 6:00 PM,0.233,0.248,0.262,0.228,
2/5/2014 8:00 PM,0.233,0.247,0.262,0.225,
2/5/2014 10:00 PM,0.231,0.245,0.261,0.221,
2/6/2014 12:00 AM,0.226,0.241,0.259,0.214,
2/6/2014 2:00 AM,0.222,0.238,0.257,0.210,
2/6/2014 4:00 AM,0.219,0.236,0.255,0.207,
2/6/2014 6:00 AM,0.216,0.234,0.253,0.204,
2/6/2014 8:00 AM,0.213,0.233,0.251,0.201,
2/6/2014 10:00 AM,0.212,0.232,0.250,0.199,
2/6/2014 12:00 PM,0.212,0.232,0.250,0.199,
2/6/2014 2:00 PM,0.213,0.233,0.251,0.204,
2/6/2014 4:00 PM,0.218,0.238,0.253,0.212,
2/6/2014 6:00 PM,0.223,0.241,0.256,0.217,
2/6/2014 8:00 PM,0.224,0.240,0.256,0.216,
2/6/2014 10:00 PM,0.222,0.239,0.256,0.213,
2/7/2014 12:00 AM,0.220,0.237,0.256,0.210,
2/7/2014 2:00 AM,0.218,0.236,0.255,0.208,
2/7/2014 4:00 AM,0.216,0.235,0.254,0.206,
2/7/2014 6:00 AM,0.215,0.234,0.253,0.205,
2/7/2014 8:00 AM,0.213,0.233,0.252,0.204,
2/7/2014 10:00 AM,0.213,0.233,0.252,0.203,
2/7/2014 12:00 PM,0.213,0.233,0.252,0.204,
2/7/2014 2:00 PM,0.216,0.237,0.254,0.212,
2/7/2014 4:00 PM,0.222,0.241,0.258,0.226,
2/7/2014 6:00 PM,0.228,0.249,0.261,0.241,
2/7/2014 8:00 PM,0.233,0.251,0.265,0.243,
2/7/2014 10:00 PM,0.235,0.250,0.267,0.240,
2/8/2014 12:00 AM,0.238,0.249,0.269,0.240,
2/8/2014 2:00 AM,0.240,0.253,0.270,0.243,
2/8/2014 4:00 AM,0.242,0.257,0.270,0.249,
2/8/2014 6:00 AM,0.238,0.262,0.272,0.251,
2/8/2014 8:00 AM,0.238,0.264,0.274,0.251,
2/8/2014 10:00 AM,0.240,0.265,0.276,0.253,
2/8/2014 12:00 PM,0.245,0.266,0.278,0.255,
2/8/2014 2:00 PM,0.246,0.267,0.282,0.292,
2/8/2014 4:00 PM,0.249,0.268,0.286,0.336,
2/8/2014 6:00 PM,0.251,0.270,0.290,0.339,
2/8/2014 8:00 PM,0.253,0.272,0.294,0.341,
2/8/2014 10:00 PM,0.259,0.273,0.296,0.343,
2/9/2014 12:00 AM,0.256,0.275,0.298,0.347,
2/9/2014 2:00 AM,0.255,0.276,0.300,0.350,
2/9/2014 4:00 AM,0.257,0.277,0.302,0.353,
2/9/2014 6:00 AM,0.261,0.277,0.306,0.358,
2/9/2014 8:00 AM,0.271,0.277,0.309,0.364,
2/9/2014 10:00 AM,0.288,0.274,0.311,0.369,
2/9/2014 12:00 PM,0.302,0.276,0.315,0.373,
2/9/2014 2:00 PM,0.325,0.286,0.339,0.383,
2/9/2014 4:00 PM,0.343,0.306,0.372,0.397,
2/9/2014 6:00 PM,0.344,0.328,0.380,0.396,
2/9/2014 8:00 PM,0.339,0.344,0.376,0.394,
2/9/2014 10:00 PM,0.336,0.351,0.372,0.390,
2/10/2014 12:00 AM,0.334,0.351,0.370,0.388,
2/10/2014 2:00 AM,0.333,0.350,0.369,0.387,
2/10/2014 4:00 AM,0.337,0.352,0.370,0.388,
2/10/2014 6:00 AM,0.338,0.354,0.369,0.387,
2/10/2014 8:00 AM,0.336,0.354,0.368,0.385,
2/10/2014 10:00 AM,0.335,0.353,0.367,0.384,
2/10/2014 12:00 PM,0.335,0.356,0.369,0.385,
2/10/2014 2:00 PM,0.337,0.360,0.371,0.386,
2/10/2014 4:00 PM,0.338,0.361,0.372,0.387,
2/10/2014 6:00 PM,0.338,0.361,0.372,0.386,
2/10/2014 8:00 PM,0.335,0.359,0.369,0.383,
2/10/2014 10:00 PM,0.333,0.357,0.367,0.382,
2/11/2014 12:00 AM,0.331,0.356,0.365,0.381,
2/11/2014 2:00 AM,0.330,0.354,0.364,0.379,
2/11/2014 4:00 AM,0.327,0.352,0.362,0.375,
2/11/2014 6:00 AM,0.326,0.350,0.360,0.373,
2/11/2014 8:00 AM,0.324,0.348,0.359,0.370,
2/11/2014 10:00 AM,0.322,0.347,0.358,0.367,
2/11/2014 12:00 PM,0.326,0.351,0.361,0.370,
2/11/2014 2:00 PM,0.331,0.355,0.367,0.375,
2/11/2014 4:00 PM,0.332,0.356,0.367,0.377,
2/11/2014 6:00 PM,0.332,0.356,0.366,0.375,
2/11/2014 8:00 PM,0.331,0.355,0.365,0.374,
2/11/2014 10:00 PM,0.329,0.354,0.363,0.372,
2/12/2014 12:00 AM,0.328,0.352,0.362,0.372,
2/12/2014 2:00 AM,0.327,0.352,0.362,0.371,
2/12/2014 4:00 AM,0.327,0.351,0.361,0.370,
2/12/2014 6:00 AM,0.327,0.351,0.361,0.370,
2/12/2014 8:00 AM,0.326,0.351,0.361,0.370,
2/12/2014 10:00 AM,0.327,0.351,0.361,0.370,
2/12/2014 12:00 PM,0.330,0.352,0.363,0.373,
2/12/2014 2:00 PM,0.331,0.354,0.364,0.374,
2/12/2014 4:00 PM,0.332,0.356,0.365,0.375,
2/12/2014 6:00 PM,0.331,0.355,0.365,0.374,
2/12/2014 8:00 PM,0.331,0.355,0.365,0.374,
2/12/2014 10:00 PM,0.330,0.353,0.364,0.372,
2/13/2014 12:00 AM,0.329,0.353,0.363,0.372,
2/13/2014 2:00 AM,0.329,0.353,0.363,0.372,
2/13/2014 4:00 AM,0.330,0.353,0.364,0.374,
2/13/2014 6:00 AM,0.330,0.354,0.364,0.374,
2/13/2014 8:00 AM,0.330,0.353,0.364,0.373,
2/13/2014 10:00 AM,0.331,0.353,0.364,0.374,
2/13/2014 12:00 PM,0.332,0.356,0.365,0.375,
2/13/2014 2:00 PM,0.333,0.357,0.367,0.376,
2/13/2014 4:00 PM,0.333,0.358,0.367,0.377,
2/13/2014 6:00 PM,0.331,0.357,0.365,0.374,
2/13/2014 8:00 PM,0.330,0.355,0.363,0.372,
2/13/2014 10:00 PM,0.328,0.354,0.362,0.371,
2/14/2014 12:00 AM,0.327,0.352,0.361,0.370,
2/14/2014 2:00 AM,0.326,0.352,0.360,0.369,
2/14/2014 4:00 AM,0.326,0.351,0.360,0.369,
2/14/2014 6:00 AM,0.326,0.351,0.359,0.369,
2/14/2014 8:00 AM,0.325,0.351,0.359,0.369,
2/14/2014 10:00 AM,0.325,0.351,0.359,0.369,
2/14/2014 12:00 PM,0.327,0.352,0.361,0.370,
2/14/2014 2:00 PM,0.328,0.354,0.362,0.370,
2/14/2014 4:00 PM,0.329,0.354,0.362,0.371,
2/14/2014 6:00 PM,0.329,0.355,0.362,0.371,
2/14/2014 8:00 PM,0.328,0.354,0.362,0.370,
2/14/2014 10:00 PM,0.328,0.353,0.361,0.370,
2/15/2014 12:00 AM,0.327,0.352,0.361,0.369,
2/15/2014 2:00 AM,0.326,0.351,0.360,0.369,
2/15/2014 4:00 AM,0.325,0.351,0.359,0.367,
2/15/2014 6:00 AM,0.323,0.350,0.358,0.367,
2/15/2014 8:00 AM,0.323,0.348,0.358,0.366,
2/15/2014 10:00 AM,0.322,0.348,0.358,0.365,
2/15/2014 12:00 PM,0.323,0.350,0.358,0.367,
2/15/2014 2:00 PM,0.324,0.351,0.359,0.367,
2/15/2014 4:00 PM,0.325,0.351,0.360,0.367,
2/15/2014 6:00 PM,0.324,0.351,0.359,0.367,
2/15/2014 8:00 PM,0.323,0.350,0.358,0.365,
2/15/2014 10:00 PM,0.322,0.348,0.357,0.365,
2/16/2014 12:00 AM,0.322,0.348,0.356,0.364,
2/16/2014 2:00 AM,0.321,0.347,0.356,0.364,
2/16/2014 4:00 AM,0.320,0.347,0.356,0.363,
2/16/2014 6:00 AM,0.320,0.346,0.355,0.362,
2/16/2014 8:00 AM,0.319,0.346,0.355,0.362,
2/16/2014 10:00 AM,0.319,0.346,0.355,0.362,
2/16/2014 12:00 PM,0.319,0.347,0.356,0.363,
2/16/2014 2:00 PM,0.318,0.347,0.356,0.362,
2/16/2014 4:00 PM,0.317,0.346,0.356,0.361,
2/16/2014 6:00 PM,0.317,0.345,0.356,0.360,
2/16/2014 8:00 PM,0.315,0.343,0.354,0.358,
2/16/2014 10:00 PM,0.313,0.342,0.352,0.356,
2/17/2014 12:00 AM,0.312,0.339,0.351,0.355,
2/17/2014 2:00 AM,0.311,0.338,0.350,0.354,
2/17/2014 4:00 AM,0.310,0.337,0.350,0.353,
2/17/2014 6:00 AM,0.307,0.336,0.347,0.351,
2/17/2014 8:00 AM,0.304,0.334,0.346,0.350,
2/17/2014 10:00 AM,0.303,0.333,0.345,0.348,
2/17/2014 12:00 PM,0.306,0.336,0.348,0.352,
2/17/2014 2:00 PM,0.308,0.337,0.350,0.354,
2/17/2014 4:00 PM,0.310,0.339,0.352,0.355,
2/17/2014 6:00 PM,0.311,0.340,0.352,0.356,
2/17/2014 8:00 PM,0.310,0.338,0.351,0.354,
2/17/2014 10:00 PM,0.309,0.337,0.350,0.352,
2/18/2014 12:00 AM,0.307,0.336,0.348,0.351,
2/18/2014 2:00 AM,0.306,0.335,0.347,0.350,
2/18/2014 4:00 AM,0.303,0.333,0.346,0.349,
2/18/2014 6:00 AM,0.301,0.332,0.344,0.348,
2/18/2014 8:00 AM,0.300,0.331,0.343,0.347,
2/18/2014 10:00 AM,0.300,0.330,0.344,0.347,
2/18/2014 12:00 PM,0.303,0.333,0.348,0.350,
2/18/2014 2:00 PM,0.305,0.335,0.350,0.352,
2/18/2014 4:00 PM,0.307,0.336,0.351,0.353,
2/18/2014 6:00 PM,0.308,0.337,0.351,0.353,
2/18/2014 8:00 PM,0.307,0.336,0.350,0.352,
2/18/2014 10:00 PM,0.306,0.334,0.348,0.350,
2/19/2014 12:00 AM,0.305,0.333,0.347,0.350,
2/19/2014 2:00 AM,0.303,0.332,0.346,0.348,
2/19/2014 4:00 AM,0.303,0.332,0.346,0.348,
2/19/2014 6:00 AM,0.303,0.332,0.346,0.348,
2/19/2014 8:00 AM,0.302,0.332,0.346,0.348,
2/19/2014 10:00 AM,0.302,0.332,0.346,0.348,
2/19/2014 12:00 PM,0.302,0.332,0.347,0.348,
2/19/2014 2:00 PM,0.302,0.333,0.347,0.348,
2/19/2014 4:00 PM,0.303,0.335,0.348,0.350,
2/19/2014 6:00 PM,0.303,0.335,0.348,0.350,
2/19/2014 8:00 PM,0.302,0.333,0.347,0.348,
2/19/2014 10:00 PM,0.301,0.332,0.346,0.346,
2/20/2014 12:00 AM,0.299,0.330,0.344,0.345,
2/20/2014 2:00 AM,0.297,0.328,0.342,0.343,
2/20/2014 4:00 AM,0.295,0.324,0.340,0.342,
2/20/2014 6:00 AM,0.292,0.320,0.337,0.339,
2/20/2014 8:00 AM,0.289,0.316,0.335,0.336,
2/20/2014 10:00 AM,0.287,0.312,0.333,0.333,
2/20/2014 12:00 PM,0.289,0.313,0.336,0.334,
2/20/2014 2:00 PM,0.293,0.318,0.342,0.340,
2/20/2014 4:00 PM,0.297,0.323,0.344,0.344,
2/20/2014 6:00 PM,0.299,0.326,0.344,0.346,
2/20/2014 8:00 PM,0.298,0.326,0.343,0.344,
2/20/2014 10:00 PM,0.297,0.325,0.342,0.343,
2/21/2014 12:00 AM,0.297,0.325,0.342,0.343,
2/21/2014 2:00 AM,0.296,0.324,0.341,0.342,
2/21/2014 4:00 AM,0.296,0.324,0.341,0.342,
2/21/2014 6:00 AM,0.296,0.324,0.341,0.342,
2/21/2014 8:00 AM,0.295,0.323,0.340,0.341,
2/21/2014 10:00 AM,0.294,0.322,0.340,0.341,
2/21/2014 12:00 PM,0.296,0.323,0.342,0.343,
2/21/2014 2:00 PM,0.297,0.324,0.343,0.344,
2/21/2014 4:00 PM,0.299,0.326,0.345,0.346,
2/21/2014 6:00 PM,0.300,0.327,0.346,0.347,
2/21/2014 8:00 PM,0.299,0.327,0.344,0.345,
2/21/2014 10:00 PM,0.298,0.325,0.342,0.343,
2/22/2014 12:00 AM,0.296,0.324,0.341,0.342,
2/22/2014 2:00 AM,0.295,0.322,0.340,0.341,
2/22/2014 4:00 AM,0.293,0.321,0.339,0.341,
2/22/2014 6:00 AM,0.292,0.320,0.338,0.339,
2/22/2014 8:00 AM,0.290,0.317,0.337,0.338,
2/22/2014 10:00 AM,0.290,0.316,0.337,0.338,
2/22/2014 12:00 PM,0.293,0.318,0.340,0.341,
2/22/2014 2:00 PM,0.295,0.321,0.342,0.343,
2/22/2014 4:00 PM,0.297,0.323,0.344,0.345,
2/22/2014 6:00 PM,0.299,0.325,0.345,0.346,
2/22/2014 8:00 PM,0.298,0.324,0.343,0.344,
2/22/2014 10:00 PM,0.297,0.323,0.342,0.343,
2/23/2014 12:00 AM,0.296,0.322,0.341,0.342,
2/23/2014 2:00 AM,0.294,0.321,0.339,0.341,
2/23/2014 4:00 AM,0.294,0.320,0.339,0.339,
2/23/2014 6:00 AM,0.292,0.319,0.338,0.339,
2/23/2014 8:00 AM,0.291,0.318,0.337,0.339,
2/23/2014 10:00 AM,0.291,0.317,0.338,0.339,
2/23/2014 12:00 PM,0.293,0.318,0.340,0.341,
2/23/2014 2:00 PM,0.294,0.320,0.342,0.343,
2/23/2014 4:00 PM,0.297,0.321,0.344,0.344,
2/23/2014 6:00 PM,0.298,0.323,0.345,0.345,
2/23/2014 8:00 PM,0.298,0.323,0.344,0.344,
2/23/2014 10:00 PM,0.297,0.322,0.342,0.342,
2/24/2014 12:00 AM,0.295,0.321,0.341,0.341,
2/24/2014 2:00 AM,0.294,0.320,0.339,0.340,
2/24/2014 4:00 AM,0.293,0.320,0.339,0.339,
2/24/2014 6:00 AM,0.293,0.319,0.338,0.339,
2/24/2014 8:00 AM,0.292,0.319,0.338,0.339,
2/24/2014 10:00 AM,0.292,0.319,0.338,0.339,
2/24/2014 12:00 PM,0.293,0.319,0.340,0.341,
2/24/2014 2:00 PM,0.295,0.320,0.342,0.342,
2/24/2014 4:00 PM,0.296,0.322,0.343,0.344,
2/24/2014 6:00 PM,0.298,0.322,0.344,0.345,
2/24/2014 8:00 PM,0.298,0.323,0.343,0.343,
2/24/2014 10:00 PM,0.296,0.322,0.342,0.342,
2/25/2014 12:00 AM,0.295,0.320,0.340,0.341,
2/25/2014 2:00 AM,0.293,0.319,0.339,0.339,
2/25/2014 4:00 AM,0.292,0.318,0.338,0.339,
2/25/2014 6:00 AM,0.291,0.318,0.337,0.338,
2/25/2014 8:00 AM,0.291,0.317,0.337,0.338,
2/25/2014 10:00 AM,0.290,0.316,0.337,0.338,
2/25/2014 12:00 PM,0.291,0.316,0.339,0.339,
2/25/2014 2:00 PM,0.293,0.318,0.341,0.342,
2/25/2014 4:00 PM,0.296,0.320,0.344,0.344,
2/25/2014 6:00 PM,0.298,0.321,0.345,0.345,
2/25/2014 8:00 PM,0.298,0.321,0.344,0.344,
2/25/2014 10:00 PM,0.296,0.320,0.342,0.342,
2/26/2014 12:00 AM,0.295,0.319,0.341,0.341,
2/26/2014 2:00 AM,0.294,0.318,0.339,0.340,
2/26/2014 4:00 AM,0.293,0.318,0.339,0.339,
2/26/2014 6:00 AM,0.292,0.317,0.338,0.339,
2/26/2014 8:00 AM,0.291,0.317,0.338,0.338,
2/26/2014 10:00 AM,0.291,0.316,0.338,0.338,
2/26/2014 12:00 PM,0.291,0.316,0.339,0.339,
2/26/2014 2:00 PM,0.293,0.318,0.341,0.341,
2/26/2014 4:00 PM,0.296,0.319,0.343,0.343,
2/26/2014 6:00 PM,0.297,0.320,0.344,0.344,
2/26/2014 8:00 PM,0.297,0.320,0.343,0.342,
2/26/2014 10:00 PM,0.296,0.319,0.341,0.341,
2/27/2014 12:00 AM,0.294,0.318,0.340,0.340,
2/27/2014 2:00 AM,0.293,0.317,0.339,0.339,
2/27/2014 4:00 AM,0.293,0.317,0.339,0.339,
2/27/2014 6:00 AM,0.292,0.316,0.338,0.338,
2/27/2014 8:00 AM,0.291,0.316,0.338,0.338,
2/27/2014 10:00 AM,0.291,0.316,0.338,0.338,
2/27/2014 12:00 PM,0.291,0.316,0.338,0.338,
2/27/2014 2:00 PM,0.295,0.316,0.338,0.341,
2/27/2014 4:00 PM,0.295,0.316,0.338,0.342,
2/27/2014 6:00 PM,0.293,0.318,0.339,0.341,
2/27/2014 8:00 PM,0.294,0.317,0.339,0.342,
2/27/2014 10:00 PM,0.293,0.317,0.339,0.341,
2/28/2014 12:00 AM,0.292,0.316,0.338,0.339,
2/28/2014 2:00 AM,0.291,0.315,0.337,0.339,
2/28/2014 4:00 AM,0.290,0.314,0.336,0.338,
2/28/2014 6:00 AM,0.289,0.314,0.336,0.337,
2/28/2014 8:00 AM,0.288,0.314,0.335,0.337,
2/28/2014 10:00 AM,0.288,0.313,0.335,0.336,
2/28/2014 12:00 PM,0.289,0.313,0.337,0.337,
2/28/2014 2:00 PM,0.290,0.315,0.338,0.338,
2/28/2014 4:00 PM,0.291,0.315,0.339,0.339,
2/28/2014 6:00 PM,0.292,0.315,0.339,0.339,
2/28/2014 8:00 PM,0.291,0.315,0.338,0.338,
2/28/2014 10:00 PM,0.294,0.317,0.339,0.341,
3/1/2014 12:00 AM,0.299,0.326,0.342,0.344,
3/1/2014 2:00 AM,0.299,0.329,0.345,0.348,
3/1/2014 4:00 AM,0.339,0.377,0.376,0.381,
3/1/2014 6:00 AM,0.352,0.382,0.382,0.388,
3/1/2014 8:00 AM,0.352,0.379,0.381,0.384,
3/1/2014 10:00 AM,0.351,0.376,0.379,0.383,
3/1/2014 12:00 PM,0.350,0.372,0.377,0.381,
3/1/2014 2:00 PM,0.348,0.374,0.376,0.381,
3/1/2014 4:00 PM,0.346,0.372,0.374,0.379,
3/1/2014 6:00 PM,0.343,0.370,0.372,0.377,
3/1/2014 8:00 PM,0.342,0.369,0.371,0.375,
3/1/2014 10:00 PM,0.340,0.367,0.370,0.374,
3/2/2014 12:00 AM,0.339,0.366,0.369,0.373,
3/2/2014 2:00 AM,0.338,0.365,0.368,0.372,
3/2/2014 4:00 AM,0.337,0.365,0.367,0.372,
3/2/2014 6:00 AM,0.337,0.364,0.367,0.371,
3/2/2014 8:00 AM,0.336,0.362,0.365,0.370,
3/2/2014 10:00 AM,0.336,0.362,0.365,0.370,
3/2/2014 12:00 PM,0.338,0.365,0.368,0.372,
3/2/2014 2:00 PM,0.338,0.365,0.369,0.373,
3/2/2014 4:00 PM,0.338,0.367,0.369,0.373,
3/2/2014 6:00 PM,0.337,0.365,0.366,0.370,
3/2/2014 8:00 PM,0.334,0.363,0.364,0.367,
3/2/2014 10:00 PM,0.332,0.361,0.362,0.365,
3/3/2014 12:00 AM,0.331,0.359,0.361,0.364,
3/3/2014 2:00 AM,0.330,0.359,0.360,0.362,
3/3/2014 4:00 AM,0.329,0.358,0.359,0.362,
3/3/2014 6:00 AM,0.328,0.357,0.358,0.361,
3/3/2014 8:00 AM,0.327,0.356,0.358,0.361,
3/3/2014 10:00 AM,0.328,0.356,0.358,0.361,
3/3/2014 12:00 PM,0.329,0.359,0.359,0.362,
3/3/2014 2:00 PM,0.330,0.359,0.361,0.362,
3/3/2014 4:00 PM,0.330,0.360,0.362,0.362,
3/3/2014 6:00 PM,0.330,0.359,0.362,0.361,
3/3/2014 8:00 PM,0.329,0.358,0.360,0.359,
3/3/2014 10:00 PM,0.327,0.356,0.359,0.358,
3/4/2014 12:00 AM,0.326,0.355,0.358,0.357,
3/4/2014 2:00 AM,0.326,0.354,0.358,0.356,
3/4/2014 4:00 AM,0.326,0.354,0.358,0.356,
3/4/2014 6:00 AM,0.326,0.353,0.357,0.356,
3/4/2014 8:00 AM,0.328,0.356,0.356,0.359,
3/4/2014 10:00 AM,0.344,0.376,0.372,0.377,
3/4/2014 12:00 PM,0.362,0.382,0.381,0.385,
3/4/2014 2:00 PM,0.362,0.381,0.381,0.384,
3/4/2014 4:00 PM,0.360,0.381,0.381,0.384,
3/4/2014 6:00 PM,0.358,0.379,0.379,0.382,
3/4/2014 8:00 PM,0.354,0.375,0.377,0.379,
3/4/2014 10:00 PM,0.351,0.373,0.374,0.377,
3/5/2014 12:00 AM,0.348,0.372,0.372,0.375,
3/5/2014 2:00 AM,0.347,0.370,0.372,0.374,
3/5/2014 4:00 AM,0.347,0.369,0.370,0.373,
3/5/2014 6:00 AM,0.346,0.369,0.370,0.372,
3/5/2014 8:00 AM,0.344,0.367,0.369,0.372,
3/5/2014 10:00 AM,0.344,0.367,0.369,0.372,
3/5/2014 12:00 PM,0.347,0.371,0.371,0.374,
3/5/2014 2:00 PM,0.350,0.372,0.373,0.377,
3/5/2014 4:00 PM,0.350,0.374,0.374,0.377,
3/5/2014 6:00 PM,0.347,0.372,0.372,0.375,
3/5/2014 8:00 PM,0.345,0.370,0.369,0.372,
3/5/2014 10:00 PM,0.343,0.368,0.367,0.370,
3/6/2014 12:00 AM,0.341,0.366,0.366,0.369,
3/6/2014 2:00 AM,0.341,0.365,0.365,0.368,
3/6/2014 4:00 AM,0.339,0.364,0.365,0.367,
3/6/2014 6:00 AM,0.339,0.364,0.364,0.367,
3/6/2014 8:00 AM,0.339,0.364,0.364,0.367,
3/6/2014 10:00 AM,0.339,0.364,0.364,0.367,
3/6/2014 12:00 PM,0.339,0.364,0.364,0.367,
3/6/2014 2:00 PM,0.341,0.365,0.365,0.368,
3/6/2014 4:00 PM,0.342,0.367,0.365,0.369,
3/6/2014 6:00 PM,0.341,0.365,0.365,0.368,
3/6/2014 8:00 PM,0.339,0.365,0.364,0.367,
3/6/2014 10:00 PM,0.338,0.363,0.363,0.365,
3/7/2014 12:00 AM,0.337,0.362,0.362,0.364,
3/7/2014 2:00 AM,0.336,0.361,0.361,0.364,
3/7/2014 4:00 AM,0.335,0.360,0.361,0.363,
3/7/2014 6:00 AM,0.335,0.359,0.360,0.362,
3/7/2014 8:00 AM,0.333,0.359,0.359,0.362,
3/7/2014 10:00 AM,0.333,0.359,0.359,0.361,
3/7/2014 12:00 PM,0.334,0.360,0.360,0.362,
3/7/2014 2:00 PM,0.336,0.361,0.362,0.364,
3/7/2014 4:00 PM,0.338,0.363,0.364,0.364,
3/7/2014 6:00 PM,0.338,0.363,0.364,0.364,
3/7/2014 8:00 PM,0.335,0.360,0.362,0.361,
3/7/2014 10:00 PM,0.333,0.358,0.360,0.359,
3/8/2014 12:00 AM,0.331,0.356,0.358,0.357,
3/8/2014 2:00 AM,0.330,0.355,0.357,0.356,
3/8/2014 4:00 AM,0.329,0.354,0.356,0.355,
3/8/2014 6:00 AM,0.327,0.352,0.355,0.354,
3/8/2014 8:00 AM,0.326,0.351,0.354,0.352,
3/8/2014 10:00 AM,0.327,0.352,0.355,0.353,
3/8/2014 12:00 PM,0.330,0.356,0.358,0.356,
3/8/2014 2:00 PM,0.332,0.357,0.360,0.359,
3/8/2014 4:00 PM,0.333,0.358,0.361,0.359,
3/8/2014 6:00 PM,0.333,0.358,0.361,0.359,
3/8/2014 8:00 PM,0.332,0.356,0.360,0.358,
3/8/2014 10:00 PM,0.330,0.354,0.358,0.355,
3/9/2014 12:00 AM,0.329,0.352,0.356,0.354,
3/9/2014 2:00 AM,0.328,0.351,0.355,0.353,
3/9/2014 4:00 AM,0.327,0.351,0.354,0.352,
3/9/2014 6:00 AM,0.326,0.350,0.354,0.352,
3/9/2014 8:00 AM,0.324,0.349,0.353,0.351,
3/9/2014 10:00 AM,0.326,0.350,0.354,0.352,
3/9/2014 12:00 PM,0.328,0.353,0.356,0.354,
3/9/2014 2:00 PM,0.329,0.354,0.357,0.355,
3/9/2014 4:00 PM,0.330,0.355,0.358,0.356,
3/9/2014 6:00 PM,0.330,0.355,0.358,0.356,
3/9/2014 8:00 PM,0.330,0.354,0.357,0.355,
3/9/2014 10:00 PM,0.328,0.352,0.356,0.354,
3/10/2014 12:00 AM,0.327,0.351,0.355,0.352,
3/10/2014 2:00 AM,0.327,0.351,0.355,0.352,
3/10/2014 4:00 AM,0.326,0.350,0.355,0.352,
3/10/2014 6:00 AM,0.326,0.350,0.354,0.352,
3/10/2014 8:00 AM,0.326,0.349,0.354,0.351,
3/10/2014 10:00 AM,0.326,0.349,0.354,0.351,
3/10/2014 12:00 PM,0.327,0.350,0.355,0.352,
3/10/2014 2:00 PM,0.328,0.352,0.356,0.353,
3/10/2014 4:00 PM,0.328,0.352,0.356,0.354,
3/10/2014 6:00 PM,0.327,0.352,0.356,0.353,
3/10/2014 8:00 PM,0.326,0.351,0.355,0.352,
3/10/2014 10:00 PM,0.324,0.348,0.353,0.350,
3/11/2014 12:00 AM,0.323,0.347,0.352,0.349,
3/11/2014 2:00 AM,0.322,0.346,0.351,0.348,
3/11/2014 4:00 AM,0.321,0.346,0.351,0.348,
3/11/2014 6:00 AM,0.321,0.345,0.351,0.347,
3/11/2014 8:00 AM,0.321,0.345,0.350,0.347,
3/11/2014 10:00 AM,0.321,0.345,0.351,0.347,
3/11/2014 12:00 PM,0.322,0.346,0.352,0.348,
3/11/2014 2:00 PM,0.323,0.346,0.354,0.350,
3/11/2014 4:00 PM,0.324,0.347,0.354,0.350,
3/11/2014 6:00 PM,0.324,0.346,0.354,0.350,
3/11/2014 8:00 PM,0.324,0.345,0.353,0.348,
3/11/2014 10:00 PM,0.321,0.344,0.351,0.347,
3/12/2014 12:00 AM,0.320,0.343,0.350,0.346,
3/12/2014 2:00 AM,0.319,0.342,0.349,0.345,
3/12/2014 4:00 AM,0.318,0.341,0.348,0.344,
3/12/2014 6:00 AM,0.318,0.341,0.348,0.343,
3/12/2014 8:00 AM,0.316,0.339,0.347,0.343,
3/12/2014 10:00 AM,0.317,0.339,0.347,0.343,
3/12/2014 12:00 PM,0.319,0.342,0.350,0.344,
3/12/2014 2:00 PM,0.321,0.343,0.352,0.346,
3/12/2014 4:00 PM,0.323,0.344,0.354,0.348,
3/12/2014 6:00 PM,0.324,0.345,0.354,0.349,
3/12/2014 8:00 PM,0.323,0.343,0.352,0.348,
3/12/2014 10:00 PM,0.320,0.341,0.350,0.345,
3/13/2014 12:00 AM,0.318,0.339,0.348,0.343,
3/13/2014 2:00 AM,0.317,0.338,0.347,0.342,
3/13/2014 4:00 AM,0.316,0.337,0.347,0.342,
3/13/2014 6:00 AM,0.315,0.337,0.346,0.341,
3/13/2014 8:00 AM,0.314,0.335,0.344,0.341,
3/13/2014 10:00 AM,0.314,0.335,0.346,0.341,
3/13/2014 12:00 PM,0.317,0.337,0.348,0.342,
3/13/2014 2:00 PM,0.319,0.338,0.350,0.344,
3/13/2014 4:00 PM,0.321,0.341,0.352,0.347,
3/13/2014 6:00 PM,0.322,0.342,0.354,0.348,
3/13/2014 8:00 PM,0.321,0.340,0.352,0.347,
3/13/2014 10:00 PM,0.319,0.338,0.350,0.344,
3/14/2014 12:00 AM,0.317,0.337,0.348,0.343,
3/14/2014 2:00 AM,0.316,0.336,0.347,0.342,
3/14/2014 4:00 AM,0.315,0.335,0.346,0.341,
3/14/2014 6:00 AM,0.314,0.334,0.345,0.340,
3/14/2014 8:00 AM,0.313,0.333,0.344,0.339,
3/14/2014 10:00 AM,0.314,0.333,0.345,0.339,
3/14/2014 12:00 PM,0.316,0.335,0.347,0.341,
3/14/2014 2:00 PM,0.318,0.337,0.350,0.343,
3/14/2014 4:00 PM,0.320,0.339,0.352,0.346,
3/14/2014 6:00 PM,0.321,0.339,0.352,0.347,
3/14/2014 8:00 PM,0.320,0.339,0.351,0.346,
3/14/2014 10:00 PM,0.319,0.338,0.350,0.344,
3/15/2014 12:00 AM,0.317,0.336,0.348,0.343,
3/15/2014 2:00 AM,0.316,0.335,0.347,0.342,
3/15/2014 4:00 AM,0.315,0.334,0.346,0.341,
3/15/2014 6:00 AM,0.314,0.333,0.346,0.340,
3/15/2014 8:00 AM,0.313,0.333,0.345,0.339,
3/15/2014 10:00 AM,0.313,0.332,0.346,0.339,
3/15/2014 12:00 PM,0.315,0.333,0.347,0.341,
3/15/2014 2:00 PM,0.317,0.335,0.349,0.342,
3/15/2014 4:00 PM,0.319,0.336,0.351,0.344,
3/15/2014 6:00 PM,0.320,0.337,0.352,0.346,
3/15/2014 8:00 PM,0.319,0.335,0.351,0.344,
3/15/2014 10:00 PM,0.317,0.333,0.348,0.342,
3/16/2014 12:00 AM,0.315,0.332,0.347,0.341,
3/16/2014 2:00 AM,0.313,0.331,0.346,0.339,
3/16/2014 4:00 AM,0.312,0.330,0.344,0.338,
3/16/2014 6:00 AM,0.311,0.329,0.343,0.337,
3/16/2014 8:00 AM,0.310,0.329,0.343,0.337,
3/16/2014 10:00 AM,0.311,0.328,0.343,0.337,
3/16/2014 12:00 PM,0.313,0.330,0.346,0.338,
3/16/2014 2:00 PM,0.315,0.332,0.348,0.341,
3/16/2014 4:00 PM,0.317,0.333,0.350,0.343,
3/16/2014 6:00 PM,0.319,0.335,0.351,0.344,
3/16/2014 8:00 PM,0.318,0.333,0.350,0.344,
3/16/2014 10:00 PM,0.316,0.331,0.348,0.342,
3/17/2014 12:00 AM,0.316,0.330,0.347,0.342,
3/17/2014 2:00 AM,0.315,0.330,0.347,0.341,
3/17/2014 4:00 AM,0.314,0.329,0.347,0.341,
3/17/2014 6:00 AM,0.314,0.329,0.346,0.340,
3/17/2014 8:00 AM,0.313,0.328,0.346,0.340,
3/17/2014 10:00 AM,0.313,0.328,0.346,0.339,
3/17/2014 12:00 PM,0.312,0.331,0.347,0.339,
3/17/2014 2:00 PM,0.311,0.330,0.347,0.339,
3/17/2014 4:00 PM,0.312,0.330,0.347,0.339,
3/17/2014 6:00 PM,0.312,0.330,0.347,0.339,
3/17/2014 8:00 PM,0.311,0.329,0.346,0.337,
3/17/2014 10:00 PM,0.309,0.327,0.343,0.336,
3/18/2014 12:00 AM,0.308,0.325,0.342,0.334,
3/18/2014 2:00 AM,0.307,0.324,0.341,0.333,
3/18/2014 4:00 AM,0.306,0.323,0.341,0.332,
3/18/2014 6:00 AM,0.305,0.322,0.339,0.332,
3/18/2014 8:00 AM,0.304,0.322,0.339,0.331,
3/18/2014 10:00 AM,0.304,0.321,0.339,0.331,
3/18/2014 12:00 PM,0.306,0.322,0.342,0.332,
3/18/2014 2:00 PM,0.308,0.324,0.344,0.334,
3/18/2014 4:00 PM,0.310,0.326,0.346,0.336,
3/18/2014 6:00 PM,0.311,0.326,0.347,0.337,
3/18/2014 8:00 PM,0.311,0.326,0.345,0.337,
3/18/2014 10:00 PM,0.309,0.323,0.343,0.335,
3/19/2014 12:00 AM,0.307,0.322,0.341,0.333,
3/19/2014 2:00 AM,0.305,0.321,0.340,0.332,
3/19/2014 4:00 AM,0.304,0.320,0.339,0.331,
3/19/2014 6:00 AM,0.303,0.319,0.338,0.330,
3/19/2014 8:00 AM,0.302,0.319,0.338,0.330,
3/19/2014 10:00 AM,0.303,0.318,0.338,0.330,
3/19/2014 12:00 PM,0.304,0.320,0.341,0.331,
3/19/2014 2:00 PM,0.306,0.322,0.343,0.333,
3/19/2014 4:00 PM,0.309,0.323,0.345,0.335,
3/19/2014 6:00 PM,-0.341,-0.322,-0.295,-0.308,
