,Date_time,habitat,monitor_station,replicate,site,soil_m_max,soil_m_mean,soil_m_min,soil_m_std,soil_type,treatement
0,2014-03-31 00:00:00,C,M2,2,J,0.103,0.06214893617021276,-0.14800000000000002,0.018135740228889363,2,Cr
1,2014-04-30 00:00:00,C,M2,2,J,0.061,0.04490555555555556,0.029,0.006953644540271478,2,Cr
2,2014-05-31 00:00:00,C,M2,2,J,0.052000000000000005,0.03265053763440861,0.013,0.008826658025179002,2,Cr
3,2014-06-30 00:00:00,C,M2,2,J,0.037000000000000005,0.022011111111111103,-0.006999999999999999,0.009228446326615352,2,Cr
4,2014-07-31 00:00:00,C,M2,2,J,0.241,0.09172043010752685,-0.004,0.05128397039252631,2,Cr
5,2014-08-31 00:00:00,C,M2,2,J,0.241,0.09549731182795701,0.014,0.05241013351614466,2,Cr
6,2014-09-30 00:00:00,C,M2,2,J,0.266,0.11120198675496688,0.005,0.08115860929777763,2,Cr
7,2014-03-31 00:00:00,,M2,2,J,0.043,-0.008753191489361696,-0.238,0.02233445128338375,2,
8,2014-04-30 00:00:00,,M2,2,J,0.006999999999999999,-0.022805555555555513,-0.055,0.01679404895998709,2,
9,2014-05-31 00:00:00,,M2,2,J,0.021,-0.015930107526881714,-0.049,0.019177858329938156,2,
10,2014-06-30 00:00:00,,M2,2,J,0.034,0.0007805555555555558,-0.042,0.019769117462889653,2,
11,2014-07-31 00:00:00,,M2,2,J,0.225,0.08306989247311826,-0.012,0.046452601202505016,2,
12,2014-08-31 00:00:00,,M2,2,J,0.232,0.09309946236559143,0.039,0.03998919395453398,2,
13,2014-09-30 00:00:00,,M2,2,J,0.254,0.11704966887417222,0.026,0.07401459528704186,2,
14,2014-03-31 00:00:00,,M2,2,J,0.075,0.02205106382978722,-0.195,0.025406388189375566,2,
15,2014-04-30 00:00:00,,M2,2,J,0.046,0.010561111111111103,-0.039,0.02068578128832729,2,
16,2014-05-31 00:00:00,,M2,2,J,0.053,0.014416666666666663,-0.03,0.022552628875197437,2,
17,2014-06-30 00:00:00,,M2,2,J,0.06,0.02941666666666666,-0.016,0.020466937806508507,2,
18,2014-07-31 00:00:00,,M2,2,J,0.303,0.134755376344086,0.008,0.05573528933948019,2,
19,2014-08-31 00:00:00,,M2,2,J,0.307,0.14843010752688174,0.07,0.0546316058024019,2,
20,2014-09-30 00:00:00,,M2,2,J,0.317,0.1592119205298013,0.057,0.08548012605542955,2,
21,2014-03-31 00:00:00,,M2,2,J,0.03,0.008348936170212758,-0.214,0.018051846892045604,2,
22,2014-04-30 00:00:00,,M2,2,J,0.008,-0.009036111111111092,-0.027000000000000003,0.008126186316746184,2,
23,2014-05-31 00:00:00,,M2,2,J,0.001,-0.01687096774193546,-0.035,0.008102411615905847,2,
24,2014-06-30 00:00:00,,M2,2,J,0.001,-0.011541666666666638,-0.027000000000000003,0.007153582774953157,2,
25,2014-07-31 00:00:00,,M2,2,J,0.287,0.09486290322580634,-0.02,0.057847368834169306,2,
26,2014-08-31 00:00:00,,M2,2,J,0.295,0.11352688172042995,0.037000000000000005,0.06030105806921075,2,
27,2014-09-30 00:00:00,,M2,2,J,0.307,0.11750331125827816,0.019,0.09465073928644666,2,
28,2014-03-31 00:00:00,C,M1,2,J,0.065,0.025404255319148916,-0.003,0.013668323186768496,1,Cr
29,2014-04-30 00:00:00,C,M1,2,J,0.035,0.008316666666666653,-0.018000000000000002,0.013564649698700958,1,Cr
30,2014-05-31 00:00:00,C,M1,2,J,0.021,-0.002537634408602152,-0.03,0.01345096646977845,1,Cr
31,2014-06-30 00:00:00,C,M1,2,J,0.021,-0.0007777777777777772,-0.026,0.01290529271292171,1,Cr
32,2014-07-31 00:00:00,C,M1,2,J,0.12,0.0593897849462365,-0.018000000000000002,0.025786730597077395,1,Cr
33,2014-08-31 00:00:00,C,M1,2,J,0.262,0.12885215053763424,0.054000000000000006,0.03243624758025909,1,Cr
34,2014-09-30 00:00:00,C,M1,2,J,0.319,0.1642645161290322,0.058,0.07392995700421696,1,Cr
35,2014-03-31 00:00:00,,M1,2,J,0.066,0.03362553191489358,0.008,0.012958686293900429,1,
36,2014-04-30 00:00:00,,M1,2,J,0.038,0.014841666666666637,-0.008,0.011714331269989957,1,
37,2014-05-31 00:00:00,,M1,2,J,0.035,0.011844086021505362,-0.015,0.01263514085151384,1,
38,2014-06-30 00:00:00,,M1,2,J,0.037000000000000005,0.013288888888888864,-0.011,0.01224858078932098,1,
39,2014-07-31 00:00:00,,M1,2,J,0.305,0.16133602150537646,-0.004,0.05181885817764696,1,
40,2014-08-31 00:00:00,,M1,2,J,0.337,0.21002150537634431,0.124,0.0455705320434113,1,
41,2014-09-30 00:00:00,,M1,2,J,0.338,0.208358064516129,0.095,0.07094893680515761,1,
42,2014-03-31 00:00:00,,M1,2,J,0.075,0.05317872340425531,0.032,0.010347899910193099,1,
43,2014-04-30 00:00:00,,M1,2,J,0.061,0.037094444444444416,0.016,0.010422119835388675,1,
44,2014-05-31 00:00:00,,M1,2,J,0.06,0.03912903225806449,0.017,0.010573807650292094,1,
45,2014-06-30 00:00:00,,M1,2,J,0.063,0.047822222222222176,0.03,0.008748517140123886,1,
46,2014-07-31 00:00:00,,M1,2,J,0.331,0.15724999999999992,0.037000000000000005,0.04594376470017264,1,
47,2014-08-31 00:00:00,,M1,2,J,0.35700000000000004,0.1870188172043011,0.122,0.049035079260240984,1,
48,2014-09-30 00:00:00,,M1,2,J,0.349,0.19743225806451614,0.077,0.07193434793171043,1,
49,2014-03-31 00:00:00,,M1,2,J,0.069,0.05044255319148935,0.032,0.008367104510988224,1,
50,2014-04-30 00:00:00,,M1,2,J,0.06,0.0400472222222222,0.017,0.009128637668822394,1,
51,2014-05-31 00:00:00,,M1,2,J,0.055,0.03556989247311824,0.014,0.00906389163244996,1,
52,2014-06-30 00:00:00,,M1,2,J,0.051,0.03714444444444441,0.02,0.006814798106188051,1,
53,2014-07-31 00:00:00,,M1,2,J,0.317,0.1705134408602151,0.027000000000000003,0.04682475595599837,1,
54,2014-08-31 00:00:00,,M1,2,J,0.33,0.20423924731182835,0.136,0.04129506301098682,1,
55,2014-09-30 00:00:00,,M1,2,J,0.324,0.2038548387096774,0.105,0.062478798157691556,1,
56,2014-03-31 00:00:00,C,M2,2,J,0.076,0.04637446808510634,0.021,0.011961663622488777,1,Cr
57,2014-04-30 00:00:00,C,M2,2,J,0.056,0.0320444444444444,0.011,0.010700700116226397,1,Cr
58,2014-05-31 00:00:00,C,M2,2,J,0.051,0.02663709677419354,0.006,0.010806059005257725,1,Cr
59,2014-06-30 00:00:00,C,M2,2,J,0.052000000000000005,0.02959444444444441,0.011,0.010392410570319493,1,Cr
60,2014-07-31 00:00:00,C,M2,2,J,0.123,0.07246505376344094,0.016,0.021448775918611197,1,Cr
61,2014-08-31 00:00:00,C,M2,2,J,0.17800000000000002,0.1076693548387097,0.07400000000000001,0.017247237416596863,1,Cr
62,2014-09-30 00:00:00,C,M2,2,J,0.295,0.15184193548387093,-0.01,0.06695381335260431,1,Cr
63,2014-03-31 00:00:00,,M2,2,J,0.107,0.08385106382978727,0.062,0.010485192496274475,1,
64,2014-04-30 00:00:00,,M2,2,J,0.08900000000000001,0.0682416666666666,0.046,0.009944410252229259,1,
65,2014-05-31 00:00:00,,M2,2,J,0.081,0.059212365591397816,0.037000000000000005,0.010335637340805639,1,
66,2014-06-30 00:00:00,,M2,2,J,0.077,0.05699444444444444,0.039,0.00976321173137565,1,
67,2014-07-31 00:00:00,,M2,2,J,0.29100000000000004,0.16184139784946228,0.042,0.04181301086128594,1,
68,2014-08-31 00:00:00,,M2,2,J,0.297,0.2035913978494623,0.133,0.031432033914340365,1,
69,2014-09-30 00:00:00,,M2,2,J,0.32,0.21998064516129037,0.056,0.055230024544924,1,
70,2014-03-31 00:00:00,,M2,2,J,0.09,0.06600425531914896,0.039,0.012232609449811586,1,
71,2014-04-30 00:00:00,,M2,2,J,0.07400000000000001,0.05190555555555555,0.027000000000000003,0.012168591572586148,1,
72,2014-05-31 00:00:00,,M2,2,J,0.068,0.045647849462365574,0.016,0.012567753658486652,1,
73,2014-06-30 00:00:00,,M2,2,J,0.069,0.04689166666666664,0.026,0.011244902899786621,1,
74,2014-07-31 00:00:00,,M2,2,J,0.202,0.11967473118279563,0.03,0.0317225014085415,1,
75,2014-08-31 00:00:00,,M2,2,J,0.249,0.17474731182795683,0.116,0.02475193625859334,1,
76,2014-09-30 00:00:00,,M2,2,J,0.334,0.20459677419354835,0.052000000000000005,0.061666306220608466,1,
77,2014-03-31 00:00:00,,M2,2,J,0.075,0.057097872340425536,0.041,0.007826305886545952,1,
78,2014-04-30 00:00:00,,M2,2,J,0.06,0.04625833333333327,0.03,0.007103880025776011,1,
79,2014-05-31 00:00:00,,M2,2,J,0.057,0.04242741935483868,0.024,0.007572300266610805,1,
80,2014-06-30 00:00:00,,M2,2,J,0.058,0.0439888888888889,0.03,0.0069197459892587155,1,
81,2014-07-31 00:00:00,,M2,2,J,0.319,0.17174193548387093,0.034,0.04884104880114499,1,
82,2014-08-31 00:00:00,,M2,2,J,0.339,0.19266935483870978,0.124,0.04774049151444494,1,
83,2014-09-30 00:00:00,,M2,2,J,0.328,0.19954516129032263,0.05,0.06999932657424385,1,
84,2014-03-31 00:00:00,C,M1,2,J,0.023,-0.023497872340425534,-0.272,0.024316709191028886,2,Cr
85,2014-04-30 00:00:00,C,M1,2,J,-0.008,-0.039058333333333306,-0.071,0.015399578097176281,2,Cr
86,2014-05-31 00:00:00,C,M1,2,J,-0.003,-0.038755376344086004,-0.071,0.017469784407468426,2,Cr
87,2014-06-30 00:00:00,C,M1,2,J,-0.001,-0.031097222222222207,-0.062,0.016301442869151698,2,Cr
88,2014-07-31 00:00:00,C,M1,2,J,0.184,0.05283064516129034,-0.055,0.044173949545524706,2,Cr
89,2014-08-31 00:00:00,C,M1,2,J,0.207,0.07017741935483872,-0.012,0.0484972083650011,2,Cr
90,2014-09-30 00:00:00,C,M1,2,J,0.231,0.07181612903225812,-0.029,0.0738756174847528,2,Cr
91,2014-03-31 00:00:00,,M1,2,J,0.113,0.05034468085106382,-0.182,0.02301830197602004,2,
92,2014-04-30 00:00:00,,M1,2,J,0.058,0.03734999999999995,0.01,0.012248347054645137,2,
93,2014-05-31 00:00:00,,M1,2,J,0.057,0.035782258064516105,0.01,0.012378940784304267,2,
94,2014-06-30 00:00:00,,M1,2,J,0.058,0.03967777777777777,0.02,0.01039614003553744,2,
95,2014-07-31 00:00:00,,M1,2,J,0.28800000000000003,0.1261720430107526,0.027000000000000003,0.05055329949286635,2,
96,2014-08-31 00:00:00,,M1,2,J,0.28300000000000003,0.12819623655913978,0.065,0.05178331056088149,2,
97,2014-09-30 00:00:00,,M1,2,J,0.276,0.13253548387096775,0.058,0.06667831070668434,2,
98,2014-03-31 00:00:00,,M1,2,J,0.045,0.01541276595744679,-0.21600000000000005,0.019405585778605166,2,
99,2014-04-30 00:00:00,,M1,2,J,0.029,0.007786111111111101,-0.012,0.010160896500973602,2,
100,2014-05-31 00:00:00,,M1,2,J,0.03,0.005559139784946234,-0.013,0.010807766365595233,2,
101,2014-06-30 00:00:00,,M1,2,J,0.035,0.013277777777777753,-0.004,0.010530261766702248,2,
102,2014-07-31 00:00:00,,M1,2,J,0.281,0.12979032258064507,0.004,0.06285292045401865,2,
103,2014-08-31 00:00:00,,M1,2,J,0.29,0.1492688172043011,0.06,0.06228439075956298,2,
104,2014-09-30 00:00:00,,M1,2,J,0.28800000000000003,0.14609677419354844,0.044,0.08025088284050345,2,
105,2014-03-31 00:00:00,,M1,2,J,0.128,0.048774468085106396,-0.17600000000000002,0.02817793332613469,2,
106,2014-04-30 00:00:00,,M1,2,J,0.051,0.018302777777777727,-0.002,0.010512493856426323,2,
107,2014-05-31 00:00:00,,M1,2,J,0.038,0.015198924731182784,-0.002,0.00906331124371876,2,
108,2014-06-30 00:00:00,,M1,2,J,0.039,0.023313888888888842,0.006999999999999999,0.00837849923663991,2,
109,2014-07-31 00:00:00,,M1,2,J,0.302,0.13386290322580663,0.012,0.06637632660314584,2,
110,2014-08-31 00:00:00,,M1,2,J,0.299,0.1456370967741935,0.053,0.06874677170689543,2,
111,2014-09-30 00:00:00,,M1,2,J,0.299,0.1491548387096774,0.043,0.08306426271426944,2,
112,2014-03-31 00:00:00,C,M2,1,H,0.35600000000000004,0.3277841726618707,-0.126,0.0395057806428587,2,Cr
113,2014-04-30 00:00:00,C,M2,1,H,0.3720000000000001,0.3383166666666658,0.317,0.011933182126121366,2,Cr
114,2014-05-31 00:00:00,C,M2,1,H,0.341,0.3221102150537632,0.297,0.008894481947706607,2,Cr
115,2014-06-30 00:00:00,C,M2,1,H,0.304,0.26793574297188755,0.115,0.020743340545002393,2,Cr
116,2014-03-31 00:00:00,,M2,1,H,0.35,0.32901438848920883,-0.13,0.03980368230207228,2,
117,2014-04-30 00:00:00,,M2,1,H,0.3720000000000001,0.34353333333333236,0.321,0.011329405622340534,2,
118,2014-05-31 00:00:00,,M2,1,H,0.359,0.33172849462365556,0.29600000000000004,0.0128702395964337,2,
119,2014-06-30 00:00:00,,M2,1,H,0.31,0.2676104417670682,0.104,0.023477100446364123,2,
120,2014-03-31 00:00:00,,M2,1,H,0.365,0.3262374100719423,-0.135,0.04063402991885692,2,
121,2014-04-30 00:00:00,,M2,1,H,0.378,0.3440611111111102,0.321,0.01021232195212821,2,
122,2014-05-31 00:00:00,,M2,1,H,0.355,0.3348037634408595,0.31,0.01006216188012479,2,
123,2014-06-30 00:00:00,,M2,1,H,0.318,0.2976947791164657,0.156,0.013184302006809907,2,
124,2014-03-31 00:00:00,,M2,1,H,0.332,0.30326618705035946,-0.14800000000000002,0.0399351966986051,2,
125,2014-04-30 00:00:00,,M2,1,H,0.375,0.3259194444444447,0.295,0.018772398980384537,2,
126,2014-05-31 00:00:00,,M2,1,H,0.308,0.2897768817204306,0.265,0.00950450044948701,2,
127,2014-06-30 00:00:00,,M2,1,H,0.27,0.24295180722891535,0.084,0.017287584311225415,2,
128,2001-06-30 00:00:00,C,M1,2,H,0.334,0.3009163987138269,0.272,0.015821772092587543,2,Cr
129,2001-07-31 00:00:00,C,M1,2,H,0.29100000000000004,0.2658181818181818,0.064,0.06699823606904619,2,Cr
130,2001-08-31 00:00:00,C,M1,2,H,,,,,2,Cr
131,2001-09-30 00:00:00,C,M1,2,H,,,,,2,Cr
132,2001-10-31 00:00:00,C,M1,2,H,,,,,2,Cr
133,2001-11-30 00:00:00,C,M1,2,H,,,,,2,Cr
134,2001-12-31 00:00:00,C,M1,2,H,,,,,2,Cr
135,2002-01-31 00:00:00,C,M1,2,H,,,,,2,Cr
136,2002-02-28 00:00:00,C,M1,2,H,,,,,2,Cr
137,2002-03-31 00:00:00,C,M1,2,H,,,,,2,Cr
138,2002-04-30 00:00:00,C,M1,2,H,,,,,2,Cr
139,2002-05-31 00:00:00,C,M1,2,H,,,,,2,Cr
140,2002-06-30 00:00:00,C,M1,2,H,,,,,2,Cr
141,2002-07-31 00:00:00,C,M1,2,H,,,,,2,Cr
142,2002-08-31 00:00:00,C,M1,2,H,,,,,2,Cr
143,2002-09-30 00:00:00,C,M1,2,H,,,,,2,Cr
144,2002-10-31 00:00:00,C,M1,2,H,,,,,2,Cr
145,2002-11-30 00:00:00,C,M1,2,H,,,,,2,Cr
146,2002-12-31 00:00:00,C,M1,2,H,,,,,2,Cr
147,2003-01-31 00:00:00,C,M1,2,H,,,,,2,Cr
148,2003-02-28 00:00:00,C,M1,2,H,,,,,2,Cr
149,2003-03-31 00:00:00,C,M1,2,H,,,,,2,Cr
150,2003-04-30 00:00:00,C,M1,2,H,,,,,2,Cr
151,2003-05-31 00:00:00,C,M1,2,H,,,,,2,Cr
152,2003-06-30 00:00:00,C,M1,2,H,,,,,2,Cr
153,2003-07-31 00:00:00,C,M1,2,H,,,,,2,Cr
154,2003-08-31 00:00:00,C,M1,2,H,,,,,2,Cr
155,2003-09-30 00:00:00,C,M1,2,H,,,,,2,Cr
156,2003-10-31 00:00:00,C,M1,2,H,,,,,2,Cr
157,2003-11-30 00:00:00,C,M1,2,H,,,,,2,Cr
158,2003-12-31 00:00:00,C,M1,2,H,,,,,2,Cr
159,2004-01-31 00:00:00,C,M1,2,H,,,,,2,Cr
160,2004-02-29 00:00:00,C,M1,2,H,,,,,2,Cr
161,2004-03-31 00:00:00,C,M1,2,H,,,,,2,Cr
162,2004-04-30 00:00:00,C,M1,2,H,,,,,2,Cr
163,2004-05-31 00:00:00,C,M1,2,H,,,,,2,Cr
164,2004-06-30 00:00:00,C,M1,2,H,,,,,2,Cr
165,2004-07-31 00:00:00,C,M1,2,H,,,,,2,Cr
166,2004-08-31 00:00:00,C,M1,2,H,,,,,2,Cr
167,2004-09-30 00:00:00,C,M1,2,H,,,,,2,Cr
168,2004-10-31 00:00:00,C,M1,2,H,,,,,2,Cr
169,2004-11-30 00:00:00,C,M1,2,H,,,,,2,Cr
170,2004-12-31 00:00:00,C,M1,2,H,,,,,2,Cr
171,2005-01-31 00:00:00,C,M1,2,H,,,,,2,Cr
172,2005-02-28 00:00:00,C,M1,2,H,,,,,2,Cr
173,2005-03-31 00:00:00,C,M1,2,H,,,,,2,Cr
174,2005-04-30 00:00:00,C,M1,2,H,,,,,2,Cr
175,2005-05-31 00:00:00,C,M1,2,H,,,,,2,Cr
176,2005-06-30 00:00:00,C,M1,2,H,,,,,2,Cr
177,2005-07-31 00:00:00,C,M1,2,H,,,,,2,Cr
178,2005-08-31 00:00:00,C,M1,2,H,,,,,2,Cr
179,2005-09-30 00:00:00,C,M1,2,H,,,,,2,Cr
180,2005-10-31 00:00:00,C,M1,2,H,,,,,2,Cr
181,2005-11-30 00:00:00,C,M1,2,H,,,,,2,Cr
182,2005-12-31 00:00:00,C,M1,2,H,,,,,2,Cr
183,2006-01-31 00:00:00,C,M1,2,H,,,,,2,Cr
184,2006-02-28 00:00:00,C,M1,2,H,,,,,2,Cr
185,2006-03-31 00:00:00,C,M1,2,H,,,,,2,Cr
186,2006-04-30 00:00:00,C,M1,2,H,,,,,2,Cr
187,2006-05-31 00:00:00,C,M1,2,H,,,,,2,Cr
188,2006-06-30 00:00:00,C,M1,2,H,,,,,2,Cr
189,2006-07-31 00:00:00,C,M1,2,H,,,,,2,Cr
190,2006-08-31 00:00:00,C,M1,2,H,,,,,2,Cr
191,2006-09-30 00:00:00,C,M1,2,H,,,,,2,Cr
192,2006-10-31 00:00:00,C,M1,2,H,,,,,2,Cr
193,2006-11-30 00:00:00,C,M1,2,H,,,,,2,Cr
194,2006-12-31 00:00:00,C,M1,2,H,,,,,2,Cr
195,2007-01-31 00:00:00,C,M1,2,H,,,,,2,Cr
196,2007-02-28 00:00:00,C,M1,2,H,,,,,2,Cr
197,2007-03-31 00:00:00,C,M1,2,H,,,,,2,Cr
198,2007-04-30 00:00:00,C,M1,2,H,,,,,2,Cr
199,2007-05-31 00:00:00,C,M1,2,H,,,,,2,Cr
200,2007-06-30 00:00:00,C,M1,2,H,,,,,2,Cr
201,2007-07-31 00:00:00,C,M1,2,H,,,,,2,Cr
202,2007-08-31 00:00:00,C,M1,2,H,,,,,2,Cr
203,2007-09-30 00:00:00,C,M1,2,H,,,,,2,Cr
204,2007-10-31 00:00:00,C,M1,2,H,,,,,2,Cr
205,2007-11-30 00:00:00,C,M1,2,H,,,,,2,Cr
206,2007-12-31 00:00:00,C,M1,2,H,,,,,2,Cr
207,2008-01-31 00:00:00,C,M1,2,H,,,,,2,Cr
208,2008-02-29 00:00:00,C,M1,2,H,,,,,2,Cr
209,2008-03-31 00:00:00,C,M1,2,H,,,,,2,Cr
210,2008-04-30 00:00:00,C,M1,2,H,,,,,2,Cr
211,2008-05-31 00:00:00,C,M1,2,H,,,,,2,Cr
212,2008-06-30 00:00:00,C,M1,2,H,,,,,2,Cr
213,2008-07-31 00:00:00,C,M1,2,H,,,,,2,Cr
214,2008-08-31 00:00:00,C,M1,2,H,,,,,2,Cr
215,2008-09-30 00:00:00,C,M1,2,H,,,,,2,Cr
216,2008-10-31 00:00:00,C,M1,2,H,,,,,2,Cr
217,2008-11-30 00:00:00,C,M1,2,H,,,,,2,Cr
218,2008-12-31 00:00:00,C,M1,2,H,,,,,2,Cr
219,2009-01-31 00:00:00,C,M1,2,H,,,,,2,Cr
220,2009-02-28 00:00:00,C,M1,2,H,,,,,2,Cr
221,2009-03-31 00:00:00,C,M1,2,H,,,,,2,Cr
222,2009-04-30 00:00:00,C,M1,2,H,,,,,2,Cr
223,2009-05-31 00:00:00,C,M1,2,H,,,,,2,Cr
224,2009-06-30 00:00:00,C,M1,2,H,,,,,2,Cr
225,2009-07-31 00:00:00,C,M1,2,H,,,,,2,Cr
226,2009-08-31 00:00:00,C,M1,2,H,,,,,2,Cr
227,2009-09-30 00:00:00,C,M1,2,H,,,,,2,Cr
228,2009-10-31 00:00:00,C,M1,2,H,,,,,2,Cr
229,2009-11-30 00:00:00,C,M1,2,H,,,,,2,Cr
230,2009-12-31 00:00:00,C,M1,2,H,,,,,2,Cr
231,2010-01-31 00:00:00,C,M1,2,H,,,,,2,Cr
232,2010-02-28 00:00:00,C,M1,2,H,,,,,2,Cr
233,2010-03-31 00:00:00,C,M1,2,H,,,,,2,Cr
234,2010-04-30 00:00:00,C,M1,2,H,,,,,2,Cr
235,2010-05-31 00:00:00,C,M1,2,H,,,,,2,Cr
236,2010-06-30 00:00:00,C,M1,2,H,,,,,2,Cr
237,2010-07-31 00:00:00,C,M1,2,H,,,,,2,Cr
238,2010-08-31 00:00:00,C,M1,2,H,,,,,2,Cr
239,2010-09-30 00:00:00,C,M1,2,H,,,,,2,Cr
240,2010-10-31 00:00:00,C,M1,2,H,,,,,2,Cr
241,2010-11-30 00:00:00,C,M1,2,H,,,,,2,Cr
242,2010-12-31 00:00:00,C,M1,2,H,,,,,2,Cr
243,2011-01-31 00:00:00,C,M1,2,H,,,,,2,Cr
244,2011-02-28 00:00:00,C,M1,2,H,,,,,2,Cr
245,2011-03-31 00:00:00,C,M1,2,H,,,,,2,Cr
246,2011-04-30 00:00:00,C,M1,2,H,,,,,2,Cr
247,2011-05-31 00:00:00,C,M1,2,H,,,,,2,Cr
248,2011-06-30 00:00:00,C,M1,2,H,,,,,2,Cr
249,2011-07-31 00:00:00,C,M1,2,H,,,,,2,Cr
250,2011-08-31 00:00:00,C,M1,2,H,,,,,2,Cr
251,2011-09-30 00:00:00,C,M1,2,H,,,,,2,Cr
252,2011-10-31 00:00:00,C,M1,2,H,,,,,2,Cr
253,2011-11-30 00:00:00,C,M1,2,H,,,,,2,Cr
254,2011-12-31 00:00:00,C,M1,2,H,,,,,2,Cr
255,2012-01-31 00:00:00,C,M1,2,H,,,,,2,Cr
256,2012-02-29 00:00:00,C,M1,2,H,,,,,2,Cr
257,2012-03-31 00:00:00,C,M1,2,H,,,,,2,Cr
258,2012-04-30 00:00:00,C,M1,2,H,,,,,2,Cr
259,2012-05-31 00:00:00,C,M1,2,H,,,,,2,Cr
260,2012-06-30 00:00:00,C,M1,2,H,,,,,2,Cr
261,2012-07-31 00:00:00,C,M1,2,H,,,,,2,Cr
262,2012-08-31 00:00:00,C,M1,2,H,,,,,2,Cr
263,2012-09-30 00:00:00,C,M1,2,H,,,,,2,Cr
264,2012-10-31 00:00:00,C,M1,2,H,,,,,2,Cr
265,2012-11-30 00:00:00,C,M1,2,H,,,,,2,Cr
266,2012-12-31 00:00:00,C,M1,2,H,,,,,2,Cr
267,2013-01-31 00:00:00,C,M1,2,H,,,,,2,Cr
268,2013-02-28 00:00:00,C,M1,2,H,,,,,2,Cr
269,2013-03-31 00:00:00,C,M1,2,H,,,,,2,Cr
270,2013-04-30 00:00:00,C,M1,2,H,,,,,2,Cr
271,2013-05-31 00:00:00,C,M1,2,H,,,,,2,Cr
272,2013-06-30 00:00:00,C,M1,2,H,,,,,2,Cr
273,2013-07-31 00:00:00,C,M1,2,H,,,,,2,Cr
274,2013-08-31 00:00:00,C,M1,2,H,,,,,2,Cr
275,2013-09-30 00:00:00,C,M1,2,H,,,,,2,Cr
276,2013-10-31 00:00:00,C,M1,2,H,,,,,2,Cr
277,2013-11-30 00:00:00,C,M1,2,H,,,,,2,Cr
278,2013-12-31 00:00:00,C,M1,2,H,,,,,2,Cr
279,2014-01-31 00:00:00,C,M1,2,H,,,,,2,Cr
280,2014-02-28 00:00:00,C,M1,2,H,,,,,2,Cr
281,2014-03-31 00:00:00,C,M1,2,H,0.353,0.33113669064748197,-0.138,0.04055273922355966,2,Cr
282,2014-04-30 00:00:00,C,M1,2,H,0.3720000000000001,0.3477972222222216,0.333,0.007123306566562871,2,Cr
283,2014-05-31 00:00:00,C,M1,2,H,0.363,0.3468006756756751,0.322,0.00800873249350371,2,Cr
284,2001-06-30 00:00:00,,M1,2,H,0.32299999999999995,0.2460353697749194,0.17800000000000002,0.040639271128390025,2,
285,2001-07-31 00:00:00,,M1,2,H,0.208,0.176,-0.058,0.07775731476845123,2,
286,2001-08-31 00:00:00,,M1,2,H,,,,,2,
287,2001-09-30 00:00:00,,M1,2,H,,,,,2,
288,2001-10-31 00:00:00,,M1,2,H,,,,,2,
289,2001-11-30 00:00:00,,M1,2,H,,,,,2,
290,2001-12-31 00:00:00,,M1,2,H,,,,,2,
291,2002-01-31 00:00:00,,M1,2,H,,,,,2,
292,2002-02-28 00:00:00,,M1,2,H,,,,,2,
293,2002-03-31 00:00:00,,M1,2,H,,,,,2,
294,2002-04-30 00:00:00,,M1,2,H,,,,,2,
295,2002-05-31 00:00:00,,M1,2,H,,,,,2,
296,2002-06-30 00:00:00,,M1,2,H,,,,,2,
297,2002-07-31 00:00:00,,M1,2,H,,,,,2,
298,2002-08-31 00:00:00,,M1,2,H,,,,,2,
299,2002-09-30 00:00:00,,M1,2,H,,,,,2,
300,2002-10-31 00:00:00,,M1,2,H,,,,,2,
301,2002-11-30 00:00:00,,M1,2,H,,,,,2,
302,2002-12-31 00:00:00,,M1,2,H,,,,,2,
303,2003-01-31 00:00:00,,M1,2,H,,,,,2,
304,2003-02-28 00:00:00,,M1,2,H,,,,,2,
305,2003-03-31 00:00:00,,M1,2,H,,,,,2,
306,2003-04-30 00:00:00,,M1,2,H,,,,,2,
307,2003-05-31 00:00:00,,M1,2,H,,,,,2,
308,2003-06-30 00:00:00,,M1,2,H,,,,,2,
309,2003-07-31 00:00:00,,M1,2,H,,,,,2,
310,2003-08-31 00:00:00,,M1,2,H,,,,,2,
311,2003-09-30 00:00:00,,M1,2,H,,,,,2,
312,2003-10-31 00:00:00,,M1,2,H,,,,,2,
313,2003-11-30 00:00:00,,M1,2,H,,,,,2,
314,2003-12-31 00:00:00,,M1,2,H,,,,,2,
315,2004-01-31 00:00:00,,M1,2,H,,,,,2,
316,2004-02-29 00:00:00,,M1,2,H,,,,,2,
317,2004-03-31 00:00:00,,M1,2,H,,,,,2,
318,2004-04-30 00:00:00,,M1,2,H,,,,,2,
319,2004-05-31 00:00:00,,M1,2,H,,,,,2,
320,2004-06-30 00:00:00,,M1,2,H,,,,,2,
321,2004-07-31 00:00:00,,M1,2,H,,,,,2,
322,2004-08-31 00:00:00,,M1,2,H,,,,,2,
323,2004-09-30 00:00:00,,M1,2,H,,,,,2,
324,2004-10-31 00:00:00,,M1,2,H,,,,,2,
325,2004-11-30 00:00:00,,M1,2,H,,,,,2,
326,2004-12-31 00:00:00,,M1,2,H,,,,,2,
327,2005-01-31 00:00:00,,M1,2,H,,,,,2,
328,2005-02-28 00:00:00,,M1,2,H,,,,,2,
329,2005-03-31 00:00:00,,M1,2,H,,,,,2,
330,2005-04-30 00:00:00,,M1,2,H,,,,,2,
331,2005-05-31 00:00:00,,M1,2,H,,,,,2,
332,2005-06-30 00:00:00,,M1,2,H,,,,,2,
333,2005-07-31 00:00:00,,M1,2,H,,,,,2,
334,2005-08-31 00:00:00,,M1,2,H,,,,,2,
335,2005-09-30 00:00:00,,M1,2,H,,,,,2,
336,2005-10-31 00:00:00,,M1,2,H,,,,,2,
337,2005-11-30 00:00:00,,M1,2,H,,,,,2,
338,2005-12-31 00:00:00,,M1,2,H,,,,,2,
339,2006-01-31 00:00:00,,M1,2,H,,,,,2,
340,2006-02-28 00:00:00,,M1,2,H,,,,,2,
341,2006-03-31 00:00:00,,M1,2,H,,,,,2,
342,2006-04-30 00:00:00,,M1,2,H,,,,,2,
343,2006-05-31 00:00:00,,M1,2,H,,,,,2,
344,2006-06-30 00:00:00,,M1,2,H,,,,,2,
345,2006-07-31 00:00:00,,M1,2,H,,,,,2,
346,2006-08-31 00:00:00,,M1,2,H,,,,,2,
347,2006-09-30 00:00:00,,M1,2,H,,,,,2,
348,2006-10-31 00:00:00,,M1,2,H,,,,,2,
349,2006-11-30 00:00:00,,M1,2,H,,,,,2,
350,2006-12-31 00:00:00,,M1,2,H,,,,,2,
351,2007-01-31 00:00:00,,M1,2,H,,,,,2,
352,2007-02-28 00:00:00,,M1,2,H,,,,,2,
353,2007-03-31 00:00:00,,M1,2,H,,,,,2,
354,2007-04-30 00:00:00,,M1,2,H,,,,,2,
355,2007-05-31 00:00:00,,M1,2,H,,,,,2,
356,2007-06-30 00:00:00,,M1,2,H,,,,,2,
357,2007-07-31 00:00:00,,M1,2,H,,,,,2,
358,2007-08-31 00:00:00,,M1,2,H,,,,,2,
359,2007-09-30 00:00:00,,M1,2,H,,,,,2,
360,2007-10-31 00:00:00,,M1,2,H,,,,,2,
361,2007-11-30 00:00:00,,M1,2,H,,,,,2,
362,2007-12-31 00:00:00,,M1,2,H,,,,,2,
363,2008-01-31 00:00:00,,M1,2,H,,,,,2,
364,2008-02-29 00:00:00,,M1,2,H,,,,,2,
365,2008-03-31 00:00:00,,M1,2,H,,,,,2,
366,2008-04-30 00:00:00,,M1,2,H,,,,,2,
367,2008-05-31 00:00:00,,M1,2,H,,,,,2,
368,2008-06-30 00:00:00,,M1,2,H,,,,,2,
369,2008-07-31 00:00:00,,M1,2,H,,,,,2,
370,2008-08-31 00:00:00,,M1,2,H,,,,,2,
371,2008-09-30 00:00:00,,M1,2,H,,,,,2,
372,2008-10-31 00:00:00,,M1,2,H,,,,,2,
373,2008-11-30 00:00:00,,M1,2,H,,,,,2,
374,2008-12-31 00:00:00,,M1,2,H,,,,,2,
375,2009-01-31 00:00:00,,M1,2,H,,,,,2,
376,2009-02-28 00:00:00,,M1,2,H,,,,,2,
377,2009-03-31 00:00:00,,M1,2,H,,,,,2,
378,2009-04-30 00:00:00,,M1,2,H,,,,,2,
379,2009-05-31 00:00:00,,M1,2,H,,,,,2,
380,2009-06-30 00:00:00,,M1,2,H,,,,,2,
381,2009-07-31 00:00:00,,M1,2,H,,,,,2,
382,2009-08-31 00:00:00,,M1,2,H,,,,,2,
383,2009-09-30 00:00:00,,M1,2,H,,,,,2,
384,2009-10-31 00:00:00,,M1,2,H,,,,,2,
385,2009-11-30 00:00:00,,M1,2,H,,,,,2,
386,2009-12-31 00:00:00,,M1,2,H,,,,,2,
387,2010-01-31 00:00:00,,M1,2,H,,,,,2,
388,2010-02-28 00:00:00,,M1,2,H,,,,,2,
389,2010-03-31 00:00:00,,M1,2,H,,,,,2,
390,2010-04-30 00:00:00,,M1,2,H,,,,,2,
391,2010-05-31 00:00:00,,M1,2,H,,,,,2,
392,2010-06-30 00:00:00,,M1,2,H,,,,,2,
393,2010-07-31 00:00:00,,M1,2,H,,,,,2,
394,2010-08-31 00:00:00,,M1,2,H,,,,,2,
395,2010-09-30 00:00:00,,M1,2,H,,,,,2,
396,2010-10-31 00:00:00,,M1,2,H,,,,,2,
397,2010-11-30 00:00:00,,M1,2,H,,,,,2,
398,2010-12-31 00:00:00,,M1,2,H,,,,,2,
399,2011-01-31 00:00:00,,M1,2,H,,,,,2,
400,2011-02-28 00:00:00,,M1,2,H,,,,,2,
401,2011-03-31 00:00:00,,M1,2,H,,,,,2,
402,2011-04-30 00:00:00,,M1,2,H,,,,,2,
403,2011-05-31 00:00:00,,M1,2,H,,,,,2,
404,2011-06-30 00:00:00,,M1,2,H,,,,,2,
405,2011-07-31 00:00:00,,M1,2,H,,,,,2,
406,2011-08-31 00:00:00,,M1,2,H,,,,,2,
407,2011-09-30 00:00:00,,M1,2,H,,,,,2,
408,2011-10-31 00:00:00,,M1,2,H,,,,,2,
409,2011-11-30 00:00:00,,M1,2,H,,,,,2,
410,2011-12-31 00:00:00,,M1,2,H,,,,,2,
411,2012-01-31 00:00:00,,M1,2,H,,,,,2,
412,2012-02-29 00:00:00,,M1,2,H,,,,,2,
413,2012-03-31 00:00:00,,M1,2,H,,,,,2,
414,2012-04-30 00:00:00,,M1,2,H,,,,,2,
415,2012-05-31 00:00:00,,M1,2,H,,,,,2,
416,2012-06-30 00:00:00,,M1,2,H,,,,,2,
417,2012-07-31 00:00:00,,M1,2,H,,,,,2,
418,2012-08-31 00:00:00,,M1,2,H,,,,,2,
419,2012-09-30 00:00:00,,M1,2,H,,,,,2,
420,2012-10-31 00:00:00,,M1,2,H,,,,,2,
421,2012-11-30 00:00:00,,M1,2,H,,,,,2,
422,2012-12-31 00:00:00,,M1,2,H,,,,,2,
423,2013-01-31 00:00:00,,M1,2,H,,,,,2,
424,2013-02-28 00:00:00,,M1,2,H,,,,,2,
425,2013-03-31 00:00:00,,M1,2,H,,,,,2,
426,2013-04-30 00:00:00,,M1,2,H,,,,,2,
427,2013-05-31 00:00:00,,M1,2,H,,,,,2,
428,2013-06-30 00:00:00,,M1,2,H,,,,,2,
429,2013-07-31 00:00:00,,M1,2,H,,,,,2,
430,2013-08-31 00:00:00,,M1,2,H,,,,,2,
431,2013-09-30 00:00:00,,M1,2,H,,,,,2,
432,2013-10-31 00:00:00,,M1,2,H,,,,,2,
433,2013-11-30 00:00:00,,M1,2,H,,,,,2,
434,2013-12-31 00:00:00,,M1,2,H,,,,,2,
435,2014-01-31 00:00:00,,M1,2,H,,,,,2,
436,2014-02-28 00:00:00,,M1,2,H,,,,,2,
437,2014-03-31 00:00:00,,M1,2,H,0.353,0.3283956834532375,-0.155,0.0420862845063701,2,
438,2014-04-30 00:00:00,,M1,2,H,0.385,0.3472499999999988,0.311,0.015664616906968385,2,
439,2014-05-31 00:00:00,,M1,2,H,0.35700000000000004,0.3299358108108105,0.301,0.01114553652477633,2,
440,2001-06-30 00:00:00,,M1,2,H,0.361,0.31104823151125466,0.274,0.022210305405751536,2,
441,2001-07-31 00:00:00,,M1,2,H,0.3,0.2727272727272727,0.073,0.06640796775853164,2,
442,2001-08-31 00:00:00,,M1,2,H,,,,,2,
443,2001-09-30 00:00:00,,M1,2,H,,,,,2,
444,2001-10-31 00:00:00,,M1,2,H,,,,,2,
445,2001-11-30 00:00:00,,M1,2,H,,,,,2,
446,2001-12-31 00:00:00,,M1,2,H,,,,,2,
447,2002-01-31 00:00:00,,M1,2,H,,,,,2,
448,2002-02-28 00:00:00,,M1,2,H,,,,,2,
449,2002-03-31 00:00:00,,M1,2,H,,,,,2,
450,2002-04-30 00:00:00,,M1,2,H,,,,,2,
451,2002-05-31 00:00:00,,M1,2,H,,,,,2,
452,2002-06-30 00:00:00,,M1,2,H,,,,,2,
453,2002-07-31 00:00:00,,M1,2,H,,,,,2,
454,2002-08-31 00:00:00,,M1,2,H,,,,,2,
455,2002-09-30 00:00:00,,M1,2,H,,,,,2,
456,2002-10-31 00:00:00,,M1,2,H,,,,,2,
457,2002-11-30 00:00:00,,M1,2,H,,,,,2,
458,2002-12-31 00:00:00,,M1,2,H,,,,,2,
459,2003-01-31 00:00:00,,M1,2,H,,,,,2,
460,2003-02-28 00:00:00,,M1,2,H,,,,,2,
461,2003-03-31 00:00:00,,M1,2,H,,,,,2,
462,2003-04-30 00:00:00,,M1,2,H,,,,,2,
463,2003-05-31 00:00:00,,M1,2,H,,,,,2,
464,2003-06-30 00:00:00,,M1,2,H,,,,,2,
465,2003-07-31 00:00:00,,M1,2,H,,,,,2,
466,2003-08-31 00:00:00,,M1,2,H,,,,,2,
467,2003-09-30 00:00:00,,M1,2,H,,,,,2,
468,2003-10-31 00:00:00,,M1,2,H,,,,,2,
469,2003-11-30 00:00:00,,M1,2,H,,,,,2,
470,2003-12-31 00:00:00,,M1,2,H,,,,,2,
471,2004-01-31 00:00:00,,M1,2,H,,,,,2,
472,2004-02-29 00:00:00,,M1,2,H,,,,,2,
473,2004-03-31 00:00:00,,M1,2,H,,,,,2,
474,2004-04-30 00:00:00,,M1,2,H,,,,,2,
475,2004-05-31 00:00:00,,M1,2,H,,,,,2,
476,2004-06-30 00:00:00,,M1,2,H,,,,,2,
477,2004-07-31 00:00:00,,M1,2,H,,,,,2,
478,2004-08-31 00:00:00,,M1,2,H,,,,,2,
479,2004-09-30 00:00:00,,M1,2,H,,,,,2,
480,2004-10-31 00:00:00,,M1,2,H,,,,,2,
481,2004-11-30 00:00:00,,M1,2,H,,,,,2,
482,2004-12-31 00:00:00,,M1,2,H,,,,,2,
483,2005-01-31 00:00:00,,M1,2,H,,,,,2,
484,2005-02-28 00:00:00,,M1,2,H,,,,,2,
485,2005-03-31 00:00:00,,M1,2,H,,,,,2,
486,2005-04-30 00:00:00,,M1,2,H,,,,,2,
487,2005-05-31 00:00:00,,M1,2,H,,,,,2,
488,2005-06-30 00:00:00,,M1,2,H,,,,,2,
489,2005-07-31 00:00:00,,M1,2,H,,,,,2,
490,2005-08-31 00:00:00,,M1,2,H,,,,,2,
491,2005-09-30 00:00:00,,M1,2,H,,,,,2,
492,2005-10-31 00:00:00,,M1,2,H,,,,,2,
493,2005-11-30 00:00:00,,M1,2,H,,,,,2,
494,2005-12-31 00:00:00,,M1,2,H,,,,,2,
495,2006-01-31 00:00:00,,M1,2,H,,,,,2,
496,2006-02-28 00:00:00,,M1,2,H,,,,,2,
497,2006-03-31 00:00:00,,M1,2,H,,,,,2,
498,2006-04-30 00:00:00,,M1,2,H,,,,,2,
499,2006-05-31 00:00:00,,M1,2,H,,,,,2,
500,2006-06-30 00:00:00,,M1,2,H,,,,,2,
501,2006-07-31 00:00:00,,M1,2,H,,,,,2,
502,2006-08-31 00:00:00,,M1,2,H,,,,,2,
503,2006-09-30 00:00:00,,M1,2,H,,,,,2,
504,2006-10-31 00:00:00,,M1,2,H,,,,,2,
505,2006-11-30 00:00:00,,M1,2,H,,,,,2,
506,2006-12-31 00:00:00,,M1,2,H,,,,,2,
507,2007-01-31 00:00:00,,M1,2,H,,,,,2,
508,2007-02-28 00:00:00,,M1,2,H,,,,,2,
509,2007-03-31 00:00:00,,M1,2,H,,,,,2,
510,2007-04-30 00:00:00,,M1,2,H,,,,,2,
511,2007-05-31 00:00:00,,M1,2,H,,,,,2,
512,2007-06-30 00:00:00,,M1,2,H,,,,,2,
513,2007-07-31 00:00:00,,M1,2,H,,,,,2,
514,2007-08-31 00:00:00,,M1,2,H,,,,,2,
515,2007-09-30 00:00:00,,M1,2,H,,,,,2,
516,2007-10-31 00:00:00,,M1,2,H,,,,,2,
517,2007-11-30 00:00:00,,M1,2,H,,,,,2,
518,2007-12-31 00:00:00,,M1,2,H,,,,,2,
519,2008-01-31 00:00:00,,M1,2,H,,,,,2,
520,2008-02-29 00:00:00,,M1,2,H,,,,,2,
521,2008-03-31 00:00:00,,M1,2,H,,,,,2,
522,2008-04-30 00:00:00,,M1,2,H,,,,,2,
523,2008-05-31 00:00:00,,M1,2,H,,,,,2,
524,2008-06-30 00:00:00,,M1,2,H,,,,,2,
525,2008-07-31 00:00:00,,M1,2,H,,,,,2,
526,2008-08-31 00:00:00,,M1,2,H,,,,,2,
527,2008-09-30 00:00:00,,M1,2,H,,,,,2,
528,2008-10-31 00:00:00,,M1,2,H,,,,,2,
529,2008-11-30 00:00:00,,M1,2,H,,,,,2,
530,2008-12-31 00:00:00,,M1,2,H,,,,,2,
531,2009-01-31 00:00:00,,M1,2,H,,,,,2,
532,2009-02-28 00:00:00,,M1,2,H,,,,,2,
533,2009-03-31 00:00:00,,M1,2,H,,,,,2,
534,2009-04-30 00:00:00,,M1,2,H,,,,,2,
535,2009-05-31 00:00:00,,M1,2,H,,,,,2,
536,2009-06-30 00:00:00,,M1,2,H,,,,,2,
537,2009-07-31 00:00:00,,M1,2,H,,,,,2,
538,2009-08-31 00:00:00,,M1,2,H,,,,,2,
539,2009-09-30 00:00:00,,M1,2,H,,,,,2,
540,2009-10-31 00:00:00,,M1,2,H,,,,,2,
541,2009-11-30 00:00:00,,M1,2,H,,,,,2,
542,2009-12-31 00:00:00,,M1,2,H,,,,,2,
543,2010-01-31 00:00:00,,M1,2,H,,,,,2,
544,2010-02-28 00:00:00,,M1,2,H,,,,,2,
545,2010-03-31 00:00:00,,M1,2,H,,,,,2,
546,2010-04-30 00:00:00,,M1,2,H,,,,,2,
547,2010-05-31 00:00:00,,M1,2,H,,,,,2,
548,2010-06-30 00:00:00,,M1,2,H,,,,,2,
549,2010-07-31 00:00:00,,M1,2,H,,,,,2,
550,2010-08-31 00:00:00,,M1,2,H,,,,,2,
551,2010-09-30 00:00:00,,M1,2,H,,,,,2,
552,2010-10-31 00:00:00,,M1,2,H,,,,,2,
553,2010-11-30 00:00:00,,M1,2,H,,,,,2,
554,2010-12-31 00:00:00,,M1,2,H,,,,,2,
555,2011-01-31 00:00:00,,M1,2,H,,,,,2,
556,2011-02-28 00:00:00,,M1,2,H,,,,,2,
557,2011-03-31 00:00:00,,M1,2,H,,,,,2,
558,2011-04-30 00:00:00,,M1,2,H,,,,,2,
559,2011-05-31 00:00:00,,M1,2,H,,,,,2,
560,2011-06-30 00:00:00,,M1,2,H,,,,,2,
561,2011-07-31 00:00:00,,M1,2,H,,,,,2,
562,2011-08-31 00:00:00,,M1,2,H,,,,,2,
563,2011-09-30 00:00:00,,M1,2,H,,,,,2,
564,2011-10-31 00:00:00,,M1,2,H,,,,,2,
565,2011-11-30 00:00:00,,M1,2,H,,,,,2,
566,2011-12-31 00:00:00,,M1,2,H,,,,,2,
567,2012-01-31 00:00:00,,M1,2,H,,,,,2,
568,2012-02-29 00:00:00,,M1,2,H,,,,,2,
569,2012-03-31 00:00:00,,M1,2,H,,,,,2,
570,2012-04-30 00:00:00,,M1,2,H,,,,,2,
571,2012-05-31 00:00:00,,M1,2,H,,,,,2,
572,2012-06-30 00:00:00,,M1,2,H,,,,,2,
573,2012-07-31 00:00:00,,M1,2,H,,,,,2,
574,2012-08-31 00:00:00,,M1,2,H,,,,,2,
575,2012-09-30 00:00:00,,M1,2,H,,,,,2,
576,2012-10-31 00:00:00,,M1,2,H,,,,,2,
577,2012-11-30 00:00:00,,M1,2,H,,,,,2,
578,2012-12-31 00:00:00,,M1,2,H,,,,,2,
579,2013-01-31 00:00:00,,M1,2,H,,,,,2,
580,2013-02-28 00:00:00,,M1,2,H,,,,,2,
581,2013-03-31 00:00:00,,M1,2,H,,,,,2,
582,2013-04-30 00:00:00,,M1,2,H,,,,,2,
583,2013-05-31 00:00:00,,M1,2,H,,,,,2,
584,2013-06-30 00:00:00,,M1,2,H,,,,,2,
585,2013-07-31 00:00:00,,M1,2,H,,,,,2,
586,2013-08-31 00:00:00,,M1,2,H,,,,,2,
587,2013-09-30 00:00:00,,M1,2,H,,,,,2,
588,2013-10-31 00:00:00,,M1,2,H,,,,,2,
589,2013-11-30 00:00:00,,M1,2,H,,,,,2,
590,2013-12-31 00:00:00,,M1,2,H,,,,,2,
591,2014-01-31 00:00:00,,M1,2,H,,,,,2,
592,2014-02-28 00:00:00,,M1,2,H,,,,,2,
593,2014-03-31 00:00:00,,M1,2,H,0.382,0.3509784172661868,-0.122,0.04152674493989509,2,
594,2014-04-30 00:00:00,,M1,2,H,0.408,0.3697305555555555,0.338,0.014763772559621805,2,
595,2014-05-31 00:00:00,,M1,2,H,0.385,0.3593682432432427,0.338,0.009496629462137474,2,
596,2001-06-30 00:00:00,,M1,2,H,0.219,0.16582958199356923,0.123,0.02526415079972229,2,
597,2001-07-31 00:00:00,,M1,2,H,0.14400000000000002,0.11172727272727272,-0.151,0.08718840623510782,2,
598,2001-08-31 00:00:00,,M1,2,H,,,,,2,
599,2001-09-30 00:00:00,,M1,2,H,,,,,2,
600,2001-10-31 00:00:00,,M1,2,H,,,,,2,
601,2001-11-30 00:00:00,,M1,2,H,,,,,2,
602,2001-12-31 00:00:00,,M1,2,H,,,,,2,
603,2002-01-31 00:00:00,,M1,2,H,,,,,2,
604,2002-02-28 00:00:00,,M1,2,H,,,,,2,
605,2002-03-31 00:00:00,,M1,2,H,,,,,2,
606,2002-04-30 00:00:00,,M1,2,H,,,,,2,
607,2002-05-31 00:00:00,,M1,2,H,,,,,2,
608,2002-06-30 00:00:00,,M1,2,H,,,,,2,
609,2002-07-31 00:00:00,,M1,2,H,,,,,2,
610,2002-08-31 00:00:00,,M1,2,H,,,,,2,
611,2002-09-30 00:00:00,,M1,2,H,,,,,2,
612,2002-10-31 00:00:00,,M1,2,H,,,,,2,
613,2002-11-30 00:00:00,,M1,2,H,,,,,2,
614,2002-12-31 00:00:00,,M1,2,H,,,,,2,
615,2003-01-31 00:00:00,,M1,2,H,,,,,2,
616,2003-02-28 00:00:00,,M1,2,H,,,,,2,
617,2003-03-31 00:00:00,,M1,2,H,,,,,2,
618,2003-04-30 00:00:00,,M1,2,H,,,,,2,
619,2003-05-31 00:00:00,,M1,2,H,,,,,2,
620,2003-06-30 00:00:00,,M1,2,H,,,,,2,
621,2003-07-31 00:00:00,,M1,2,H,,,,,2,
622,2003-08-31 00:00:00,,M1,2,H,,,,,2,
623,2003-09-30 00:00:00,,M1,2,H,,,,,2,
624,2003-10-31 00:00:00,,M1,2,H,,,,,2,
625,2003-11-30 00:00:00,,M1,2,H,,,,,2,
626,2003-12-31 00:00:00,,M1,2,H,,,,,2,
627,2004-01-31 00:00:00,,M1,2,H,,,,,2,
628,2004-02-29 00:00:00,,M1,2,H,,,,,2,
629,2004-03-31 00:00:00,,M1,2,H,,,,,2,
630,2004-04-30 00:00:00,,M1,2,H,,,,,2,
631,2004-05-31 00:00:00,,M1,2,H,,,,,2,
632,2004-06-30 00:00:00,,M1,2,H,,,,,2,
633,2004-07-31 00:00:00,,M1,2,H,,,,,2,
634,2004-08-31 00:00:00,,M1,2,H,,,,,2,
635,2004-09-30 00:00:00,,M1,2,H,,,,,2,
636,2004-10-31 00:00:00,,M1,2,H,,,,,2,
637,2004-11-30 00:00:00,,M1,2,H,,,,,2,
638,2004-12-31 00:00:00,,M1,2,H,,,,,2,
639,2005-01-31 00:00:00,,M1,2,H,,,,,2,
640,2005-02-28 00:00:00,,M1,2,H,,,,,2,
641,2005-03-31 00:00:00,,M1,2,H,,,,,2,
642,2005-04-30 00:00:00,,M1,2,H,,,,,2,
643,2005-05-31 00:00:00,,M1,2,H,,,,,2,
644,2005-06-30 00:00:00,,M1,2,H,,,,,2,
645,2005-07-31 00:00:00,,M1,2,H,,,,,2,
646,2005-08-31 00:00:00,,M1,2,H,,,,,2,
647,2005-09-30 00:00:00,,M1,2,H,,,,,2,
648,2005-10-31 00:00:00,,M1,2,H,,,,,2,
649,2005-11-30 00:00:00,,M1,2,H,,,,,2,
650,2005-12-31 00:00:00,,M1,2,H,,,,,2,
651,2006-01-31 00:00:00,,M1,2,H,,,,,2,
652,2006-02-28 00:00:00,,M1,2,H,,,,,2,
653,2006-03-31 00:00:00,,M1,2,H,,,,,2,
654,2006-04-30 00:00:00,,M1,2,H,,,,,2,
655,2006-05-31 00:00:00,,M1,2,H,,,,,2,
656,2006-06-30 00:00:00,,M1,2,H,,,,,2,
657,2006-07-31 00:00:00,,M1,2,H,,,,,2,
658,2006-08-31 00:00:00,,M1,2,H,,,,,2,
659,2006-09-30 00:00:00,,M1,2,H,,,,,2,
660,2006-10-31 00:00:00,,M1,2,H,,,,,2,
661,2006-11-30 00:00:00,,M1,2,H,,,,,2,
662,2006-12-31 00:00:00,,M1,2,H,,,,,2,
663,2007-01-31 00:00:00,,M1,2,H,,,,,2,
664,2007-02-28 00:00:00,,M1,2,H,,,,,2,
665,2007-03-31 00:00:00,,M1,2,H,,,,,2,
666,2007-04-30 00:00:00,,M1,2,H,,,,,2,
667,2007-05-31 00:00:00,,M1,2,H,,,,,2,
668,2007-06-30 00:00:00,,M1,2,H,,,,,2,
669,2007-07-31 00:00:00,,M1,2,H,,,,,2,
670,2007-08-31 00:00:00,,M1,2,H,,,,,2,
671,2007-09-30 00:00:00,,M1,2,H,,,,,2,
672,2007-10-31 00:00:00,,M1,2,H,,,,,2,
673,2007-11-30 00:00:00,,M1,2,H,,,,,2,
674,2007-12-31 00:00:00,,M1,2,H,,,,,2,
675,2008-01-31 00:00:00,,M1,2,H,,,,,2,
676,2008-02-29 00:00:00,,M1,2,H,,,,,2,
677,2008-03-31 00:00:00,,M1,2,H,,,,,2,
678,2008-04-30 00:00:00,,M1,2,H,,,,,2,
679,2008-05-31 00:00:00,,M1,2,H,,,,,2,
680,2008-06-30 00:00:00,,M1,2,H,,,,,2,
681,2008-07-31 00:00:00,,M1,2,H,,,,,2,
682,2008-08-31 00:00:00,,M1,2,H,,,,,2,
683,2008-09-30 00:00:00,,M1,2,H,,,,,2,
684,2008-10-31 00:00:00,,M1,2,H,,,,,2,
685,2008-11-30 00:00:00,,M1,2,H,,,,,2,
686,2008-12-31 00:00:00,,M1,2,H,,,,,2,
687,2009-01-31 00:00:00,,M1,2,H,,,,,2,
688,2009-02-28 00:00:00,,M1,2,H,,,,,2,
689,2009-03-31 00:00:00,,M1,2,H,,,,,2,
690,2009-04-30 00:00:00,,M1,2,H,,,,,2,
691,2009-05-31 00:00:00,,M1,2,H,,,,,2,
692,2009-06-30 00:00:00,,M1,2,H,,,,,2,
693,2009-07-31 00:00:00,,M1,2,H,,,,,2,
694,2009-08-31 00:00:00,,M1,2,H,,,,,2,
695,2009-09-30 00:00:00,,M1,2,H,,,,,2,
696,2009-10-31 00:00:00,,M1,2,H,,,,,2,
697,2009-11-30 00:00:00,,M1,2,H,,,,,2,
698,2009-12-31 00:00:00,,M1,2,H,,,,,2,
699,2010-01-31 00:00:00,,M1,2,H,,,,,2,
700,2010-02-28 00:00:00,,M1,2,H,,,,,2,
701,2010-03-31 00:00:00,,M1,2,H,,,,,2,
702,2010-04-30 00:00:00,,M1,2,H,,,,,2,
703,2010-05-31 00:00:00,,M1,2,H,,,,,2,
704,2010-06-30 00:00:00,,M1,2,H,,,,,2,
705,2010-07-31 00:00:00,,M1,2,H,,,,,2,
706,2010-08-31 00:00:00,,M1,2,H,,,,,2,
707,2010-09-30 00:00:00,,M1,2,H,,,,,2,
708,2010-10-31 00:00:00,,M1,2,H,,,,,2,
709,2010-11-30 00:00:00,,M1,2,H,,,,,2,
710,2010-12-31 00:00:00,,M1,2,H,,,,,2,
711,2011-01-31 00:00:00,,M1,2,H,,,,,2,
712,2011-02-28 00:00:00,,M1,2,H,,,,,2,
713,2011-03-31 00:00:00,,M1,2,H,,,,,2,
714,2011-04-30 00:00:00,,M1,2,H,,,,,2,
715,2011-05-31 00:00:00,,M1,2,H,,,,,2,
716,2011-06-30 00:00:00,,M1,2,H,,,,,2,
717,2011-07-31 00:00:00,,M1,2,H,,,,,2,
718,2011-08-31 00:00:00,,M1,2,H,,,,,2,
719,2011-09-30 00:00:00,,M1,2,H,,,,,2,
720,2011-10-31 00:00:00,,M1,2,H,,,,,2,
721,2011-11-30 00:00:00,,M1,2,H,,,,,2,
722,2011-12-31 00:00:00,,M1,2,H,,,,,2,
723,2012-01-31 00:00:00,,M1,2,H,,,,,2,
724,2012-02-29 00:00:00,,M1,2,H,,,,,2,
725,2012-03-31 00:00:00,,M1,2,H,,,,,2,
726,2012-04-30 00:00:00,,M1,2,H,,,,,2,
727,2012-05-31 00:00:00,,M1,2,H,,,,,2,
728,2012-06-30 00:00:00,,M1,2,H,,,,,2,
729,2012-07-31 00:00:00,,M1,2,H,,,,,2,
730,2012-08-31 00:00:00,,M1,2,H,,,,,2,
731,2012-09-30 00:00:00,,M1,2,H,,,,,2,
732,2012-10-31 00:00:00,,M1,2,H,,,,,2,
733,2012-11-30 00:00:00,,M1,2,H,,,,,2,
734,2012-12-31 00:00:00,,M1,2,H,,,,,2,
735,2013-01-31 00:00:00,,M1,2,H,,,,,2,
736,2013-02-28 00:00:00,,M1,2,H,,,,,2,
737,2013-03-31 00:00:00,,M1,2,H,,,,,2,
738,2013-04-30 00:00:00,,M1,2,H,,,,,2,
739,2013-05-31 00:00:00,,M1,2,H,,,,,2,
740,2013-06-30 00:00:00,,M1,2,H,,,,,2,
741,2013-07-31 00:00:00,,M1,2,H,,,,,2,
742,2013-08-31 00:00:00,,M1,2,H,,,,,2,
743,2013-09-30 00:00:00,,M1,2,H,,,,,2,
744,2013-10-31 00:00:00,,M1,2,H,,,,,2,
745,2013-11-30 00:00:00,,M1,2,H,,,,,2,
746,2013-12-31 00:00:00,,M1,2,H,,,,,2,
747,2014-01-31 00:00:00,,M1,2,H,,,,,2,
748,2014-02-28 00:00:00,,M1,2,H,,,,,2,
749,2014-03-31 00:00:00,,M1,2,H,0.326,0.2988561151079136,-0.182,0.04239250021705744,2,
750,2014-04-30 00:00:00,,M1,2,H,0.364,0.3151833333333336,0.266,0.026448767946825963,2,
751,2014-05-31 00:00:00,,M1,2,H,0.29,0.25572635135135124,0.202,0.018239353473107282,2,
752,2014-03-31 00:00:00,C,M2,2,H,0.324,0.29764028776978413,-0.276,0.04955249115460056,2,Cr
753,2014-04-30 00:00:00,C,M2,2,H,0.35200000000000004,0.3163527777777784,0.3,0.00893464310507403,2,Cr
754,2014-05-31 00:00:00,C,M2,2,H,0.32,0.30355645161290407,0.268,0.011410948366835016,2,Cr
755,2014-06-30 00:00:00,C,M2,2,H,0.273,0.22568674698795227,0.099,0.024485641469345027,2,Cr
756,2014-03-31 00:00:00,,M2,2,H,0.363,0.3172877697841726,-0.255,0.05074677752378121,2,
757,2014-04-30 00:00:00,,M2,2,H,0.379,0.335177777777777,0.309,0.015890522238058237,2,
758,2014-05-31 00:00:00,,M2,2,H,0.329,0.30733602150537725,0.276,0.012397177892881393,2,
759,2014-06-30 00:00:00,,M2,2,H,0.279,0.24080321285140552,0.119,0.02029573265072233,2,
760,2014-03-31 00:00:00,,M2,2,H,0.361,0.33503597122302153,-0.232,0.048929764817549355,2,
761,2014-04-30 00:00:00,,M2,2,H,0.378,0.3454833333333325,0.33,0.010154228505725971,2,
762,2014-05-31 00:00:00,,M2,2,H,0.34600000000000003,0.3271344086021504,0.293,0.012703680682534527,2,
763,2014-06-30 00:00:00,,M2,2,H,0.297,0.27022088353413676,0.154,0.015628867444677702,2,
764,2014-03-31 00:00:00,,M2,2,H,0.336,0.31791366906474816,-0.242,0.04835309171572779,2,
765,2014-04-30 00:00:00,,M2,2,H,0.3720000000000001,0.3274027777777784,0.289,0.01949491735932699,2,
766,2014-05-31 00:00:00,,M2,2,H,0.299,0.27355376344086035,0.214,0.020600678078175037,2,
767,2014-06-30 00:00:00,,M2,2,H,0.214,0.1444096385542167,-0.012,0.034572866998994596,2,
768,2014-03-31 00:00:00,C,M2,2,H,0.348,0.323402877697842,0.123,0.018831718319025584,1,Cr
769,2014-04-30 00:00:00,C,M2,2,H,0.531,0.33484045584045585,0.295,0.023932349029653393,1,Cr
770,2014-05-31 00:00:00,C,M2,2,H,0.482,0.2952834890965733,0.241,0.026440688489296538,1,Cr
771,2014-06-30 00:00:00,C,M2,2,H,0.466,0.232581730769231,0.199,0.03141052860323721,1,Cr
772,2014-03-31 00:00:00,,M2,2,H,0.29,0.2757050359712228,0.078,0.018006220035381524,1,
773,2014-04-30 00:00:00,,M2,2,H,0.312,0.2743277310924372,0.209,0.020122563741301135,1,
774,2014-05-31 00:00:00,,M2,2,H,0.252,0.20885878962536036,0.139,0.03270679344202016,1,
775,2014-06-30 00:00:00,,M2,2,H,0.147,0.12153811659192829,0.103,0.011625040154723286,1,
776,2014-03-31 00:00:00,,M2,2,H,0.322,0.29468345323741013,0.096,0.018633006389712145,1,
777,2014-04-30 00:00:00,,M2,2,H,0.35100000000000003,0.29472268907563054,0.259,0.020116762129900007,1,
778,2014-05-31 00:00:00,,M2,2,H,0.282,0.24164553314121,0.173,0.025645166564871234,1,
779,2014-06-30 00:00:00,,M2,2,H,0.193,0.16089237668161427,0.133,0.013876452450616982,1,
780,2014-03-31 00:00:00,,M2,2,H,0.35600000000000004,0.30095683453237415,0.102,0.021227160105371318,1,
781,2014-04-30 00:00:00,,M2,2,H,0.389,0.31040896358543496,0.255,0.03392756209912131,1,
782,2014-05-31 00:00:00,,M2,2,H,0.261,0.2275533141210375,0.158,0.026281367918709574,1,
783,2014-06-30 00:00:00,,M2,2,H,0.166,0.14034080717488795,0.119,0.01298441523462454,1,
784,2014-03-31 00:00:00,C,M1,1,H,0.34700000000000003,0.2812230215827337,0.12,0.022912259602215573,1,Cr
785,2014-04-30 00:00:00,C,M1,1,H,0.35700000000000004,0.2711805555555554,0.204,0.037616125264484074,1,Cr
786,2014-05-31 00:00:00,C,M1,1,H,0.23,0.1830725806451612,0.135,0.027295480127136274,1,Cr
787,2014-06-30 00:00:00,C,M1,1,H,0.141,0.12595780590717306,0.11,0.007130614962385799,1,Cr
788,2014-03-31 00:00:00,,M1,1,H,0.28800000000000003,0.23225899280575538,0.076,0.024816818201471653,1,
789,2014-04-30 00:00:00,,M1,1,H,0.329,0.20985000000000034,0.103,0.05871753592470909,1,
790,2014-05-31 00:00:00,,M1,1,H,0.207,0.1344112903225806,0.08199999999999999,0.031296171178054465,1,
791,2014-06-30 00:00:00,,M1,1,H,0.114,0.08223628691983129,0.056,0.01206212167800267,1,
792,2014-03-31 00:00:00,,M1,1,H,0.334,0.308273381294964,0.14400000000000002,0.015901328791156775,1,
793,2014-04-30 00:00:00,,M1,1,H,0.344,0.3025527777777784,0.251,0.02134913364945523,1,
794,2014-05-31 00:00:00,,M1,1,H,0.29,0.2542258064516125,0.18600000000000005,0.027014074012741317,1,
795,2014-06-30 00:00:00,,M1,1,H,0.203,0.17259493670886072,0.14,0.012783913674251145,1,
796,2014-03-31 00:00:00,,M1,1,H,0.298,0.26429496402877706,0.107,0.018036779347703744,1,
797,2014-04-30 00:00:00,,M1,1,H,0.326,0.24568611111111124,0.163,0.04298278241017022,1,
798,2014-05-31 00:00:00,,M1,1,H,0.228,0.16916935483870973,0.117,0.028719684856121055,1,
799,2014-06-30 00:00:00,,M1,1,H,0.145,0.11556540084388196,0.094,0.011255175134906918,1,
800,2013-10-31 00:00:00,C,M1,1,H,0.326,0.3138446601941748,0.261,0.007763359493067922,2,Cr
801,2013-11-30 00:00:00,C,M1,1,H,0.311,0.29407500000000025,0.278,0.005773577071483695,2,Cr
802,2013-12-31 00:00:00,C,M1,1,H,0.292,0.24099462365591373,0.212,0.021303606192037538,2,Cr
803,2014-01-31 00:00:00,C,M1,1,H,0.312,0.23882258064516118,0.223,0.016856800584244328,2,Cr
804,2014-02-28 00:00:00,C,M1,1,H,0.383,0.32806547619047555,0.256,0.03176765272683512,2,Cr
805,2014-03-31 00:00:00,C,M1,1,H,0.379,0.347880530973451,0.018000000000000002,0.024134785806778816,2,Cr
806,2013-10-31 00:00:00,,M1,1,H,0.319,0.2943689320388351,0.246,0.011273768174312226,2,
807,2013-11-30 00:00:00,,M1,1,H,0.29,0.24588888888888857,0.209,0.017078677151549093,2,
808,2013-12-31 00:00:00,,M1,1,H,0.311,0.21422849462365579,0.162,0.0467603161270813,2,
809,2014-01-31 00:00:00,,M1,1,H,0.28,0.23554569892473062,0.219,0.01485910677757594,2,
810,2014-02-28 00:00:00,,M1,1,H,0.359,0.3061845238095233,0.226,0.03901773647679685,2,
811,2014-03-31 00:00:00,,M1,1,H,0.382,0.34907079646017675,0.021,0.024964763368185997,2,
812,2013-10-31 00:00:00,,M1,1,H,0.339,0.3211941747572817,0.262,0.009754896460213592,2,
813,2013-11-30 00:00:00,,M1,1,H,0.324,0.29465833333333374,0.276,0.009408550458316556,2,
814,2013-12-31 00:00:00,,M1,1,H,0.305,0.2604838709677421,0.229,0.02434361515862722,2,
815,2014-01-31 00:00:00,,M1,1,H,0.297,0.26554301075268844,0.246,0.014661895883915112,2,
816,2014-02-28 00:00:00,,M1,1,H,0.386,0.3328124999999994,0.256,0.03717161441087605,2,
817,2014-03-31 00:00:00,,M1,1,H,0.403,0.3657787610619462,0.04,0.025669431717141672,2,
818,2013-10-31 00:00:00,,M1,1,H,0.281,0.2664077669902913,0.215,0.00965222405865589,2,
819,2013-11-30 00:00:00,,M1,1,H,0.26,0.21059166666666695,0.174,0.020523440976753102,2,
820,2013-12-31 00:00:00,,M1,1,H,0.253,0.16176075268817197,0.112,0.04068496106148822,2,
821,2014-01-31 00:00:00,,M1,1,H,0.236,0.1818575268817202,0.16,0.018407007405609056,2,
822,2014-02-28 00:00:00,,M1,1,H,0.39,0.3119285714285706,0.171,0.0692451040505275,2,
823,2014-03-31 00:00:00,,M1,1,H,0.387,0.3450265486725661,-0.011,0.0310765249528737,2,
824,2013-10-31 00:00:00,C,M2,2,H,0.29100000000000004,0.28147572815533983,0.272,0.004932574120560553,2,Cr
825,2013-11-30 00:00:00,C,M2,2,H,0.278,0.25478611111111116,0.232,0.01024661511547476,2,Cr
826,2013-12-31 00:00:00,C,M2,2,H,0.253,0.20527956989247276,0.161,0.027858756419636182,2,Cr
827,2014-01-31 00:00:00,C,M2,2,H,0.263,0.2166505376344085,0.202,0.01417417357293677,2,Cr
828,2014-02-28 00:00:00,C,M2,2,H,0.344,0.2883422619047626,0.212,0.034962907418670905,2,Cr
829,2014-03-31 00:00:00,C,M2,2,H,0.362,0.3228893805309737,-0.341,0.04626091388409945,2,Cr
830,2013-10-31 00:00:00,,M2,2,H,0.309,0.2976019417475728,0.28800000000000003,0.005550728279046737,2,
831,2013-11-30 00:00:00,,M2,2,H,0.29100000000000004,0.27493333333333375,0.254,0.008196813022893356,2,
832,2013-12-31 00:00:00,,M2,2,H,0.268,0.2296693548387097,0.198,0.022329457333574276,2,
833,2014-01-31 00:00:00,,M2,2,H,0.262,0.2377016129032256,0.224,0.009076773331048728,2,
834,2014-02-28 00:00:00,,M2,2,H,0.361,0.30852976190476095,0.232,0.04057665317922474,2,
835,2014-03-31 00:00:00,,M2,2,H,0.382,0.3452876106194685,-0.322,0.04740174892740523,2,
836,2013-10-31 00:00:00,,M2,2,H,0.324,0.3129223300970873,0.3,0.005086871453462209,2,
837,2013-11-30 00:00:00,,M2,2,H,0.311,0.2916916666666669,0.271,0.008209440689497725,2,
838,2013-12-31 00:00:00,,M2,2,H,0.29600000000000004,0.25121236559139803,0.225,0.022324863341792196,2,
839,2014-01-31 00:00:00,,M2,2,H,0.289,0.25520967741935496,0.243,0.012062019110280521,2,
840,2014-02-28 00:00:00,,M2,2,H,0.38,0.3259077380952372,0.25,0.03797627459982041,2,
841,2014-03-31 00:00:00,,M2,2,H,0.382,0.35274778761061876,-0.295,0.044463449353567906,2,
842,2013-10-31 00:00:00,,M2,2,H,0.316,0.302388349514563,0.29,0.0069610020262907395,2,
843,2013-11-30 00:00:00,,M2,2,H,0.29100000000000004,0.26789166666666697,0.238,0.01192090635633201,2,
844,2013-12-31 00:00:00,,M2,2,H,0.255,0.21355913978494587,0.185,0.02012077408208792,2,
845,2014-01-31 00:00:00,,M2,2,H,0.254,0.22237365591397848,0.209,0.01105402828453204,2,
846,2014-02-28 00:00:00,,M2,2,H,0.397,0.32037202380952284,0.199,0.05797164765137302,2,
847,2014-03-31 00:00:00,,M2,2,H,0.388,0.3504690265486721,-0.308,0.04621949002968062,2,
848,2013-10-31 00:00:00,C,M1,2,H,0.275,0.2636400000000001,0.254,0.005405795617897383,1,Cr
849,2013-11-30 00:00:00,C,M1,2,H,0.256,0.23616666666666614,0.204,0.009497397385782235,1,Cr
850,2013-12-31 00:00:00,C,M1,2,H,0.236,0.1776639784946236,0.152,0.02494981471293544,1,Cr
851,2014-01-31 00:00:00,C,M1,2,H,0.319,0.19424999999999998,0.16,0.03338518765436168,1,Cr
852,2014-02-28 00:00:00,C,M1,2,H,0.381,0.29966964285714315,0.209,0.043213124400682604,1,Cr
853,2014-03-31 00:00:00,C,M1,2,H,0.35700000000000004,0.3145530973451328,0.278,0.022614436179066832,1,Cr
854,2013-10-31 00:00:00,,M1,2,H,0.211,0.18774999999999997,0.168,0.011615363389350038,1,
855,2013-11-30 00:00:00,,M1,2,H,0.175,0.15196944444444468,0.118,0.00901231962276565,1,
856,2013-12-31 00:00:00,,M1,2,H,0.29100000000000004,0.16124193548387072,0.103,0.05253945317226007,1,
857,2014-01-31 00:00:00,,M1,2,H,0.265,0.18774999999999986,0.16699999999999998,0.015847466147258057,1,
858,2014-02-28 00:00:00,,M1,2,H,0.34700000000000003,0.26883928571428595,0.18,0.043134960763691374,1,
859,2014-03-31 00:00:00,,M1,2,H,0.344,0.29125663716814176,0.24,0.02769878577717645,1,
860,2013-10-31 00:00:00,,M1,2,H,0.297,0.28722000000000014,0.277,0.0045540081136234145,1,
861,2013-11-30 00:00:00,,M1,2,H,0.28800000000000003,0.2691500000000002,0.247,0.00773479278963084,1,
862,2013-12-31 00:00:00,,M1,2,H,0.276,0.23171774193548378,0.196,0.023667471900360063,1,
863,2014-01-31 00:00:00,,M1,2,H,0.29,0.23750806451612871,0.21600000000000005,0.01770474952696708,1,
864,2014-02-28 00:00:00,,M1,2,H,0.371,0.30841666666666717,0.229,0.03318719707584472,1,
865,2014-03-31 00:00:00,,M1,2,H,0.358,0.32554424778761065,0.289,0.011775314578877583,1,
866,2013-10-31 00:00:00,,M1,2,H,0.24,0.22665000000000013,0.213,0.00670198975429236,1,
867,2013-11-30 00:00:00,,M1,2,H,0.217,0.2027638888888891,0.181,0.00747343122329552,1,
868,2013-12-31 00:00:00,,M1,2,H,0.203,0.16816129032258054,0.15,0.01482242805794141,1,
869,2014-01-31 00:00:00,,M1,2,H,0.239,0.1682365591397847,0.158,0.014584190272978323,1,
870,2014-02-28 00:00:00,,M1,2,H,0.392,0.2858095238095244,0.185,0.05918263686285848,1,
871,2014-03-31 00:00:00,,M1,2,H,0.355,0.3077123893805308,0.279,0.019828633091206572,1,
872,2013-10-31 00:00:00,C,M2,1,H,0.237,0.22358252427184463,0.212,0.00588205024920862,2,Cr
873,2013-11-30 00:00:00,C,M2,1,H,0.21600000000000005,0.18865833333333343,0.159,0.015434196287522208,2,Cr
874,2013-12-31 00:00:00,C,M2,1,H,0.181,0.13537365591397857,0.08900000000000001,0.025644945689714472,2,Cr
875,2014-01-31 00:00:00,C,M2,1,H,0.225,0.1512554945054946,-0.34700000000000003,0.05546570277751134,2,Cr
876,2014-02-28 00:00:00,C,M2,1,H,0.419,0.30686309523809435,0.158,0.07664198028127918,2,Cr
877,2014-03-31 00:00:00,C,M2,1,H,0.408,0.3501858407079642,0.023,0.027761539717968332,2,Cr
878,2013-10-31 00:00:00,,M2,1,H,0.341,0.32598058252427203,0.307,0.006994368298318503,2,
879,2013-11-30 00:00:00,,M2,1,H,0.322,0.29151666666666665,0.264,0.013468822970124712,2,
880,2013-12-31 00:00:00,,M2,1,H,0.28600000000000003,0.24059139784946268,0.211,0.024150800518728466,2,
881,2014-01-31 00:00:00,,M2,1,H,0.29600000000000004,0.23118630136986312,-0.419,0.08624762031287657,2,
882,2014-02-28 00:00:00,,M2,1,H,0.34600000000000003,0.3062708333333326,0.251,0.030639860593912174,2,
883,2014-03-31 00:00:00,,M2,1,H,0.385,0.3541194690265477,0.035,0.023690014242893985,2,
884,2013-10-31 00:00:00,,M2,1,H,0.32,0.3105825242718445,0.29100000000000004,0.004453516504055329,2,
885,2013-11-30 00:00:00,,M2,1,H,0.308,0.2893055555555559,0.266,0.008185929379222611,2,
886,2013-12-31 00:00:00,,M2,1,H,0.298,0.24156182795698958,0.204,0.029288764851299214,2,
887,2014-01-31 00:00:00,,M2,1,H,0.305,0.23771232876712356,-0.41,0.0880072860763747,2,
888,2014-02-28 00:00:00,,M2,1,H,0.35100000000000003,0.3077797619047621,0.254,0.02678447436125337,2,
889,2014-03-31 00:00:00,,M2,1,H,0.384,0.34711061946902627,0.027000000000000003,0.02501592688342307,2,
890,2013-10-31 00:00:00,,M2,1,H,0.326,0.3077961165048543,0.292,0.008362332941329627,2,
891,2013-11-30 00:00:00,,M2,1,H,0.3,0.26690555555555573,0.238,0.014553406486419883,2,
892,2013-12-31 00:00:00,,M2,1,H,0.253,0.19461021505376325,0.157,0.030424422785657636,2,
893,2014-01-31 00:00:00,,M2,1,H,0.261,0.19179558011049733,-0.388,0.08230651571344023,2,
894,2014-02-28 00:00:00,,M2,1,H,0.41,0.32980952380952366,0.188,0.06514332784528169,2,
895,2014-03-31 00:00:00,,M2,1,H,0.402,0.3672212389380527,0.035,0.02728132760317747,2,
896,2013-06-30 00:00:00,C,M2,2,H,0.228,0.18488435374149628,0.165,0.015959426801964747,1,Cr
897,2013-07-31 00:00:00,C,M2,2,H,0.193,0.1732903225806448,0.158,0.007517212084533359,1,Cr
898,2013-08-31 00:00:00,C,M2,2,H,0.256,0.17479569892473096,0.147,0.028818629471776495,1,Cr
899,2013-09-30 00:00:00,C,M2,2,H,0.413,0.30699438202247115,0.205,0.06165382660100677,1,Cr
900,2013-10-31 00:00:00,C,M2,2,H,0.475,0.31313168724279866,0.287,0.023168069542255452,1,Cr
901,2013-11-30 00:00:00,C,M2,2,H,0.307,0.2814805555555559,0.262,0.009131027621697454,1,Cr
902,2013-12-31 00:00:00,C,M2,2,H,0.306,0.25168817204301097,0.217,0.02732927046488232,1,Cr
903,2014-01-31 00:00:00,C,M2,2,H,0.294,0.2552607526881721,0.231,0.01665875250465888,1,Cr
904,2014-02-28 00:00:00,C,M2,2,H,0.502,0.3110898203592816,0.246,0.03058927295290572,1,Cr
905,2014-03-31 00:00:00,C,M2,2,H,0.589,0.35237387387387337,0.308,0.026656009524101316,1,Cr
906,2013-06-30 00:00:00,,M2,2,H,0.112,0.08244557823129259,0.062,0.01105287157902011,1,
907,2013-07-31 00:00:00,,M2,2,H,0.096,0.07387903225806455,0.054000000000000006,0.00933265958395565,1,
908,2013-08-31 00:00:00,,M2,2,H,0.14400000000000002,0.07304838709677419,0.045,0.020244271695348506,1,
909,2013-09-30 00:00:00,,M2,2,H,0.342,0.2201194444444445,0.087,0.08158017851263168,1,
910,2013-10-31 00:00:00,,M2,2,H,0.289,0.2557410358565737,0.233,0.011539526390744887,1,
911,2013-11-30 00:00:00,,M2,2,H,0.251,0.23059444444444396,0.211,0.008847640871683606,1,
912,2013-12-31 00:00:00,,M2,2,H,0.225,0.17796774193548404,0.142,0.0253547133745412,1,
913,2014-01-31 00:00:00,,M2,2,H,0.271,0.18704569892473105,0.152,0.03148208848214509,1,
914,2014-02-28 00:00:00,,M2,2,H,0.341,0.28133333333333355,0.214,0.032280702921313666,1,
915,2014-03-31 00:00:00,,M2,2,H,0.342,0.304631111111111,0.266,0.015030977272881848,1,
916,2013-06-30 00:00:00,,M2,2,H,0.18,0.1367823129251701,0.111,0.017698273958688157,1,
917,2013-07-31 00:00:00,,M2,2,H,0.147,0.11083333333333316,0.087,0.011565082061567235,1,
918,2013-08-31 00:00:00,,M2,2,H,0.141,0.0969274193548386,0.07400000000000001,0.015483147983838826,1,
919,2013-09-30 00:00:00,,M2,2,H,0.355,0.2488666666666671,0.106,0.07177005218036209,1,
920,2013-10-31 00:00:00,,M2,2,H,0.32299999999999995,0.28200000000000014,0.265,0.013293908379398346,1,
921,2013-11-30 00:00:00,,M2,2,H,0.275,0.2539194444444446,0.228,0.010030408347244004,1,
922,2013-12-31 00:00:00,,M2,2,H,0.28300000000000003,0.21708870967741928,0.16899999999999998,0.03420975698924587,1,
923,2014-01-31 00:00:00,,M2,2,H,0.264,0.22872043010752663,0.207,0.015497580432943804,1,
924,2014-02-28 00:00:00,,M2,2,H,0.32,0.27564285714285763,0.222,0.024349883867263892,1,
925,2014-03-31 00:00:00,,M2,2,H,0.348,0.3104399999999999,0.284,0.011203762123247666,1,
926,2013-06-30 00:00:00,,M2,2,H,0.162,0.11412244897959194,0.08900000000000001,0.018463467465296493,1,
927,2013-07-31 00:00:00,,M2,2,H,0.132,0.11040322580645139,0.096,0.006355063801989306,1,
928,2013-08-31 00:00:00,,M2,2,H,0.157,0.09992204301075269,0.077,0.020779210222864875,1,
929,2013-09-30 00:00:00,,M2,2,H,0.355,0.2465277777777782,0.124,0.07086736251799225,1,
930,2013-10-31 00:00:00,,M2,2,H,0.319,0.2706374501992033,0.234,0.023595763006784492,1,
931,2013-11-30 00:00:00,,M2,2,H,0.266,0.23590555555555484,0.212,0.012265946801788802,1,
932,2013-12-31 00:00:00,,M2,2,H,0.34700000000000003,0.22191666666666682,0.158,0.051491616481079375,1,
933,2014-01-31 00:00:00,,M2,2,H,0.289,0.25184946236559147,0.232,0.014292814802067625,1,
934,2014-02-28 00:00:00,,M2,2,H,0.34600000000000003,0.3037946428571437,0.246,0.02751904796801141,1,
935,2014-03-31 00:00:00,,M2,2,H,0.361,0.3248044444444448,0.299,0.014342649242776355,1,
936,2013-10-31 00:00:00,C,M1,1,H,0.202,0.1901599999999998,0.179,0.006449054429168477,1,Cr
937,2013-11-30 00:00:00,C,M1,1,H,0.189,0.16692499999999988,0.141,0.008920099522284557,1,Cr
938,2013-12-31 00:00:00,C,M1,1,H,0.168,0.13006182795698917,0.107,0.018629424741289712,1,Cr
939,2014-01-31 00:00:00,C,M1,1,H,0.204,0.13684408602150538,0.116,0.018047478338109768,1,Cr
940,2014-02-28 00:00:00,C,M1,1,H,0.392,0.2679791666666668,0.13699999999999998,0.0702685436122945,1,Cr
941,2014-03-31 00:00:00,C,M1,1,H,0.345,0.2919778761061947,0.247,0.02740988381186909,1,Cr
942,2013-10-31 00:00:00,,M1,1,H,0.284,0.2738199999999999,0.263,0.0042459249625895245,1,
943,2013-11-30 00:00:00,,M1,1,H,0.271,0.2536055555555557,0.212,0.010198310648354787,1,
944,2013-12-31 00:00:00,,M1,1,H,0.273,0.2062876344086017,0.171,0.02897578797425016,1,
945,2014-01-31 00:00:00,,M1,1,H,0.265,0.208540322580645,0.184,0.020279608493518217,1,
946,2014-02-28 00:00:00,,M1,1,H,0.365,0.2973005952380957,0.201,0.04532761801449805,1,
947,2014-03-31 00:00:00,,M1,1,H,0.35100000000000003,0.3138849557522124,0.29,0.014514208953762573,1,
948,2013-10-31 00:00:00,,M1,1,H,0.206,0.18260000000000012,0.152,0.012584261454832704,1,
949,2013-11-30 00:00:00,,M1,1,H,0.192,0.13433611111111096,0.104,0.015421318904570514,1,
950,2013-12-31 00:00:00,,M1,1,H,0.29100000000000004,0.14029838709677409,0.059,0.06716684538286265,1,
951,2014-01-31 00:00:00,,M1,1,H,0.26,0.18521505376344063,0.162,0.02075585168675343,1,
952,2014-02-28 00:00:00,,M1,1,H,0.344,0.2654791666666667,0.179,0.042724031273496686,1,
953,2014-03-31 00:00:00,,M1,1,H,0.335,0.2824424778761062,0.235,0.02535084940171396,1,
954,2013-10-31 00:00:00,,M1,1,H,0.268,0.25532000000000005,0.245,0.0060651013631653665,1,
955,2013-11-30 00:00:00,,M1,1,H,0.246,0.23035277777777732,0.202,0.008065573392934601,1,
956,2013-12-31 00:00:00,,M1,1,H,0.245,0.18632795698924723,0.154,0.02553914543311229,1,
957,2014-01-31 00:00:00,,M1,1,H,0.261,0.20397311827956985,0.18600000000000005,0.016525544319262956,1,
958,2014-02-28 00:00:00,,M1,1,H,0.3720000000000001,0.2879791666666672,0.2,0.04792160433135775,1,
959,2014-03-31 00:00:00,,M1,1,H,0.35,0.30575221238938044,0.269,0.022931213457623455,1,
960,2013-10-31 00:00:00,C,M1,2,H,0.319,0.30155339805825243,0.29,0.0064225829440622585,2,Cr
961,2013-11-30 00:00:00,C,M1,2,H,0.297,0.2699750000000003,0.247,0.011107574143012562,2,Cr
962,2013-12-31 00:00:00,C,M1,2,H,0.262,0.19295967741935502,0.161,0.028212153292978905,2,Cr
963,2014-01-31 00:00:00,C,M1,2,H,0.349,0.19138709677419358,0.168,0.03316885892415093,2,Cr
964,2014-02-28 00:00:00,C,M1,2,H,0.364,0.3196488095238086,0.255,0.03022396792919525,2,Cr
965,2014-03-31 00:00:00,C,M1,2,H,0.386,0.35444690265486656,-0.219,0.03966436199646297,2,Cr
966,2013-10-31 00:00:00,,M1,2,H,0.32299999999999995,0.30335922330097087,0.28600000000000003,0.00921619883462879,2,
967,2013-11-30 00:00:00,,M1,2,H,0.29600000000000004,0.2508416666666664,0.213,0.018410059545782384,2,
968,2013-12-31 00:00:00,,M1,2,H,0.298,0.20038172043010757,0.12,0.05767311443444387,2,
969,2014-01-31 00:00:00,,M1,2,H,0.277,0.2361532258064515,0.214,0.016616351681551685,2,
970,2014-02-28 00:00:00,,M1,2,H,0.35600000000000004,0.3073273809523803,0.225,0.03694966273735112,2,
971,2014-03-31 00:00:00,,M1,2,H,0.386,0.3520176991150436,-0.219,0.04007703300193542,2,
972,2013-10-31 00:00:00,,M1,2,H,0.32,0.30695145631067944,0.295,0.006084984155458271,2,
973,2013-11-30 00:00:00,,M1,2,H,0.303,0.2834000000000003,0.268,0.007561521121505685,2,
974,2013-12-31 00:00:00,,M1,2,H,0.322,0.25911827956989286,0.218,0.031245174104949723,2,
975,2014-01-31 00:00:00,,M1,2,H,0.307,0.2772903225806456,0.262,0.01266536389066206,2,
976,2014-02-28 00:00:00,,M1,2,H,0.3670000000000001,0.3238273809523799,0.267,0.02582131412170106,2,
977,2014-03-31 00:00:00,,M1,2,H,0.385,0.34987610619468956,-0.23,0.04105825297866519,2,
978,2013-10-31 00:00:00,,M1,2,H,0.316,0.2992621359223302,0.284,0.00857374145001755,2,
979,2013-11-30 00:00:00,,M1,2,H,0.287,0.2508138888888887,0.228,0.01465789362626116,2,
980,2013-12-31 00:00:00,,M1,2,H,0.299,0.2170725806451612,0.175,0.031527040561777755,2,
981,2014-01-31 00:00:00,,M1,2,H,0.26,0.23428763440860195,0.223,0.00899598939065486,2,
982,2014-02-28 00:00:00,,M1,2,H,0.375,0.3169404761904753,0.229,0.04718641372651626,2,
983,2014-03-31 00:00:00,,M1,2,H,0.388,0.3473230088495572,-0.247,0.043119236251429924,2,
984,2013-11-30 00:00:00,C,M2,1,J,0.07200000000000001,0.04576344086021504,0.029,0.012376872808949684,1,Cr
985,2013-12-31 00:00:00,C,M2,1,J,0.107,0.06727688172043013,0.031,0.016789523204709954,1,Cr
986,2014-01-31 00:00:00,C,M2,1,J,0.08,0.04769086021505373,0.019,0.01291538384868403,1,Cr
987,2014-02-28 00:00:00,C,M2,1,J,0.051,0.030770833333333313,0.009000000000000001,0.009284773953262632,1,Cr
988,2014-03-31 00:00:00,C,M2,1,J,0.147,0.07006976744186046,0.019,0.02122100449971068,1,Cr
989,2013-11-30 00:00:00,,M2,1,J,0.123,0.10252406417112302,-0.398,0.037942843383685136,1,
990,2013-12-31 00:00:00,,M2,1,J,0.14300000000000002,0.11728225806451599,0.096,0.009312392534989564,1,
991,2014-01-31 00:00:00,,M2,1,J,0.122,0.09729838709677416,0.07400000000000001,0.010669486813996404,1,
992,2014-02-28 00:00:00,,M2,1,J,0.096,0.07763988095238095,0.056,0.008582075314410145,1,
993,2014-03-31 00:00:00,,M2,1,J,0.156,0.10834108527131783,0.064,0.01726787847241214,1,
994,2013-11-30 00:00:00,,M2,1,J,0.122,0.09626203208556153,-0.406,0.03879170737979732,1,
995,2013-12-31 00:00:00,,M2,1,J,0.131,0.1062204301075267,0.078,0.010896712421345779,1,
996,2014-01-31 00:00:00,,M2,1,J,0.112,0.08494354838709677,0.059,0.011576048154661914,1,
997,2014-02-28 00:00:00,,M2,1,J,0.085,0.06387797619047621,0.037000000000000005,0.010264850476015375,1,
998,2014-03-31 00:00:00,,M2,1,J,0.17800000000000002,0.10304651162790696,0.049,0.02361403861620129,1,
999,2013-11-30 00:00:00,,M2,1,J,0.096,0.08093582887700541,-0.435,0.03825123723816147,1,
1000,2013-12-31 00:00:00,,M2,1,J,0.099,0.08619086021505368,0.071,0.005865851867034914,1,
1001,2014-01-31 00:00:00,,M2,1,J,0.08800000000000001,0.06956451612903229,0.051,0.007752480102759409,1,
1002,2014-02-28 00:00:00,,M2,1,J,0.069,0.057014880952380886,0.04,0.006559242219437735,1,
1003,2014-03-31 00:00:00,,M2,1,J,0.08900000000000001,0.07577519379844966,0.048,0.009942994008092104,1,
1004,2013-11-30 00:00:00,C,M1,1,J,0.06,0.02970967741935479,0.012,0.011901015759656734,1,Cr
1005,2013-12-31 00:00:00,C,M1,1,J,0.108,0.048422043010752654,0.017,0.015409481735322817,1,Cr
1006,2014-01-31 00:00:00,C,M1,1,J,0.059,0.03237903225806452,0.006999999999999999,0.010906309711069985,1,Cr
1007,2014-02-28 00:00:00,C,M1,1,J,0.037000000000000005,0.016068452380952343,-0.008,0.010218132200036766,1,Cr
1008,2014-03-31 00:00:00,C,M1,1,J,0.162,0.05615503875968993,0.002,0.024404933419163367,1,Cr
1009,2013-11-30 00:00:00,,M1,1,J,0.078,0.04991397849462363,0.03,0.014397939727973166,1,
1010,2013-12-31 00:00:00,,M1,1,J,0.096,0.061005376344086,0.034,0.011478092251972355,1,
1011,2014-01-31 00:00:00,,M1,1,J,0.064,0.037150537634408495,0.014,0.01058855226474693,1,
1012,2014-02-28 00:00:00,,M1,1,J,0.041,0.021571428571428547,-0.002,0.009258200997725625,1,
1013,2014-03-31 00:00:00,,M1,1,J,0.14800000000000002,0.06831007751937984,0.009000000000000001,0.025565723650528557,1,
1014,2013-11-30 00:00:00,,M1,1,J,0.107,0.08833333333333333,0.07400000000000001,0.009536652858720426,1,
1015,2013-12-31 00:00:00,,M1,1,J,0.11,0.0926478494623656,0.07,0.008703698176036148,1,
1016,2014-01-31 00:00:00,,M1,1,J,0.099,0.07224462365591398,0.049,0.010888894816105447,1,
1017,2014-02-28 00:00:00,,M1,1,J,0.076,0.05775892857142856,0.037000000000000005,0.008484485087901568,1,
1018,2014-03-31 00:00:00,,M1,1,J,0.108,0.08031007751937988,0.046,0.013795265520285692,1,
1019,2013-11-30 00:00:00,,M1,1,J,0.09,0.07313440860215054,0.058,0.007639739554406612,1,
1020,2013-12-31 00:00:00,,M1,1,J,0.101,0.07718279569892476,0.055,0.009083851655335587,1,
1021,2014-01-31 00:00:00,,M1,1,J,0.087,0.06320430107526873,0.042,0.00911390530237237,1,
1022,2014-02-28 00:00:00,,M1,1,J,0.069,0.0510505952380952,0.03,0.007917511270548605,1,
1023,2014-03-31 00:00:00,,M1,1,J,0.113,0.07037984496124035,0.038,0.015068175174876804,1,
1024,2013-11-30 00:00:00,C,M1,1,J,0.063,-0.0003529411764705782,-0.149,0.03527394373888991,2,Cr
1025,2013-12-31 00:00:00,C,M1,1,J,0.113,0.034655913978494615,-0.011,0.02476607305638282,2,Cr
1026,2014-01-31 00:00:00,C,M1,1,J,0.033,-0.005580645161290318,-0.041,0.015556399489640818,2,Cr
1027,2014-02-28 00:00:00,C,M1,1,J,-0.002,-0.03001488095238094,-0.059,0.013442739325851693,2,Cr
1028,2014-03-31 00:00:00,C,M1,1,J,0.06,0.0100546875,-0.047,0.02252917918749382,2,Cr
1029,2013-11-30 00:00:00,,M1,1,J,0.24,0.10098930481283425,-0.063,0.058242908960127994,2,
1030,2013-12-31 00:00:00,,M1,1,J,0.196,0.1088279569892473,0.068,0.027769604145778507,2,
1031,2014-01-31 00:00:00,,M1,1,J,0.096,0.06380376344086017,0.035,0.013376436087468375,2,
1032,2014-02-28 00:00:00,,M1,1,J,0.066,0.04183928571428567,0.013,0.011599706819322854,2,
1033,2014-03-31 00:00:00,,M1,1,J,0.162,0.08094531250000002,0.026,0.02645314044251933,2,
1034,2013-11-30 00:00:00,,M1,1,J,0.11,0.05314973262032088,-0.067,0.03392336457232114,2,
1035,2013-12-31 00:00:00,,M1,1,J,0.149,0.07966935483870967,0.039,0.02720919906701352,2,
1036,2014-01-31 00:00:00,,M1,1,J,0.071,0.03534408602150535,0.006,0.014805109210374838,2,
1037,2014-02-28 00:00:00,,M1,1,J,0.031,0.012065476190476168,-0.006,0.00918216303392188,2,
1038,2014-03-31 00:00:00,,M1,1,J,0.092,0.04424218749999999,0.001,0.01891745271500394,2,
1039,2013-11-30 00:00:00,,M1,1,J,0.282,0.09924064171122993,-0.106,0.1010177821864327,2,
1040,2013-12-31 00:00:00,,M1,1,J,0.228,0.1357956989247311,0.09,0.03569209721427625,2,
1041,2014-01-31 00:00:00,,M1,1,J,0.097,0.05977150537634416,0.031,0.01757782678527789,2,
1042,2014-02-28 00:00:00,,M1,1,J,0.042,0.025520833333333298,0.006999999999999999,0.007830261650318008,2,
1043,2014-03-31 00:00:00,,M1,1,J,0.21,0.10246093749999999,0.012,0.049189638231546165,2,
1044,2013-11-30 00:00:00,C,M2,1,J,0.163,0.08094652406417115,-0.033,0.04278198452875343,2,Cr
1045,2013-12-31 00:00:00,C,M2,1,J,0.191,0.11606989247311812,0.07200000000000001,0.028259396395262443,2,Cr
1046,2014-01-31 00:00:00,C,M2,1,J,0.105,0.07515053763440863,0.052000000000000005,0.013265642741239548,2,Cr
1047,2014-02-28 00:00:00,C,M2,1,J,0.064,0.05040178571428571,0.036000000000000004,0.0065555625072743675,2,Cr
1048,2014-03-31 00:00:00,C,M2,1,J,0.16699999999999998,0.09750781250000007,0.041,0.027357647621206828,2,Cr
1049,2013-11-30 00:00:00,,M2,1,J,0.168,0.05049732620320857,-0.017,0.05141203724282409,2,
1050,2013-12-31 00:00:00,,M2,1,J,0.173,0.05495967741935489,0.002,0.030670424183115115,2,
1051,2014-01-31 00:00:00,,M2,1,J,0.053,0.0051290322580645024,-0.035,0.02033664163845724,2,
1052,2014-02-28 00:00:00,,M2,1,J,0.013,-0.019050595238095224,-0.048,0.01563101966488549,2,
1053,2014-03-31 00:00:00,,M2,1,J,0.099,0.028796874999999986,-0.035,0.028175590981652118,2,
1054,2013-11-30 00:00:00,,M2,1,J,0.16,0.05134224598930483,-0.044,0.04451712828853004,2,
1055,2013-12-31 00:00:00,,M2,1,J,0.212,0.08279838709677415,0.024,0.038362572977809845,2,
1056,2014-01-31 00:00:00,,M2,1,J,0.08,0.033026881720430085,-0.008,0.019343520418059076,2,
1057,2014-02-28 00:00:00,,M2,1,J,0.047,0.009880952380952383,-0.033,0.019631321158636948,2,
1058,2014-03-31 00:00:00,,M2,1,J,0.159,0.058687500000000004,-0.013,0.031913206606442944,2,
1059,2013-11-30 00:00:00,,M2,1,J,0.252,0.06054010695187165,-0.085,0.07765142851568244,2,
1060,2013-12-31 00:00:00,,M2,1,J,0.147,0.08156989247311826,0.051,0.02253007470683775,2,
1061,2014-01-31 00:00:00,,M2,1,J,0.064,0.035209677419354816,0.009000000000000001,0.012770168780299379,2,
1062,2014-02-28 00:00:00,,M2,1,J,0.023,0.00580357142857142,-0.012,0.007524891175746218,2,
1063,2014-03-31 00:00:00,,M2,1,J,0.058,0.03664062499999999,-0.006,0.015502976282702863,2,
