,Date_time,1,2,3,4,5
0,11/14/2013 8:00 PM,,,,,
1,11/14/2013 10:00 PM,,,,,
2,11/15/2013 12:00 AM,,,,,
3,11/15/2013 2:00 AM,,,,,
4,11/15/2013 4:00 AM,,,,,
5,11/15/2013 6:00 AM,,,,,
6,11/15/2013 8:00 AM,,,,,
7,11/15/2013 10:00 AM,-0.033,0.006,-0.044000000000000004,-0.085,
8,11/15/2013 12:00 PM,0.033,0.07,0.03,-0.006999999999999999,
9,11/15/2013 2:00 PM,0.035,0.07,0.034,-0.004,
10,11/15/2013 4:00 PM,0.036000000000000004,0.064,0.028999999999999998,-0.01,
11,11/15/2013 6:00 PM,0.037000000000000005,0.057,0.021,-0.016,
12,11/15/2013 8:00 PM,0.036000000000000004,0.053,0.019,-0.018000000000000002,
13,11/15/2013 10:00 PM,0.038,0.051,0.021,-0.018000000000000002,
14,11/16/2013 12:00 AM,0.037000000000000005,0.048,0.019,-0.019,
15,11/16/2013 2:00 AM,0.036000000000000004,0.047,0.018000000000000002,-0.019,
16,11/16/2013 4:00 AM,0.035,0.046,0.018000000000000002,-0.019,
17,11/16/2013 6:00 AM,0.052000000000000005,0.05,0.057,-0.008,
18,11/16/2013 8:00 AM,0.053,0.051,0.052000000000000005,-0.006999999999999999,
19,11/16/2013 10:00 AM,0.055999999999999994,0.055999999999999994,0.035,0.006,
20,11/16/2013 12:00 PM,0.059000000000000004,0.057,0.042,0.012,
21,11/16/2013 2:00 PM,0.062,0.052000000000000005,0.044000000000000004,0.015,
22,11/16/2013 4:00 PM,0.06,0.045,0.044000000000000004,0.015,
23,11/16/2013 6:00 PM,0.053,0.034,0.03,0.011000000000000001,
24,11/16/2013 8:00 PM,0.051,0.027999999999999997,0.023,0.006999999999999999,
25,11/16/2013 10:00 PM,0.05,0.026000000000000002,0.022000000000000002,0.006,
26,11/17/2013 12:00 AM,0.049,0.023,0.018000000000000002,0.004,
27,11/17/2013 2:00 AM,0.047,0.019,0.013000000000000001,0.002,
28,11/17/2013 4:00 AM,0.046,0.018000000000000002,0.012,0.001,
29,11/17/2013 6:00 AM,0.046,0.016,0.009000000000000001,0.0,
30,11/17/2013 8:00 AM,0.046,0.017,0.013000000000000001,0.0,
31,11/17/2013 10:00 AM,0.052000000000000005,0.03,0.03,0.006,
32,11/17/2013 12:00 PM,0.057999999999999996,0.037000000000000005,0.042,0.012,
33,11/17/2013 2:00 PM,0.062,0.038,0.046,0.015,
34,11/17/2013 4:00 PM,0.057999999999999996,0.032,0.042,0.013000000000000001,
35,11/17/2013 6:00 PM,0.051,0.019,0.024,0.008,
36,11/17/2013 8:00 PM,0.047,0.011000000000000001,0.013999999999999999,0.004,
37,11/17/2013 10:00 PM,0.044000000000000004,0.006,0.006,0.0,
38,11/18/2013 12:00 AM,0.044000000000000004,0.005,0.006,-0.001,
39,11/18/2013 2:00 AM,0.044000000000000004,0.006,0.006,-0.001,
40,11/18/2013 4:00 AM,0.044000000000000004,0.005,0.006,-0.002,
41,11/18/2013 6:00 AM,0.044000000000000004,0.005,0.006,-0.002,
42,11/18/2013 8:00 AM,0.044000000000000004,0.005,0.006,-0.002,
43,11/18/2013 10:00 AM,0.05,0.017,0.022000000000000002,0.003,
44,11/18/2013 12:00 PM,0.054000000000000006,0.024,0.032,0.008,
45,11/18/2013 2:00 PM,0.06,0.03,0.044000000000000004,0.013000000000000001,
46,11/18/2013 4:00 PM,0.057999999999999996,0.026000000000000002,0.042,0.013000000000000001,
47,11/18/2013 6:00 PM,0.05,0.011000000000000001,0.023,0.008,
48,11/18/2013 8:00 PM,0.046,0.004,0.012,0.004,
49,11/18/2013 10:00 PM,0.044000000000000004,-0.001,0.005,0.0,
50,11/19/2013 12:00 AM,0.043,-0.003,0.003,-0.002,
51,11/19/2013 2:00 AM,0.042,-0.005,0.0,-0.004,
52,11/19/2013 4:00 AM,0.042,-0.006,-0.002,-0.005,
53,11/19/2013 6:00 AM,0.040999999999999995,-0.006999999999999999,-0.004,-0.006,
54,11/19/2013 8:00 AM,0.040999999999999995,-0.006,-0.001,-0.006,
55,11/19/2013 10:00 AM,0.049,0.015,0.023,0.001,
56,11/19/2013 12:00 PM,0.055,0.024,0.038,0.009000000000000001,
57,11/19/2013 2:00 PM,0.057999999999999996,0.025,0.040999999999999995,0.012,
58,11/19/2013 4:00 PM,0.055999999999999994,0.02,0.037000000000000005,0.012,
59,11/19/2013 6:00 PM,0.05,0.006999999999999999,0.022000000000000002,0.006999999999999999,
60,11/19/2013 8:00 PM,0.044000000000000004,-0.004,0.006999999999999999,0.001,
61,11/19/2013 10:00 PM,0.043,-0.006999999999999999,0.002,-0.002,
62,11/20/2013 12:00 AM,0.042,-0.009000000000000001,-0.001,-0.004,
63,11/20/2013 2:00 AM,0.042,-0.006999999999999999,0.001,-0.004,
64,11/20/2013 4:00 AM,0.042,-0.008,0.0,-0.005,
65,11/20/2013 6:00 AM,0.042,-0.009000000000000001,-0.001,-0.005,
66,11/20/2013 8:00 AM,0.042,-0.006,0.003,-0.004,
67,11/20/2013 10:00 AM,0.047,0.002,0.013999999999999999,0.001,
68,11/20/2013 12:00 PM,0.051,0.009000000000000001,0.023,0.004,
69,11/20/2013 2:00 PM,0.055999999999999994,0.017,0.033,0.009000000000000001,
70,11/20/2013 4:00 PM,0.055,0.015,0.034,0.009000000000000001,
71,11/20/2013 6:00 PM,0.049,0.004,0.02,0.006,
72,11/20/2013 8:00 PM,0.047,-0.002,0.013000000000000001,0.003,
73,11/20/2013 10:00 PM,0.043,-0.008,0.005,-0.001,
74,11/21/2013 12:00 AM,0.042,-0.009000000000000001,0.002,-0.003,
75,11/21/2013 2:00 AM,0.042,-0.011000000000000001,0.0,-0.004,
76,11/21/2013 4:00 AM,0.042,-0.011000000000000001,-0.001,-0.005,
77,11/21/2013 6:00 AM,0.042,-0.012,-0.002,-0.006,
78,11/21/2013 8:00 AM,0.042,-0.012,0.0,-0.006,
79,11/21/2013 10:00 AM,0.049,0.008,0.023,0.002,
80,11/21/2013 12:00 PM,0.055999999999999994,0.02,0.039,0.009000000000000001,
81,11/21/2013 2:00 PM,0.059000000000000004,0.021,0.042,0.012,
82,11/21/2013 4:00 PM,0.055999999999999994,0.013999999999999999,0.035,0.011000000000000001,
83,11/21/2013 6:00 PM,0.051,0.004,0.024,0.008,
84,11/21/2013 8:00 PM,0.048,0.001,0.021,0.005,
85,11/21/2013 10:00 PM,0.046,-0.002,0.013999999999999999,0.003,
86,11/22/2013 12:00 AM,0.046,-0.002,0.013000000000000001,0.002,
87,11/22/2013 2:00 AM,0.047,-0.002,0.013999999999999999,0.003,
88,11/22/2013 4:00 AM,0.046,-0.004,0.011000000000000001,0.001,
89,11/22/2013 6:00 AM,0.045,-0.006,0.006999999999999999,0.0,
90,11/22/2013 8:00 AM,0.044000000000000004,-0.008,0.005,-0.001,
91,11/22/2013 10:00 AM,0.046,-0.002,0.011000000000000001,0.0,
92,11/22/2013 12:00 PM,0.049,0.003,0.017,0.003,
93,11/22/2013 2:00 PM,0.047,-0.003,0.01,0.001,
94,11/22/2013 4:00 PM,0.045,-0.006999999999999999,0.005,-0.001,
95,11/22/2013 6:00 PM,0.043,-0.01,0.001,-0.002,
96,11/22/2013 8:00 PM,0.042,-0.012,-0.002,-0.004,
97,11/22/2013 10:00 PM,0.042,-0.015,-0.004,-0.005,
98,11/23/2013 12:00 AM,0.042,-0.015,-0.004,-0.005,
99,11/23/2013 2:00 AM,0.042,-0.016,-0.005,-0.005,
100,11/23/2013 4:00 AM,0.042,-0.016,-0.005,-0.006,
101,11/23/2013 6:00 AM,0.042,-0.016,-0.005,-0.006,
102,11/23/2013 8:00 AM,0.042,-0.017,-0.004,-0.005,
103,11/23/2013 10:00 AM,0.042,-0.016,-0.004,-0.005,
104,11/23/2013 12:00 PM,0.046,-0.006,0.042,-0.002,
105,11/23/2013 2:00 PM,0.046,-0.006,0.019,-0.003,
106,11/23/2013 4:00 PM,0.044000000000000004,-0.008,0.008,-0.003,
107,11/23/2013 6:00 PM,0.043,-0.01,0.001,-0.004,
108,11/23/2013 8:00 PM,0.043,-0.012,0.003,-0.004,
109,11/23/2013 10:00 PM,0.043,-0.01,0.006999999999999999,-0.003,
110,11/24/2013 12:00 AM,0.046,0.01,0.021,-0.001,
111,11/24/2013 2:00 AM,0.051,0.036000000000000004,0.032,-0.001,
112,11/24/2013 4:00 AM,0.057,0.047,0.042,-0.001,
113,11/24/2013 6:00 AM,0.063,0.054000000000000006,0.055999999999999994,-0.002,
114,11/24/2013 8:00 AM,0.068,0.061,0.07400000000000001,-0.003,
115,11/24/2013 10:00 AM,0.078,0.075,0.105,-0.002,
116,11/24/2013 12:00 PM,0.10800000000000001,0.11800000000000001,0.149,-0.002,
117,11/24/2013 2:00 PM,0.14800000000000002,0.165,0.16,-0.002,
118,11/24/2013 4:00 PM,0.158,0.168,0.154,0.212,
119,11/24/2013 6:00 PM,0.163,0.16399999999999998,0.14,0.252,
120,11/24/2013 8:00 PM,0.162,0.165,0.132,0.23399999999999999,
121,11/24/2013 10:00 PM,0.162,0.16399999999999998,0.13,0.22,
122,11/25/2013 12:00 AM,0.161,0.162,0.129,0.21100000000000002,
123,11/25/2013 2:00 AM,0.161,0.159,0.128,0.204,
124,11/25/2013 4:00 AM,0.16,0.156,0.126,0.198,
125,11/25/2013 6:00 AM,0.159,0.155,0.125,0.193,
126,11/25/2013 8:00 AM,0.159,0.152,0.124,0.18899999999999997,
127,11/25/2013 10:00 AM,0.158,0.147,0.128,0.185,
128,11/25/2013 12:00 PM,0.157,0.14300000000000002,0.13,0.184,
129,11/25/2013 2:00 PM,0.152,0.138,0.126,0.195,
130,11/25/2013 4:00 PM,0.14800000000000002,0.132,0.12300000000000001,0.191,
131,11/25/2013 6:00 PM,0.15,0.132,0.11699999999999999,0.187,
132,11/25/2013 8:00 PM,0.15,0.132,0.113,0.18600000000000003,
133,11/25/2013 10:00 PM,0.14800000000000002,0.128,0.11,0.184,
134,11/26/2013 12:00 AM,0.145,0.12,0.10800000000000001,0.182,
135,11/26/2013 2:00 AM,0.139,0.11199999999999999,0.10300000000000001,0.18,
136,11/26/2013 4:00 AM,0.132,0.105,0.09699999999999999,0.17800000000000002,
137,11/26/2013 6:00 AM,0.12300000000000001,0.099,0.08900000000000001,0.17600000000000002,
138,11/26/2013 8:00 AM,0.114,0.094,0.086,0.174,
139,11/26/2013 10:00 AM,0.128,0.113,0.111,0.17,
140,11/26/2013 12:00 PM,0.14,0.12,0.115,0.165,
141,11/26/2013 2:00 PM,0.136,0.11699999999999999,0.11599999999999999,0.162,
142,11/26/2013 4:00 PM,0.135,0.115,0.115,0.16,
143,11/26/2013 6:00 PM,0.134,0.11,0.105,0.159,
144,11/26/2013 8:00 PM,0.135,0.10800000000000001,0.099,0.158,
145,11/26/2013 10:00 PM,0.134,0.107,0.096,0.158,
146,11/27/2013 12:00 AM,0.133,0.105,0.09300000000000001,0.157,
147,11/27/2013 2:00 AM,0.129,0.098,0.08900000000000001,0.156,
148,11/27/2013 4:00 AM,0.124,0.09300000000000001,0.085,0.155,
149,11/27/2013 6:00 AM,0.11699999999999999,0.087,0.078,0.153,
150,11/27/2013 8:00 AM,0.109,0.083,0.075,0.152,
151,11/27/2013 10:00 AM,0.11699999999999999,0.09300000000000001,0.094,0.15,
152,11/27/2013 12:00 PM,0.13,0.102,0.10099999999999999,0.146,
153,11/27/2013 2:00 PM,0.128,0.10099999999999999,0.10099999999999999,0.14300000000000002,
154,11/27/2013 4:00 PM,0.128,0.099,0.098,0.141,
155,11/27/2013 6:00 PM,0.128,0.096,0.09300000000000001,0.14,
156,11/27/2013 8:00 PM,0.128,0.094,0.087,0.14,
157,11/27/2013 10:00 PM,0.128,0.094,0.085,0.14,
158,11/28/2013 12:00 AM,0.125,0.09,0.081,0.14,
159,11/28/2013 2:00 AM,0.12,0.085,0.077,0.139,
160,11/28/2013 4:00 AM,0.114,0.08,0.073,0.138,
161,11/28/2013 6:00 AM,0.107,0.075,0.067,0.13699999999999998,
162,11/28/2013 8:00 AM,0.10099999999999999,0.07,0.064,0.135,
163,11/28/2013 10:00 AM,0.11199999999999999,0.086,0.09300000000000001,0.135,
164,11/28/2013 12:00 PM,0.124,0.096,0.099,0.13,
165,11/28/2013 2:00 PM,0.124,0.096,0.10300000000000001,0.128,
166,11/28/2013 4:00 PM,0.12300000000000001,0.09300000000000001,0.102,0.128,
167,11/28/2013 6:00 PM,0.122,0.086,0.08900000000000001,0.127,
168,11/28/2013 8:00 PM,0.122,0.08199999999999999,0.08199999999999999,0.126,
169,11/28/2013 10:00 PM,0.121,0.08199999999999999,0.079,0.126,
170,11/29/2013 12:00 AM,0.121,0.08199999999999999,0.078,0.126,
171,11/29/2013 2:00 AM,0.121,0.08199999999999999,0.077,0.126,
172,11/29/2013 4:00 AM,0.11900000000000001,0.081,0.076,0.125,
173,11/29/2013 6:00 AM,0.11599999999999999,0.077,0.073,0.124,
174,11/29/2013 8:00 AM,0.113,0.075,0.07400000000000001,0.124,
175,11/29/2013 10:00 AM,0.11800000000000001,0.084,0.08800000000000001,0.121,
176,11/29/2013 12:00 PM,0.11900000000000001,0.08800000000000001,0.096,0.11900000000000001,
177,11/29/2013 2:00 PM,0.11900000000000001,0.08900000000000001,0.102,0.11800000000000001,
178,11/29/2013 4:00 PM,0.11800000000000001,0.086,0.1,0.11699999999999999,
179,11/29/2013 6:00 PM,0.11599999999999999,0.077,0.086,0.11699999999999999,
180,11/29/2013 8:00 PM,0.11599999999999999,0.07400000000000001,0.078,0.115,
181,11/29/2013 10:00 PM,0.115,0.073,0.076,0.115,
182,11/30/2013 12:00 AM,0.115,0.073,0.07400000000000001,0.115,
183,11/30/2013 2:00 AM,0.115,0.07200000000000001,0.073,0.115,
184,11/30/2013 4:00 AM,0.115,0.073,0.07400000000000001,0.115,
185,11/30/2013 6:00 AM,0.114,0.071,0.07200000000000001,0.113,
186,11/30/2013 8:00 AM,0.114,0.071,0.07400000000000001,0.113,
187,11/30/2013 10:00 AM,0.114,0.07400000000000001,0.083,0.11199999999999999,
188,11/30/2013 12:00 PM,0.113,0.075,0.085,0.11,
189,11/30/2013 2:00 PM,0.114,0.078,0.092,0.11,
190,11/30/2013 4:00 PM,0.113,0.076,0.092,0.109,
191,11/30/2013 6:00 PM,0.11199999999999999,0.069,0.08199999999999999,0.10800000000000001,
192,11/30/2013 8:00 PM,0.111,0.068,0.078,0.107,
193,11/30/2013 10:00 PM,0.11,0.066,0.075,0.106,
194,12/1/2013 12:00 AM,0.11,0.065,0.07400000000000001,0.106,
195,12/1/2013 2:00 AM,0.11,0.065,0.07400000000000001,0.105,
196,12/1/2013 4:00 AM,0.11,0.065,0.07400000000000001,0.105,
197,12/1/2013 6:00 AM,0.11,0.064,0.07400000000000001,0.105,
198,12/1/2013 8:00 AM,0.109,0.064,0.07400000000000001,0.10400000000000001,
199,12/1/2013 10:00 AM,0.109,0.065,0.077,0.10400000000000001,
200,12/1/2013 12:00 PM,0.11,0.069,0.085,0.10400000000000001,
201,12/1/2013 2:00 PM,0.11,0.07200000000000001,0.09,0.10300000000000001,
202,12/1/2013 4:00 PM,0.11,0.07,0.091,0.102,
203,12/1/2013 6:00 PM,0.107,0.063,0.078,0.102,
204,12/1/2013 8:00 PM,0.107,0.059000000000000004,0.07200000000000001,0.1,
205,12/1/2013 10:00 PM,0.106,0.057999999999999996,0.069,0.099,
206,12/2/2013 12:00 AM,0.106,0.057999999999999996,0.065,0.099,
207,12/2/2013 2:00 AM,0.105,0.057,0.064,0.099,
208,12/2/2013 4:00 AM,0.105,0.055999999999999994,0.063,0.098,
209,12/2/2013 6:00 AM,0.105,0.055,0.059000000000000004,0.098,
210,12/2/2013 8:00 AM,0.105,0.055,0.06,0.09699999999999999,
211,12/2/2013 10:00 AM,0.105,0.063,0.078,0.096,
212,12/2/2013 12:00 PM,0.107,0.069,0.085,0.096,
213,12/2/2013 2:00 PM,0.107,0.07,0.08900000000000001,0.096,
214,12/2/2013 4:00 PM,0.107,0.067,0.087,0.096,
215,12/2/2013 6:00 PM,0.10400000000000001,0.057999999999999996,0.07400000000000001,0.095,
216,12/2/2013 8:00 PM,0.102,0.053,0.065,0.09300000000000001,
217,12/2/2013 10:00 PM,0.102,0.052000000000000005,0.062,0.09300000000000001,
218,12/3/2013 12:00 AM,0.10099999999999999,0.052000000000000005,0.059000000000000004,0.092,
219,12/3/2013 2:00 AM,0.10099999999999999,0.052000000000000005,0.06,0.092,
220,12/3/2013 4:00 AM,0.10099999999999999,0.052000000000000005,0.06,0.091,
221,12/3/2013 6:00 AM,0.1,0.052000000000000005,0.06,0.091,
222,12/3/2013 8:00 AM,0.1,0.052000000000000005,0.062,0.09,
223,12/3/2013 10:00 AM,0.102,0.057,0.071,0.09,
224,12/3/2013 12:00 PM,0.10300000000000001,0.063,0.083,0.09,
225,12/3/2013 2:00 PM,0.105,0.064,0.087,0.09,
226,12/3/2013 4:00 PM,0.10400000000000001,0.063,0.087,0.09,
227,12/3/2013 6:00 PM,0.1,0.052000000000000005,0.073,0.08900000000000001,
228,12/3/2013 8:00 PM,0.098,0.045,0.061,0.086,
229,12/3/2013 10:00 PM,0.09699999999999999,0.046,0.06,0.086,
230,12/4/2013 12:00 AM,0.09699999999999999,0.045,0.057999999999999996,0.085,
231,12/4/2013 2:00 AM,0.09699999999999999,0.047,0.061,0.085,
232,12/4/2013 4:00 AM,0.09699999999999999,0.048,0.064,0.085,
233,12/4/2013 6:00 AM,0.09699999999999999,0.048,0.064,0.085,
234,12/4/2013 8:00 AM,0.096,0.048,0.064,0.084,
235,12/4/2013 10:00 AM,0.099,0.054000000000000006,0.076,0.084,
236,12/4/2013 12:00 PM,0.099,0.054000000000000006,0.081,0.08199999999999999,
237,12/4/2013 2:00 PM,0.1,0.054000000000000006,0.083,0.08199999999999999,
238,12/4/2013 4:00 PM,0.099,0.05,0.079,0.081,
239,12/4/2013 6:00 PM,0.096,0.044000000000000004,0.07200000000000001,0.08,
240,12/4/2013 8:00 PM,0.095,0.042,0.066,0.078,
241,12/4/2013 10:00 PM,0.094,0.039,0.061,0.077,
242,12/5/2013 12:00 AM,0.09300000000000001,0.036000000000000004,0.055999999999999994,0.075,
243,12/5/2013 2:00 AM,0.09300000000000001,0.036000000000000004,0.055,0.075,
244,12/5/2013 4:00 AM,0.09300000000000001,0.036000000000000004,0.055999999999999994,0.07400000000000001,
245,12/5/2013 6:00 AM,0.09300000000000001,0.037000000000000005,0.057,0.07400000000000001,
246,12/5/2013 8:00 AM,0.09300000000000001,0.037000000000000005,0.057,0.07400000000000001,
247,12/5/2013 10:00 AM,0.094,0.040999999999999995,0.064,0.075,
248,12/5/2013 12:00 PM,0.095,0.045,0.071,0.076,
249,12/5/2013 2:00 PM,0.096,0.046,0.07400000000000001,0.075,
250,12/5/2013 4:00 PM,0.09300000000000001,0.04,0.066,0.07400000000000001,
251,12/5/2013 6:00 PM,0.092,0.035,0.057999999999999996,0.07200000000000001,
252,12/5/2013 8:00 PM,0.091,0.031,0.051,0.07,
253,12/5/2013 10:00 PM,0.09,0.03,0.049,0.069,
254,12/6/2013 12:00 AM,0.09,0.03,0.046,0.069,
255,12/6/2013 2:00 AM,0.09,0.03,0.047,0.069,
256,12/6/2013 4:00 AM,0.08900000000000001,0.028999999999999998,0.045,0.068,
257,12/6/2013 6:00 AM,0.08900000000000001,0.027999999999999997,0.044000000000000004,0.068,
258,12/6/2013 8:00 AM,0.08900000000000001,0.027999999999999997,0.043,0.067,
259,12/6/2013 10:00 AM,0.091,0.039,0.057999999999999996,0.069,
260,12/6/2013 12:00 PM,0.09300000000000001,0.044000000000000004,0.068,0.07,
261,12/6/2013 2:00 PM,0.095,0.044000000000000004,0.069,0.07,
262,12/6/2013 4:00 PM,0.09300000000000001,0.040999999999999995,0.066,0.07,
263,12/6/2013 6:00 PM,0.08900000000000001,0.03,0.051,0.067,
264,12/6/2013 8:00 PM,0.087,0.024,0.042,0.064,
265,12/6/2013 10:00 PM,0.086,0.022000000000000002,0.038,0.064,
266,12/7/2013 12:00 AM,0.086,0.022000000000000002,0.037000000000000005,0.064,
267,12/7/2013 2:00 AM,0.086,0.021,0.036000000000000004,0.064,
268,12/7/2013 4:00 AM,0.086,0.022000000000000002,0.037000000000000005,0.064,
269,12/7/2013 6:00 AM,0.086,0.023,0.039,0.064,
270,12/7/2013 8:00 AM,0.086,0.026000000000000002,0.042,0.064,
271,12/7/2013 10:00 AM,0.08800000000000001,0.028999999999999998,0.047,0.065,
272,12/7/2013 12:00 PM,0.08900000000000001,0.03,0.051,0.065,
273,12/7/2013 2:00 PM,0.08900000000000001,0.03,0.052000000000000005,0.065,
274,12/7/2013 4:00 PM,0.08900000000000001,0.031,0.053,0.065,
275,12/7/2013 6:00 PM,0.087,0.027000000000000003,0.047,0.064,
276,12/7/2013 8:00 PM,0.086,0.025,0.044000000000000004,0.064,
277,12/7/2013 10:00 PM,0.086,0.025,0.043,0.064,
278,12/8/2013 12:00 AM,0.086,0.023,0.042,0.064,
279,12/8/2013 2:00 AM,0.085,0.019,0.039,0.063,
280,12/8/2013 4:00 AM,0.086,0.021,0.039,0.063,
281,12/8/2013 6:00 AM,0.086,0.022000000000000002,0.038,0.062,
282,12/8/2013 8:00 AM,0.086,0.024,0.042,0.063,
283,12/8/2013 10:00 AM,0.087,0.033,0.055,0.064,
284,12/8/2013 12:00 PM,0.08900000000000001,0.04,0.064,0.065,
285,12/8/2013 2:00 PM,0.091,0.040999999999999995,0.067,0.065,
286,12/8/2013 4:00 PM,0.08900000000000001,0.036000000000000004,0.064,0.065,
287,12/8/2013 6:00 PM,0.086,0.027000000000000003,0.051,0.063,
288,12/8/2013 8:00 PM,0.084,0.021,0.042,0.06,
289,12/8/2013 10:00 PM,0.083,0.019,0.039,0.059000000000000004,
290,12/9/2013 12:00 AM,0.083,0.018000000000000002,0.038,0.059000000000000004,
291,12/9/2013 2:00 AM,0.083,0.019,0.039,0.059000000000000004,
292,12/9/2013 4:00 AM,0.083,0.018000000000000002,0.038,0.059000000000000004,
293,12/9/2013 6:00 AM,0.083,0.019,0.039,0.059000000000000004,
294,12/9/2013 8:00 AM,0.083,0.02,0.039,0.059000000000000004,
295,12/9/2013 10:00 AM,0.086,0.032,0.055,0.061,
296,12/9/2013 12:00 PM,0.08800000000000001,0.039,0.065,0.064,
297,12/9/2013 2:00 PM,0.08900000000000001,0.04,0.067,0.064,
298,12/9/2013 4:00 PM,0.08800000000000001,0.035,0.062,0.063,
299,12/9/2013 6:00 PM,0.083,0.023,0.046,0.059000000000000004,
300,12/9/2013 8:00 PM,0.08199999999999999,0.017,0.037000000000000005,0.057999999999999996,
301,12/9/2013 10:00 PM,0.081,0.015,0.034,0.057,
302,12/10/2013 12:00 AM,0.08,0.013000000000000001,0.03,0.055999999999999994,
303,12/10/2013 2:00 AM,0.08,0.012,0.03,0.055999999999999994,
304,12/10/2013 4:00 AM,0.079,0.01,0.027000000000000003,0.055,
305,12/10/2013 6:00 AM,0.076,0.006999999999999999,0.026000000000000002,0.054000000000000006,
306,12/10/2013 8:00 AM,0.073,0.002,0.024,0.053,
307,12/10/2013 10:00 AM,0.077,0.02,0.042,0.055999999999999994,
308,12/10/2013 12:00 PM,0.086,0.033,0.054000000000000006,0.057999999999999996,
309,12/10/2013 2:00 PM,0.08800000000000001,0.036000000000000004,0.059000000000000004,0.059000000000000004,
310,12/10/2013 4:00 PM,0.087,0.032,0.057999999999999996,0.059000000000000004,
311,12/10/2013 6:00 PM,0.08199999999999999,0.019,0.042,0.057,
312,12/10/2013 8:00 PM,0.08,0.013000000000000001,0.034,0.055,
313,12/10/2013 10:00 PM,0.079,0.011000000000000001,0.03,0.054000000000000006,
314,12/11/2013 12:00 AM,0.078,0.009000000000000001,0.027000000000000003,0.052000000000000005,
315,12/11/2013 2:00 AM,0.078,0.008,0.026000000000000002,0.052000000000000005,
316,12/11/2013 4:00 AM,0.077,0.006999999999999999,0.025,0.052000000000000005,
317,12/11/2013 6:00 AM,0.07400000000000001,0.004,0.025,0.051,
318,12/11/2013 8:00 AM,0.07200000000000001,0.002,0.026000000000000002,0.051,
319,12/11/2013 10:00 AM,0.077,0.02,0.042,0.055,
320,12/11/2013 12:00 PM,0.085,0.033,0.057,0.057999999999999996,
321,12/11/2013 2:00 PM,0.087,0.037000000000000005,0.063,0.057999999999999996,
322,12/11/2013 4:00 PM,0.086,0.032,0.06,0.059000000000000004,
323,12/11/2013 6:00 PM,0.08,0.019,0.044000000000000004,0.055999999999999994,
324,12/11/2013 8:00 PM,0.078,0.012,0.035,0.054000000000000006,
325,12/11/2013 10:00 PM,0.078,0.011000000000000001,0.032,0.053,
326,12/12/2013 12:00 AM,0.078,0.011000000000000001,0.031,0.052000000000000005,
327,12/12/2013 2:00 AM,0.078,0.011000000000000001,0.031,0.052000000000000005,
328,12/12/2013 4:00 AM,0.078,0.011000000000000001,0.031,0.052000000000000005,
329,12/12/2013 6:00 AM,0.078,0.013000000000000001,0.035,0.053,
330,12/12/2013 8:00 AM,0.092,0.054000000000000006,0.083,0.061,
331,12/12/2013 10:00 AM,0.11599999999999999,0.09300000000000001,0.11599999999999999,0.069,
332,12/12/2013 12:00 PM,0.136,0.124,0.155,0.08199999999999999,
333,12/12/2013 2:00 PM,0.17,0.13699999999999998,0.182,0.10400000000000001,
334,12/12/2013 4:00 PM,0.182,0.11699999999999999,0.162,0.107,
335,12/12/2013 6:00 PM,0.185,0.11599999999999999,0.15,0.10800000000000001,
336,12/12/2013 8:00 PM,0.18600000000000003,0.12,0.153,0.11,
337,12/12/2013 10:00 PM,0.18600000000000003,0.166,0.201,0.12,
338,12/13/2013 12:00 AM,0.191,0.16699999999999998,0.207,0.128,
339,12/13/2013 2:00 AM,0.191,0.16899999999999998,0.209,0.134,
340,12/13/2013 4:00 AM,0.19,0.17,0.21,0.139,
341,12/13/2013 6:00 AM,0.187,0.172,0.21100000000000002,0.14300000000000002,
342,12/13/2013 8:00 AM,0.182,0.17300000000000001,0.212,0.145,
343,12/13/2013 10:00 AM,0.179,0.17,0.212,0.147,
344,12/13/2013 12:00 PM,0.187,0.15,0.19399999999999998,0.146,
345,12/13/2013 2:00 PM,0.18600000000000003,0.132,0.175,0.141,
346,12/13/2013 4:00 PM,0.182,0.128,0.174,0.139,
347,12/13/2013 6:00 PM,0.185,0.124,0.17,0.138,
348,12/13/2013 8:00 PM,0.18600000000000003,0.122,0.168,0.13699999999999998,
349,12/13/2013 10:00 PM,0.18600000000000003,0.121,0.166,0.13699999999999998,
350,12/14/2013 12:00 AM,0.18600000000000003,0.121,0.166,0.138,
351,12/14/2013 2:00 AM,0.185,0.11699999999999999,0.16399999999999998,0.138,
352,12/14/2013 4:00 AM,0.18,0.10400000000000001,0.16,0.138,
353,12/14/2013 6:00 AM,0.17300000000000001,0.095,0.155,0.136,
354,12/14/2013 8:00 AM,0.166,0.09,0.14800000000000002,0.135,
355,12/14/2013 10:00 AM,0.171,0.109,0.159,0.134,
356,12/14/2013 12:00 PM,0.17300000000000001,0.11699999999999999,0.159,0.131,
357,12/14/2013 2:00 PM,0.16699999999999998,0.115,0.159,0.129,
358,12/14/2013 4:00 PM,0.165,0.113,0.157,0.128,
359,12/14/2013 6:00 PM,0.16899999999999998,0.107,0.153,0.127,
360,12/14/2013 8:00 PM,0.17300000000000001,0.105,0.149,0.126,
361,12/14/2013 10:00 PM,0.17300000000000001,0.10400000000000001,0.147,0.126,
362,12/15/2013 12:00 AM,0.17,0.098,0.14400000000000002,0.126,
363,12/15/2013 2:00 AM,0.16399999999999998,0.091,0.14,0.124,
364,12/15/2013 4:00 AM,0.156,0.085,0.131,0.122,
365,12/15/2013 6:00 AM,0.146,0.078,0.11800000000000001,0.11900000000000001,
366,12/15/2013 8:00 AM,0.134,0.069,0.10800000000000001,0.115,
367,12/15/2013 10:00 AM,0.13699999999999998,0.085,0.13,0.11900000000000001,
368,12/15/2013 12:00 PM,0.162,0.10300000000000001,0.145,0.12,
369,12/15/2013 2:00 PM,0.158,0.102,0.145,0.11800000000000001,
370,12/15/2013 4:00 PM,0.156,0.10099999999999999,0.145,0.11699999999999999,
371,12/15/2013 6:00 PM,0.161,0.095,0.138,0.11599999999999999,
372,12/15/2013 8:00 PM,0.163,0.092,0.134,0.115,
373,12/15/2013 10:00 PM,0.16399999999999998,0.092,0.132,0.115,
374,12/16/2013 12:00 AM,0.162,0.09,0.13,0.115,
375,12/16/2013 2:00 AM,0.157,0.085,0.126,0.114,
376,12/16/2013 4:00 AM,0.15,0.078,0.11900000000000001,0.11199999999999999,
377,12/16/2013 6:00 AM,0.14,0.07400000000000001,0.111,0.11,
378,12/16/2013 8:00 AM,0.132,0.069,0.10400000000000001,0.107,
379,12/16/2013 10:00 AM,0.13699999999999998,0.083,0.125,0.11199999999999999,
380,12/16/2013 12:00 PM,0.155,0.096,0.136,0.111,
381,12/16/2013 2:00 PM,0.151,0.096,0.138,0.11,
382,12/16/2013 4:00 PM,0.15,0.09300000000000001,0.13699999999999998,0.11,
383,12/16/2013 6:00 PM,0.153,0.086,0.129,0.109,
384,12/16/2013 8:00 PM,0.155,0.08199999999999999,0.12300000000000001,0.107,
385,12/16/2013 10:00 PM,0.156,0.08199999999999999,0.121,0.106,
386,12/17/2013 12:00 AM,0.156,0.08199999999999999,0.12,0.106,
387,12/17/2013 2:00 AM,0.155,0.08199999999999999,0.11800000000000001,0.106,
388,12/17/2013 4:00 AM,0.152,0.079,0.11599999999999999,0.105,
389,12/17/2013 6:00 AM,0.14800000000000002,0.076,0.113,0.105,
390,12/17/2013 8:00 AM,0.142,0.073,0.107,0.10400000000000001,
391,12/17/2013 10:00 AM,0.145,0.083,0.12300000000000001,0.105,
392,12/17/2013 12:00 PM,0.147,0.08900000000000001,0.128,0.10400000000000001,
393,12/17/2013 2:00 PM,0.14400000000000002,0.08900000000000001,0.131,0.10400000000000001,
394,12/17/2013 4:00 PM,0.14300000000000002,0.086,0.13,0.10400000000000001,
395,12/17/2013 6:00 PM,0.145,0.078,0.12,0.102,
396,12/17/2013 8:00 PM,0.147,0.07400000000000001,0.114,0.1,
397,12/17/2013 10:00 PM,0.14800000000000002,0.07400000000000001,0.111,0.099,
398,12/18/2013 12:00 AM,0.14800000000000002,0.073,0.109,0.099,
399,12/18/2013 2:00 AM,0.14800000000000002,0.073,0.10800000000000001,0.099,
400,12/18/2013 4:00 AM,0.147,0.07200000000000001,0.107,0.098,
401,12/18/2013 6:00 AM,0.142,0.069,0.10300000000000001,0.098,
402,12/18/2013 8:00 AM,0.138,0.067,0.10099999999999999,0.098,
403,12/18/2013 10:00 AM,0.141,0.07400000000000001,0.113,0.098,
404,12/18/2013 12:00 PM,0.142,0.078,0.11800000000000001,0.09699999999999999,
405,12/18/2013 2:00 PM,0.14,0.081,0.122,0.098,
406,12/18/2013 4:00 PM,0.139,0.077,0.12,0.098,
407,12/18/2013 6:00 PM,0.14,0.07200000000000001,0.113,0.096,
408,12/18/2013 8:00 PM,0.141,0.069,0.10800000000000001,0.094,
409,12/18/2013 10:00 PM,0.141,0.068,0.105,0.09300000000000001,
410,12/19/2013 12:00 AM,0.141,0.067,0.102,0.09300000000000001,
411,12/19/2013 2:00 AM,0.141,0.066,0.10099999999999999,0.09300000000000001,
412,12/19/2013 4:00 AM,0.142,0.066,0.099,0.09300000000000001,
413,12/19/2013 6:00 AM,0.141,0.066,0.099,0.09300000000000001,
414,12/19/2013 8:00 AM,0.14,0.066,0.099,0.09300000000000001,
415,12/19/2013 10:00 AM,0.138,0.07400000000000001,0.111,0.09300000000000001,
416,12/19/2013 12:00 PM,0.136,0.077,0.11699999999999999,0.09300000000000001,
417,12/19/2013 2:00 PM,0.135,0.076,0.11800000000000001,0.09300000000000001,
418,12/19/2013 4:00 PM,0.134,0.07400000000000001,0.11699999999999999,0.09300000000000001,
419,12/19/2013 6:00 PM,0.134,0.066,0.109,0.091,
420,12/19/2013 8:00 PM,0.134,0.063,0.102,0.08900000000000001,
421,12/19/2013 10:00 PM,0.134,0.061,0.099,0.08800000000000001,
422,12/20/2013 12:00 AM,0.134,0.057999999999999996,0.094,0.086,
423,12/20/2013 2:00 AM,0.134,0.057999999999999996,0.09300000000000001,0.086,
424,12/20/2013 4:00 AM,0.134,0.057999999999999996,0.092,0.086,
425,12/20/2013 6:00 AM,0.133,0.06,0.096,0.086,
426,12/20/2013 8:00 AM,0.132,0.06,0.09699999999999999,0.086,
427,12/20/2013 10:00 AM,0.132,0.061,0.099,0.086,
428,12/20/2013 12:00 PM,0.13,0.066,0.107,0.086,
429,12/20/2013 2:00 PM,0.13,0.066,0.109,0.08800000000000001,
430,12/20/2013 4:00 PM,0.13,0.063,0.105,0.087,
431,12/20/2013 6:00 PM,0.13,0.059000000000000004,0.099,0.086,
432,12/20/2013 8:00 PM,0.13,0.057999999999999996,0.096,0.085,
433,12/20/2013 10:00 PM,0.13,0.057,0.09300000000000001,0.083,
434,12/21/2013 12:00 AM,0.13,0.055999999999999994,0.091,0.083,
435,12/21/2013 2:00 AM,0.13,0.055999999999999994,0.09,0.083,
436,12/21/2013 4:00 AM,0.127,0.064,0.102,0.08800000000000001,
437,12/21/2013 6:00 AM,0.126,0.08199999999999999,0.126,0.09,
438,12/21/2013 8:00 AM,0.132,0.059000000000000004,0.099,0.085,
439,12/21/2013 10:00 AM,0.13,0.062,0.099,0.08199999999999999,
440,12/21/2013 12:00 PM,0.128,0.062,0.102,0.08199999999999999,
441,12/21/2013 2:00 PM,0.128,0.059000000000000004,0.099,0.08199999999999999,
442,12/21/2013 4:00 PM,0.128,0.059000000000000004,0.099,0.08199999999999999,
443,12/21/2013 6:00 PM,0.127,0.057,0.096,0.08,
444,12/21/2013 8:00 PM,0.127,0.054000000000000006,0.092,0.08,
445,12/21/2013 10:00 PM,0.127,0.053,0.09,0.079,
446,12/22/2013 12:00 AM,0.127,0.052000000000000005,0.087,0.079,
447,12/22/2013 2:00 AM,0.126,0.052000000000000005,0.087,0.079,
448,12/22/2013 4:00 AM,0.126,0.052000000000000005,0.086,0.078,
449,12/22/2013 6:00 AM,0.126,0.051,0.084,0.078,
450,12/22/2013 8:00 AM,0.126,0.05,0.08199999999999999,0.077,
451,12/22/2013 10:00 AM,0.125,0.059000000000000004,0.095,0.078,
452,12/22/2013 12:00 PM,0.125,0.064,0.10099999999999999,0.078,
453,12/22/2013 2:00 PM,0.124,0.064,0.102,0.079,
454,12/22/2013 4:00 PM,0.124,0.061,0.1,0.08,
455,12/22/2013 6:00 PM,0.12300000000000001,0.051,0.08800000000000001,0.078,
456,12/22/2013 8:00 PM,0.124,0.047,0.08,0.075,
457,12/22/2013 10:00 PM,0.124,0.047,0.078,0.075,
458,12/23/2013 12:00 AM,0.124,0.046,0.076,0.07400000000000001,
459,12/23/2013 2:00 AM,0.12300000000000001,0.045,0.07400000000000001,0.07400000000000001,
460,12/23/2013 4:00 AM,0.11800000000000001,0.042,0.07200000000000001,0.07400000000000001,
461,12/23/2013 6:00 AM,0.113,0.04,0.069,0.073,
462,12/23/2013 8:00 AM,0.107,0.036000000000000004,0.065,0.071,
463,12/23/2013 10:00 AM,0.11,0.05,0.084,0.07400000000000001,
464,12/23/2013 12:00 PM,0.122,0.061,0.09699999999999999,0.076,
465,12/23/2013 2:00 PM,0.122,0.064,0.1,0.077,
466,12/23/2013 4:00 PM,0.121,0.06,0.09699999999999999,0.078,
467,12/23/2013 6:00 PM,0.12,0.049,0.08199999999999999,0.075,
468,12/23/2013 8:00 PM,0.121,0.044000000000000004,0.07400000000000001,0.073,
469,12/23/2013 10:00 PM,0.121,0.043,0.07,0.07200000000000001,
470,12/24/2013 12:00 AM,0.12,0.042,0.069,0.07200000000000001,
471,12/24/2013 2:00 AM,0.115,0.04,0.067,0.071,
472,12/24/2013 4:00 AM,0.109,0.036000000000000004,0.063,0.069,
473,12/24/2013 6:00 AM,0.102,0.03,0.057999999999999996,0.066,
474,12/24/2013 8:00 AM,0.096,0.023,0.054000000000000006,0.064,
475,12/24/2013 10:00 AM,0.09699999999999999,0.038,0.07200000000000001,0.068,
476,12/24/2013 12:00 PM,0.11900000000000001,0.059000000000000004,0.09300000000000001,0.07400000000000001,
477,12/24/2013 2:00 PM,0.12,0.061,0.09699999999999999,0.075,
478,12/24/2013 4:00 PM,0.11900000000000001,0.057999999999999996,0.095,0.075,
479,12/24/2013 6:00 PM,0.11800000000000001,0.048,0.08199999999999999,0.07400000000000001,
480,12/24/2013 8:00 PM,0.11800000000000001,0.042,0.073,0.071,
481,12/24/2013 10:00 PM,0.11800000000000001,0.042,0.071,0.07,
482,12/25/2013 12:00 AM,0.11800000000000001,0.042,0.069,0.069,
483,12/25/2013 2:00 AM,0.11800000000000001,0.042,0.069,0.069,
484,12/25/2013 4:00 AM,0.11699999999999999,0.042,0.069,0.069,
485,12/25/2013 6:00 AM,0.115,0.045,0.073,0.069,
486,12/25/2013 8:00 AM,0.115,0.042,0.071,0.069,
487,12/25/2013 10:00 AM,0.115,0.051,0.081,0.07,
488,12/25/2013 12:00 PM,0.11699999999999999,0.062,0.091,0.073,
489,12/25/2013 2:00 PM,0.11699999999999999,0.064,0.09300000000000001,0.07400000000000001,
490,12/25/2013 4:00 PM,0.11599999999999999,0.06,0.09,0.07400000000000001,
491,12/25/2013 6:00 PM,0.115,0.051,0.077,0.07200000000000001,
492,12/25/2013 8:00 PM,0.115,0.047,0.07,0.069,
493,12/25/2013 10:00 PM,0.115,0.045,0.067,0.069,
494,12/26/2013 12:00 AM,0.115,0.045,0.066,0.069,
495,12/26/2013 2:00 AM,0.115,0.043,0.063,0.068,
496,12/26/2013 4:00 AM,0.11199999999999999,0.042,0.061,0.068,
497,12/26/2013 6:00 AM,0.107,0.038,0.057999999999999996,0.067,
498,12/26/2013 8:00 AM,0.10099999999999999,0.034,0.055,0.064,
499,12/26/2013 10:00 AM,0.102,0.048,0.07200000000000001,0.068,
500,12/26/2013 12:00 PM,0.115,0.06,0.086,0.07,
501,12/26/2013 2:00 PM,0.115,0.062,0.09,0.071,
502,12/26/2013 4:00 PM,0.115,0.057999999999999996,0.08900000000000001,0.07200000000000001,
503,12/26/2013 6:00 PM,0.11199999999999999,0.048,0.07400000000000001,0.069,
504,12/26/2013 8:00 PM,0.11199999999999999,0.042,0.064,0.067,
505,12/26/2013 10:00 PM,0.11199999999999999,0.040999999999999995,0.06,0.066,
506,12/27/2013 12:00 AM,0.113,0.04,0.057999999999999996,0.066,
507,12/27/2013 2:00 AM,0.11,0.04,0.057999999999999996,0.066,
508,12/27/2013 4:00 AM,0.10400000000000001,0.035,0.055,0.064,
509,12/27/2013 6:00 AM,0.098,0.03,0.051,0.062,
510,12/27/2013 8:00 AM,0.092,0.025,0.048,0.059000000000000004,
511,12/27/2013 10:00 AM,0.09300000000000001,0.039,0.064,0.064,
512,12/27/2013 12:00 PM,0.11199999999999999,0.057999999999999996,0.084,0.069,
513,12/27/2013 2:00 PM,0.114,0.061,0.08900000000000001,0.069,
514,12/27/2013 4:00 PM,0.113,0.057999999999999996,0.087,0.07,
515,12/27/2013 6:00 PM,0.11,0.046,0.07200000000000001,0.068,
516,12/27/2013 8:00 PM,0.11,0.040999999999999995,0.063,0.066,
517,12/27/2013 10:00 PM,0.11,0.039,0.057999999999999996,0.064,
518,12/28/2013 12:00 AM,0.109,0.038,0.055999999999999994,0.064,
519,12/28/2013 2:00 AM,0.107,0.037000000000000005,0.054000000000000006,0.064,
520,12/28/2013 4:00 AM,0.102,0.033,0.052000000000000005,0.062,
521,12/28/2013 6:00 AM,0.095,0.027999999999999997,0.049,0.059000000000000004,
522,12/28/2013 8:00 AM,0.08900000000000001,0.021,0.044000000000000004,0.057,
523,12/28/2013 10:00 AM,0.08900000000000001,0.036000000000000004,0.063,0.061,
524,12/28/2013 12:00 PM,0.109,0.055999999999999994,0.081,0.067,
525,12/28/2013 2:00 PM,0.111,0.057,0.085,0.068,
526,12/28/2013 4:00 PM,0.11,0.051,0.08,0.069,
527,12/28/2013 6:00 PM,0.10800000000000001,0.043,0.069,0.066,
528,12/28/2013 8:00 PM,0.10800000000000001,0.04,0.064,0.064,
529,12/28/2013 10:00 PM,0.107,0.039,0.061,0.064,
530,12/29/2013 12:00 AM,0.107,0.038,0.06,0.063,
531,12/29/2013 2:00 AM,0.107,0.038,0.057999999999999996,0.063,
532,12/29/2013 4:00 AM,0.107,0.037000000000000005,0.057999999999999996,0.062,
533,12/29/2013 6:00 AM,0.107,0.037000000000000005,0.057999999999999996,0.062,
534,12/29/2013 8:00 AM,0.107,0.039,0.06,0.063,
535,12/29/2013 10:00 AM,0.107,0.048,0.07200000000000001,0.064,
536,12/29/2013 12:00 PM,0.107,0.051,0.078,0.065,
537,12/29/2013 2:00 PM,0.107,0.05,0.078,0.066,
538,12/29/2013 4:00 PM,0.107,0.05,0.078,0.066,
539,12/29/2013 6:00 PM,0.105,0.042,0.067,0.064,
540,12/29/2013 8:00 PM,0.105,0.037000000000000005,0.059000000000000004,0.062,
541,12/29/2013 10:00 PM,0.105,0.033,0.054000000000000006,0.061,
542,12/30/2013 12:00 AM,0.105,0.032,0.052000000000000005,0.06,
543,12/30/2013 2:00 AM,0.105,0.032,0.051,0.06,
544,12/30/2013 4:00 AM,0.10400000000000001,0.03,0.05,0.059000000000000004,
545,12/30/2013 6:00 AM,0.099,0.028999999999999998,0.048,0.057999999999999996,
546,12/30/2013 8:00 AM,0.094,0.025,0.046,0.057999999999999996,
547,12/30/2013 10:00 AM,0.096,0.04,0.063,0.06,
548,12/30/2013 12:00 PM,0.107,0.052000000000000005,0.078,0.064,
549,12/30/2013 2:00 PM,0.107,0.054000000000000006,0.081,0.064,
550,12/30/2013 4:00 PM,0.107,0.052000000000000005,0.08,0.065,
551,12/30/2013 6:00 PM,0.10300000000000001,0.040999999999999995,0.065,0.063,
552,12/30/2013 8:00 PM,0.102,0.035,0.057,0.06,
553,12/30/2013 10:00 PM,0.102,0.031,0.051,0.057999999999999996,
554,12/31/2013 12:00 AM,0.102,0.03,0.049,0.057999999999999996,
555,12/31/2013 2:00 AM,0.102,0.03,0.049,0.057999999999999996,
556,12/31/2013 4:00 AM,0.099,0.028999999999999998,0.047,0.057999999999999996,
557,12/31/2013 6:00 AM,0.095,0.026000000000000002,0.046,0.057,
558,12/31/2013 8:00 AM,0.09,0.022000000000000002,0.044000000000000004,0.055,
559,12/31/2013 10:00 AM,0.092,0.039,0.062,0.057999999999999996,
560,12/31/2013 12:00 PM,0.105,0.052000000000000005,0.078,0.062,
561,12/31/2013 2:00 PM,0.106,0.052000000000000005,0.08,0.064,
562,12/31/2013 4:00 PM,0.105,0.05,0.078,0.064,
563,12/31/2013 6:00 PM,0.102,0.039,0.064,0.062,
564,12/31/2013 8:00 PM,0.1,0.031,0.053,0.057999999999999996,
565,12/31/2013 10:00 PM,0.1,0.03,0.05,0.057999999999999996,
566,1/1/2014 12:00 AM,0.1,0.027999999999999997,0.047,0.057,
567,1/1/2014 2:00 AM,0.1,0.027999999999999997,0.046,0.057,
568,1/1/2014 4:00 AM,0.099,0.027999999999999997,0.046,0.055999999999999994,
569,1/1/2014 6:00 AM,0.096,0.027000000000000003,0.046,0.055,
570,1/1/2014 8:00 AM,0.092,0.025,0.046,0.055,
571,1/1/2014 10:00 AM,0.094,0.04,0.064,0.057999999999999996,
572,1/1/2014 12:00 PM,0.10300000000000001,0.051,0.078,0.061,
573,1/1/2014 2:00 PM,0.105,0.053,0.08,0.063,
574,1/1/2014 4:00 PM,0.10400000000000001,0.051,0.078,0.064,
575,1/1/2014 6:00 PM,0.099,0.038,0.064,0.061,
576,1/1/2014 8:00 PM,0.098,0.03,0.052000000000000005,0.057999999999999996,
577,1/1/2014 10:00 PM,0.098,0.028999999999999998,0.05,0.057,
578,1/2/2014 12:00 AM,0.098,0.027999999999999997,0.048,0.057,
579,1/2/2014 2:00 AM,0.09699999999999999,0.026000000000000002,0.045,0.055999999999999994,
580,1/2/2014 4:00 AM,0.09699999999999999,0.025,0.043,0.055,
581,1/2/2014 6:00 AM,0.096,0.024,0.042,0.054000000000000006,
582,1/2/2014 8:00 AM,0.09300000000000001,0.024,0.043,0.054000000000000006,
583,1/2/2014 10:00 AM,0.096,0.04,0.061,0.057,
584,1/2/2014 12:00 PM,0.10099999999999999,0.049,0.073,0.059000000000000004,
585,1/2/2014 2:00 PM,0.102,0.05,0.076,0.061,
586,1/2/2014 4:00 PM,0.102,0.047,0.07400000000000001,0.062,
587,1/2/2014 6:00 PM,0.098,0.035,0.059000000000000004,0.057999999999999996,
588,1/2/2014 8:00 PM,0.096,0.027000000000000003,0.047,0.055,
589,1/2/2014 10:00 PM,0.096,0.026000000000000002,0.046,0.054000000000000006,
590,1/3/2014 12:00 AM,0.096,0.025,0.045,0.053,
591,1/3/2014 2:00 AM,0.096,0.024,0.043,0.052000000000000005,
592,1/3/2014 4:00 AM,0.095,0.024,0.042,0.052000000000000005,
593,1/3/2014 6:00 AM,0.09300000000000001,0.023,0.042,0.052000000000000005,
594,1/3/2014 8:00 AM,0.08900000000000001,0.021,0.042,0.051,
595,1/3/2014 10:00 AM,0.09300000000000001,0.038,0.06,0.055,
596,1/3/2014 12:00 PM,0.1,0.048,0.073,0.057999999999999996,
597,1/3/2014 2:00 PM,0.10099999999999999,0.049,0.075,0.059000000000000004,
598,1/3/2014 4:00 PM,0.1,0.044000000000000004,0.073,0.06,
599,1/3/2014 6:00 PM,0.096,0.036000000000000004,0.061,0.057999999999999996,
600,1/3/2014 8:00 PM,0.096,0.03,0.054000000000000006,0.055999999999999994,
601,1/3/2014 10:00 PM,0.095,0.03,0.054000000000000006,0.055,
602,1/4/2014 12:00 AM,0.094,0.027000000000000003,0.048,0.053,
603,1/4/2014 2:00 AM,0.094,0.022000000000000002,0.042,0.052000000000000005,
604,1/4/2014 4:00 AM,0.094,0.023,0.043,0.052000000000000005,
605,1/4/2014 6:00 AM,0.094,0.027999999999999997,0.048,0.053,
606,1/4/2014 8:00 AM,0.094,0.028999999999999998,0.05,0.053,
607,1/4/2014 10:00 AM,0.096,0.033,0.057,0.055,
608,1/4/2014 12:00 PM,0.096,0.04,0.066,0.055999999999999994,
609,1/4/2014 2:00 PM,0.09699999999999999,0.042,0.071,0.057999999999999996,
610,1/4/2014 4:00 PM,0.096,0.039,0.07,0.057,
611,1/4/2014 6:00 PM,0.095,0.033,0.064,0.055,
612,1/4/2014 8:00 PM,0.094,0.031,0.06,0.055,
613,1/4/2014 10:00 PM,0.09300000000000001,0.028999999999999998,0.055999999999999994,0.054000000000000006,
614,1/5/2014 12:00 AM,0.09300000000000001,0.026000000000000002,0.051,0.052000000000000005,
615,1/5/2014 2:00 AM,0.092,0.021,0.044000000000000004,0.05,
616,1/5/2014 4:00 AM,0.092,0.02,0.042,0.049,
617,1/5/2014 6:00 AM,0.091,0.018000000000000002,0.04,0.048,
618,1/5/2014 8:00 AM,0.091,0.017,0.038,0.048,
619,1/5/2014 10:00 AM,0.092,0.027000000000000003,0.05,0.049,
620,1/5/2014 12:00 PM,0.094,0.036000000000000004,0.061,0.051,
621,1/5/2014 2:00 PM,0.095,0.039,0.063,0.053,
622,1/5/2014 4:00 PM,0.094,0.036000000000000004,0.061,0.053,
623,1/5/2014 6:00 PM,0.09,0.023,0.046,0.051,
624,1/5/2014 8:00 PM,0.08900000000000001,0.015,0.037000000000000005,0.047,
625,1/5/2014 10:00 PM,0.08900000000000001,0.013000000000000001,0.033,0.046,
626,1/6/2014 12:00 AM,0.08900000000000001,0.011000000000000001,0.031,0.045,
627,1/6/2014 2:00 AM,0.08900000000000001,0.011000000000000001,0.03,0.044000000000000004,
628,1/6/2014 4:00 AM,0.086,0.009000000000000001,0.03,0.043,
629,1/6/2014 6:00 AM,0.08199999999999999,0.006,0.028999999999999998,0.042,
630,1/6/2014 8:00 AM,0.075,-0.001,0.026000000000000002,0.040999999999999995,
631,1/6/2014 10:00 AM,0.076,0.013000000000000001,0.04,0.043,
632,1/6/2014 12:00 PM,0.091,0.037000000000000005,0.059000000000000004,0.05,
633,1/6/2014 2:00 PM,0.095,0.04,0.063,0.051,
634,1/6/2014 4:00 PM,0.094,0.036000000000000004,0.062,0.052000000000000005,
635,1/6/2014 6:00 PM,0.08900000000000001,0.022000000000000002,0.046,0.049,
636,1/6/2014 8:00 PM,0.08800000000000001,0.013999999999999999,0.036000000000000004,0.046,
637,1/6/2014 10:00 PM,0.08800000000000001,0.01,0.031,0.044000000000000004,
638,1/7/2014 12:00 AM,0.087,0.009000000000000001,0.03,0.043,
639,1/7/2014 2:00 AM,0.086,0.008,0.03,0.042,
640,1/7/2014 4:00 AM,0.08,0.006,0.028999999999999998,0.042,
641,1/7/2014 6:00 AM,0.07400000000000001,-0.001,0.026000000000000002,0.04,
642,1/7/2014 8:00 AM,0.069,-0.008,0.022000000000000002,0.036000000000000004,
643,1/7/2014 10:00 AM,0.071,0.009000000000000001,0.035,0.039,
644,1/7/2014 12:00 PM,0.087,0.034,0.057999999999999996,0.048,
645,1/7/2014 2:00 PM,0.095,0.039,0.064,0.051,
646,1/7/2014 4:00 PM,0.09300000000000001,0.033,0.06,0.051,
647,1/7/2014 6:00 PM,0.08900000000000001,0.023,0.048,0.049,
648,1/7/2014 8:00 PM,0.08800000000000001,0.017,0.04,0.046,
649,1/7/2014 10:00 PM,0.08800000000000001,0.016,0.039,0.046,
650,1/8/2014 12:00 AM,0.08800000000000001,0.017,0.039,0.045,
651,1/8/2014 2:00 AM,0.087,0.013999999999999999,0.036000000000000004,0.044000000000000004,
652,1/8/2014 4:00 AM,0.086,0.013000000000000001,0.035,0.044000000000000004,
653,1/8/2014 6:00 AM,0.086,0.012,0.034,0.043,
654,1/8/2014 8:00 AM,0.086,0.009000000000000001,0.031,0.042,
655,1/8/2014 10:00 AM,0.08800000000000001,0.026000000000000002,0.049,0.046,
656,1/8/2014 12:00 PM,0.091,0.038,0.064,0.05,
657,1/8/2014 2:00 PM,0.09300000000000001,0.04,0.068,0.051,
658,1/8/2014 4:00 PM,0.09300000000000001,0.037000000000000005,0.066,0.052000000000000005,
659,1/8/2014 6:00 PM,0.087,0.025,0.051,0.051,
660,1/8/2014 8:00 PM,0.085,0.013999999999999999,0.039,0.046,
661,1/8/2014 10:00 PM,0.084,0.01,0.033,0.043,
662,1/9/2014 12:00 AM,0.084,0.008,0.03,0.042,
663,1/9/2014 2:00 AM,0.083,0.006,0.027999999999999997,0.040999999999999995,
664,1/9/2014 4:00 AM,0.083,0.006,0.027999999999999997,0.040999999999999995,
665,1/9/2014 6:00 AM,0.083,0.005,0.027000000000000003,0.04,
666,1/9/2014 8:00 AM,0.083,0.005,0.027000000000000003,0.039,
667,1/9/2014 10:00 AM,0.084,0.02,0.042,0.043,
668,1/9/2014 12:00 PM,0.08900000000000001,0.03,0.055999999999999994,0.047,
669,1/9/2014 2:00 PM,0.08900000000000001,0.034,0.062,0.05,
670,1/9/2014 4:00 PM,0.08800000000000001,0.028999999999999998,0.057999999999999996,0.049,
671,1/9/2014 6:00 PM,0.086,0.022000000000000002,0.049,0.047,
672,1/9/2014 8:00 PM,0.085,0.018000000000000002,0.044000000000000004,0.046,
673,1/9/2014 10:00 PM,0.085,0.017,0.043,0.045,
674,1/10/2014 12:00 AM,0.084,0.015,0.042,0.044000000000000004,
675,1/10/2014 2:00 AM,0.083,0.013999999999999999,0.039,0.043,
676,1/10/2014 4:00 AM,0.083,0.012,0.038,0.042,
677,1/10/2014 6:00 AM,0.08199999999999999,0.006,0.03,0.040999999999999995,
678,1/10/2014 8:00 AM,0.08199999999999999,0.004,0.027999999999999997,0.039,
679,1/10/2014 10:00 AM,0.085,0.023,0.048,0.042,
680,1/10/2014 12:00 PM,0.08800000000000001,0.035,0.063,0.047,
681,1/10/2014 2:00 PM,0.08900000000000001,0.038,0.067,0.05,
682,1/10/2014 4:00 PM,0.08900000000000001,0.033,0.064,0.05,
683,1/10/2014 6:00 PM,0.084,0.022000000000000002,0.051,0.047,
684,1/10/2014 8:00 PM,0.08199999999999999,0.013000000000000001,0.04,0.044000000000000004,
685,1/10/2014 10:00 PM,0.081,0.006999999999999999,0.032,0.040999999999999995,
686,1/11/2014 12:00 AM,0.08,0.004,0.028999999999999998,0.04,
687,1/11/2014 2:00 AM,0.08,0.003,0.026000000000000002,0.038,
688,1/11/2014 4:00 AM,0.079,0.002,0.025,0.038,
689,1/11/2014 6:00 AM,0.079,0.001,0.025,0.037000000000000005,
690,1/11/2014 8:00 AM,0.08,0.002,0.026000000000000002,0.037000000000000005,
691,1/11/2014 10:00 AM,0.08199999999999999,0.021,0.044000000000000004,0.040999999999999995,
692,1/11/2014 12:00 PM,0.086,0.035,0.062,0.045,
693,1/11/2014 2:00 PM,0.08800000000000001,0.037000000000000005,0.065,0.048,
694,1/11/2014 4:00 PM,0.087,0.033,0.064,0.049,
695,1/11/2014 6:00 PM,0.08199999999999999,0.02,0.048,0.046,
696,1/11/2014 8:00 PM,0.079,0.008,0.034,0.042,
697,1/11/2014 10:00 PM,0.078,0.004,0.028999999999999998,0.039,
698,1/12/2014 12:00 AM,0.078,0.006,0.03,0.039,
699,1/12/2014 2:00 AM,0.078,0.005,0.028999999999999998,0.039,
700,1/12/2014 4:00 AM,0.079,0.009000000000000001,0.033,0.04,
701,1/12/2014 6:00 AM,0.079,0.009000000000000001,0.033,0.04,
702,1/12/2014 8:00 AM,0.079,0.01,0.035,0.04,
703,1/12/2014 10:00 AM,0.08199999999999999,0.023,0.049,0.042,
704,1/12/2014 12:00 PM,0.084,0.03,0.059000000000000004,0.046,
705,1/12/2014 2:00 PM,0.085,0.03,0.061,0.046,
706,1/12/2014 4:00 PM,0.084,0.027999999999999997,0.063,0.046,
707,1/12/2014 6:00 PM,0.08,0.016,0.051,0.044000000000000004,
708,1/12/2014 8:00 PM,0.079,0.01,0.043,0.042,
709,1/12/2014 10:00 PM,0.078,0.006,0.038,0.04,
710,1/13/2014 12:00 AM,0.077,0.003,0.034,0.037000000000000005,
711,1/13/2014 2:00 AM,0.076,0.001,0.03,0.036000000000000004,
712,1/13/2014 4:00 AM,0.075,-0.005,0.025,0.034,
713,1/13/2014 6:00 AM,0.075,-0.006999999999999999,0.022000000000000002,0.032,
714,1/13/2014 8:00 AM,0.075,-0.008,0.021,0.032,
715,1/13/2014 10:00 AM,0.078,0.012,0.040999999999999995,0.035,
716,1/13/2014 12:00 PM,0.08199999999999999,0.025,0.054000000000000006,0.04,
717,1/13/2014 2:00 PM,0.084,0.027999999999999997,0.057999999999999996,0.042,
718,1/13/2014 4:00 PM,0.083,0.024,0.057999999999999996,0.042,
719,1/13/2014 6:00 PM,0.077,0.009000000000000001,0.040999999999999995,0.04,
720,1/13/2014 8:00 PM,0.07400000000000001,-0.004,0.027000000000000003,0.035,
721,1/13/2014 10:00 PM,0.07400000000000001,-0.006999999999999999,0.022000000000000002,0.032,
722,1/14/2014 12:00 AM,0.07400000000000001,-0.008,0.019,0.031,
723,1/14/2014 2:00 AM,0.073,-0.009000000000000001,0.018000000000000002,0.03,
724,1/14/2014 4:00 AM,0.073,-0.01,0.017,0.03,
725,1/14/2014 6:00 AM,0.07400000000000001,-0.01,0.017,0.03,
726,1/14/2014 8:00 AM,0.07400000000000001,-0.01,0.018000000000000002,0.03,
727,1/14/2014 10:00 AM,0.077,0.012,0.04,0.034,
728,1/14/2014 12:00 PM,0.08,0.023,0.051,0.04,
729,1/14/2014 2:00 PM,0.08199999999999999,0.024,0.053,0.042,
730,1/14/2014 4:00 PM,0.081,0.022000000000000002,0.053,0.042,
731,1/14/2014 6:00 PM,0.076,0.008,0.04,0.04,
732,1/14/2014 8:00 PM,0.073,-0.004,0.027000000000000003,0.034,
733,1/14/2014 10:00 PM,0.07200000000000001,-0.006999999999999999,0.022000000000000002,0.032,
734,1/15/2014 12:00 AM,0.07200000000000001,-0.01,0.019,0.03,
735,1/15/2014 2:00 AM,0.071,-0.011000000000000001,0.016,0.03,
736,1/15/2014 4:00 AM,0.071,-0.012,0.016,0.028999999999999998,
737,1/15/2014 6:00 AM,0.071,-0.011000000000000001,0.017,0.028999999999999998,
738,1/15/2014 8:00 AM,0.071,-0.011000000000000001,0.016,0.028999999999999998,
739,1/15/2014 10:00 AM,0.075,0.006999999999999999,0.035,0.032,
740,1/15/2014 12:00 PM,0.079,0.021,0.051,0.038,
741,1/15/2014 2:00 PM,0.08199999999999999,0.026000000000000002,0.057,0.040999999999999995,
742,1/15/2014 4:00 PM,0.081,0.022000000000000002,0.055,0.042,
743,1/15/2014 6:00 PM,0.075,0.006999999999999999,0.04,0.039,
744,1/15/2014 8:00 PM,0.07200000000000001,-0.004,0.026000000000000002,0.034,
745,1/15/2014 10:00 PM,0.071,-0.009000000000000001,0.02,0.031,
746,1/16/2014 12:00 AM,0.07,-0.011000000000000001,0.018000000000000002,0.03,
747,1/16/2014 2:00 AM,0.07,-0.012,0.016,0.028999999999999998,
748,1/16/2014 4:00 AM,0.07,-0.013000000000000001,0.015,0.028999999999999998,
749,1/16/2014 6:00 AM,0.069,-0.015,0.013000000000000001,0.027000000000000003,
750,1/16/2014 8:00 AM,0.07,-0.013000000000000001,0.015,0.027999999999999997,
751,1/16/2014 10:00 AM,0.07400000000000001,0.008,0.037000000000000005,0.032,
752,1/16/2014 12:00 PM,0.078,0.021,0.05,0.038,
753,1/16/2014 2:00 PM,0.08,0.025,0.055,0.040999999999999995,
754,1/16/2014 4:00 PM,0.079,0.022000000000000002,0.054000000000000006,0.040999999999999995,
755,1/16/2014 6:00 PM,0.07400000000000001,0.006,0.038,0.038,
756,1/16/2014 8:00 PM,0.07,-0.006999999999999999,0.024,0.032,
757,1/16/2014 10:00 PM,0.069,-0.01,0.019,0.03,
758,1/17/2014 12:00 AM,0.069,-0.012,0.016,0.028999999999999998,
759,1/17/2014 2:00 AM,0.069,-0.015,0.013999999999999999,0.027999999999999997,
760,1/17/2014 4:00 AM,0.069,-0.016,0.013000000000000001,0.027000000000000003,
761,1/17/2014 6:00 AM,0.068,-0.017,0.011000000000000001,0.026000000000000002,
762,1/17/2014 8:00 AM,0.068,-0.017,0.011000000000000001,0.025,
763,1/17/2014 10:00 AM,0.073,0.004,0.031,0.03,
764,1/17/2014 12:00 PM,0.077,0.019,0.048,0.035,
765,1/17/2014 2:00 PM,0.079,0.024,0.054000000000000006,0.039,
766,1/17/2014 4:00 PM,0.078,0.02,0.053,0.039,
767,1/17/2014 6:00 PM,0.07200000000000001,0.004,0.036000000000000004,0.036000000000000004,
768,1/17/2014 8:00 PM,0.069,-0.009000000000000001,0.022000000000000002,0.03,
769,1/17/2014 10:00 PM,0.068,-0.012,0.017,0.028999999999999998,
770,1/18/2014 12:00 AM,0.067,-0.013000000000000001,0.015,0.027000000000000003,
771,1/18/2014 2:00 AM,0.067,-0.016,0.013999999999999999,0.027000000000000003,
772,1/18/2014 4:00 AM,0.067,-0.017,0.012,0.026000000000000002,
773,1/18/2014 6:00 AM,0.067,-0.018000000000000002,0.011000000000000001,0.025,
774,1/18/2014 8:00 AM,0.067,-0.018000000000000002,0.011000000000000001,0.024,
775,1/18/2014 10:00 AM,0.071,0.004,0.031,0.03,
776,1/18/2014 12:00 PM,0.076,0.019,0.048,0.035,
777,1/18/2014 2:00 PM,0.078,0.024,0.054000000000000006,0.039,
778,1/18/2014 4:00 PM,0.078,0.02,0.054000000000000006,0.039,
779,1/18/2014 6:00 PM,0.071,0.005,0.038,0.036000000000000004,
780,1/18/2014 8:00 PM,0.069,-0.005,0.027000000000000003,0.031,
781,1/18/2014 10:00 PM,0.067,-0.01,0.02,0.03,
782,1/19/2014 12:00 AM,0.066,-0.015,0.015,0.027000000000000003,
783,1/19/2014 2:00 AM,0.066,-0.017,0.013000000000000001,0.026000000000000002,
784,1/19/2014 4:00 AM,0.065,-0.017,0.012,0.025,
785,1/19/2014 6:00 AM,0.065,-0.019,0.01,0.024,
786,1/19/2014 8:00 AM,0.065,-0.018000000000000002,0.011000000000000001,0.024,
787,1/19/2014 10:00 AM,0.069,0.004,0.031,0.028999999999999998,
788,1/19/2014 12:00 PM,0.07400000000000001,0.018000000000000002,0.05,0.035,
789,1/19/2014 2:00 PM,0.078,0.022000000000000002,0.054000000000000006,0.038,
790,1/19/2014 4:00 PM,0.07400000000000001,0.013000000000000001,0.047,0.037000000000000005,
791,1/19/2014 6:00 PM,0.07,0.002,0.035,0.034,
792,1/19/2014 8:00 PM,0.068,-0.008,0.023,0.03,
793,1/19/2014 10:00 PM,0.066,-0.013000000000000001,0.017,0.027999999999999997,
794,1/20/2014 12:00 AM,0.065,-0.016,0.013000000000000001,0.026000000000000002,
795,1/20/2014 2:00 AM,0.064,-0.019,0.011000000000000001,0.024,
796,1/20/2014 4:00 AM,0.064,-0.02,0.009000000000000001,0.023,
797,1/20/2014 6:00 AM,0.064,-0.021,0.006999999999999999,0.022000000000000002,
798,1/20/2014 8:00 AM,0.064,-0.021,0.008,0.022000000000000002,
799,1/20/2014 10:00 AM,0.069,0.001,0.03,0.027999999999999997,
800,1/20/2014 12:00 PM,0.07400000000000001,0.017,0.047,0.034,
801,1/20/2014 2:00 PM,0.077,0.023,0.055,0.038,
802,1/20/2014 4:00 PM,0.076,0.019,0.052000000000000005,0.038,
803,1/20/2014 6:00 PM,0.069,0.003,0.036000000000000004,0.034,
804,1/20/2014 8:00 PM,0.065,-0.011000000000000001,0.02,0.028999999999999998,
805,1/20/2014 10:00 PM,0.064,-0.015,0.016,0.027000000000000003,
806,1/21/2014 12:00 AM,0.064,-0.018000000000000002,0.012,0.025,
807,1/21/2014 2:00 AM,0.064,-0.019,0.011000000000000001,0.024,
808,1/21/2014 4:00 AM,0.063,-0.02,0.009000000000000001,0.023,
809,1/21/2014 6:00 AM,0.063,-0.02,0.009000000000000001,0.023,
810,1/21/2014 8:00 AM,0.063,-0.022000000000000002,0.008,0.022000000000000002,
811,1/21/2014 10:00 AM,0.067,0.0,0.028999999999999998,0.027000000000000003,
812,1/21/2014 12:00 PM,0.07200000000000001,0.016,0.046,0.032,
813,1/21/2014 2:00 PM,0.075,0.02,0.051,0.036000000000000004,
814,1/21/2014 4:00 PM,0.075,0.016,0.051,0.036000000000000004,
815,1/21/2014 6:00 PM,0.067,-0.001,0.031,0.032,
816,1/21/2014 8:00 PM,0.063,-0.017,0.013999999999999999,0.026000000000000002,
817,1/21/2014 10:00 PM,0.063,-0.019,0.011000000000000001,0.024,
818,1/22/2014 12:00 AM,0.062,-0.019,0.01,0.023,
819,1/22/2014 2:00 AM,0.062,-0.019,0.01,0.022000000000000002,
820,1/22/2014 4:00 AM,0.063,-0.017,0.012,0.023,
821,1/22/2014 6:00 AM,0.062,-0.02,0.008,0.021,
822,1/22/2014 8:00 AM,0.063,-0.019,0.01,0.022000000000000002,
823,1/22/2014 10:00 AM,0.065,-0.006,0.022000000000000002,0.025,
824,1/22/2014 12:00 PM,0.07,0.013999999999999999,0.044000000000000004,0.031,
825,1/22/2014 2:00 PM,0.07400000000000001,0.02,0.051,0.035,
826,1/22/2014 4:00 PM,0.07200000000000001,0.012,0.046,0.035,
827,1/22/2014 6:00 PM,0.067,0.0,0.034,0.031,
828,1/22/2014 8:00 PM,0.064,-0.01,0.022000000000000002,0.028999999999999998,
829,1/22/2014 10:00 PM,0.062,-0.016,0.016,0.026000000000000002,
830,1/23/2014 12:00 AM,0.063,-0.011000000000000001,0.02,0.026000000000000002,
831,1/23/2014 2:00 AM,0.063,-0.012,0.018000000000000002,0.026000000000000002,
832,1/23/2014 4:00 AM,0.062,-0.017,0.013000000000000001,0.024,
833,1/23/2014 6:00 AM,0.061,-0.02,0.009000000000000001,0.022000000000000002,
834,1/23/2014 8:00 AM,0.06,-0.022000000000000002,0.006999999999999999,0.021,
835,1/23/2014 10:00 AM,0.064,-0.004,0.025,0.024,
836,1/23/2014 12:00 PM,0.068,0.006999999999999999,0.037000000000000005,0.03,
837,1/23/2014 2:00 PM,0.069,0.009000000000000001,0.039,0.031,
838,1/23/2014 4:00 PM,0.067,-0.001,0.03,0.03,
839,1/23/2014 6:00 PM,0.064,-0.01,0.02,0.026000000000000002,
840,1/23/2014 8:00 PM,0.062,-0.018000000000000002,0.011000000000000001,0.023,
841,1/23/2014 10:00 PM,0.061,-0.02,0.008,0.022000000000000002,
842,1/24/2014 12:00 AM,0.061,-0.022000000000000002,0.005,0.02,
843,1/24/2014 2:00 AM,0.06,-0.024,0.003,0.019,
844,1/24/2014 4:00 AM,0.06,-0.023,0.003,0.019,
845,1/24/2014 6:00 AM,0.06,-0.025,0.001,0.018000000000000002,
846,1/24/2014 8:00 AM,0.059000000000000004,-0.026000000000000002,0.001,0.017,
847,1/24/2014 10:00 AM,0.064,-0.009000000000000001,0.016,0.021,
848,1/24/2014 12:00 PM,0.068,0.005,0.032,0.026000000000000002,
849,1/24/2014 2:00 PM,0.071,0.01,0.038,0.03,
850,1/24/2014 4:00 PM,0.069,0.005,0.036000000000000004,0.028999999999999998,
851,1/24/2014 6:00 PM,0.064,-0.006999999999999999,0.024,0.027000000000000003,
852,1/24/2014 8:00 PM,0.06,-0.02,0.008,0.022000000000000002,
853,1/24/2014 10:00 PM,0.06,-0.022000000000000002,0.006999999999999999,0.021,
854,1/25/2014 12:00 AM,0.06,-0.022000000000000002,0.006,0.02,
855,1/25/2014 2:00 AM,0.061,-0.019,0.01,0.021,
856,1/25/2014 4:00 AM,0.061,-0.018000000000000002,0.011000000000000001,0.021,
857,1/25/2014 6:00 AM,0.06,-0.02,0.008,0.021,
858,1/25/2014 8:00 AM,0.061,-0.018000000000000002,0.01,0.021,
859,1/25/2014 10:00 AM,0.064,-0.003,0.025,0.025,
860,1/25/2014 12:00 PM,0.069,0.012,0.042,0.028999999999999998,
861,1/25/2014 2:00 PM,0.07200000000000001,0.016,0.047,0.032,
862,1/25/2014 4:00 PM,0.07200000000000001,0.012,0.046,0.032,
863,1/25/2014 6:00 PM,0.064,-0.004,0.027999999999999997,0.028999999999999998,
864,1/25/2014 8:00 PM,0.06,-0.016,0.015,0.024,
865,1/25/2014 10:00 PM,0.059000000000000004,-0.02,0.009000000000000001,0.022000000000000002,
866,1/26/2014 12:00 AM,0.057999999999999996,-0.022000000000000002,0.006,0.02,
867,1/26/2014 2:00 AM,0.057999999999999996,-0.024,0.004,0.019,
868,1/26/2014 4:00 AM,0.057999999999999996,-0.025,0.003,0.017,
869,1/26/2014 6:00 AM,0.057999999999999996,-0.026000000000000002,0.001,0.017,
870,1/26/2014 8:00 AM,0.057999999999999996,-0.025,0.003,0.017,
871,1/26/2014 10:00 AM,0.063,-0.001,0.028999999999999998,0.023,
872,1/26/2014 12:00 PM,0.069,0.015,0.047,0.03,
873,1/26/2014 2:00 PM,0.07200000000000001,0.02,0.052000000000000005,0.033,
874,1/26/2014 4:00 PM,0.071,0.016,0.051,0.033,
875,1/26/2014 6:00 PM,0.064,0.002,0.036000000000000004,0.03,
876,1/26/2014 8:00 PM,0.061,-0.008,0.025,0.027000000000000003,
877,1/26/2014 10:00 PM,0.059000000000000004,-0.013000000000000001,0.018000000000000002,0.025,
878,1/27/2014 12:00 AM,0.057999999999999996,-0.022000000000000002,0.006999999999999999,0.02,
879,1/27/2014 2:00 AM,0.057999999999999996,-0.023,0.006,0.019,
880,1/27/2014 4:00 AM,0.057999999999999996,-0.022000000000000002,0.006999999999999999,0.019,
881,1/27/2014 6:00 AM,0.057999999999999996,-0.02,0.009000000000000001,0.019,
882,1/27/2014 8:00 AM,0.057999999999999996,-0.018000000000000002,0.011000000000000001,0.019,
883,1/27/2014 10:00 AM,0.06,-0.01,0.02,0.021,
884,1/27/2014 12:00 PM,0.064,0.004,0.035,0.025,
885,1/27/2014 2:00 PM,0.069,0.01,0.043,0.028999999999999998,
886,1/27/2014 4:00 PM,0.068,0.006,0.042,0.027999999999999997,
887,1/27/2014 6:00 PM,0.063,-0.005,0.028999999999999998,0.026000000000000002,
888,1/27/2014 8:00 PM,0.059000000000000004,-0.015,0.017,0.022000000000000002,
889,1/27/2014 10:00 PM,0.057999999999999996,-0.017,0.013999999999999999,0.021,
890,1/28/2014 12:00 AM,0.057,-0.023,0.006999999999999999,0.018000000000000002,
891,1/28/2014 2:00 AM,0.055999999999999994,-0.027000000000000003,0.001,0.015,
892,1/28/2014 4:00 AM,0.055,-0.03,-0.001,0.013999999999999999,
893,1/28/2014 6:00 AM,0.055,-0.031,-0.003,0.013000000000000001,
894,1/28/2014 8:00 AM,0.055,-0.031,-0.003,0.013000000000000001,
895,1/28/2014 10:00 AM,0.06,-0.01,0.018000000000000002,0.018000000000000002,
896,1/28/2014 12:00 PM,0.066,0.009000000000000001,0.04,0.025,
897,1/28/2014 2:00 PM,0.069,0.013000000000000001,0.044000000000000004,0.028999999999999998,
898,1/28/2014 4:00 PM,0.068,0.005,0.040999999999999995,0.027999999999999997,
899,1/28/2014 6:00 PM,0.062,-0.006999999999999999,0.026000000000000002,0.025,
900,1/28/2014 8:00 PM,0.057999999999999996,-0.02,0.01,0.019,
901,1/28/2014 10:00 PM,0.055999999999999994,-0.024,0.005,0.017,
902,1/29/2014 12:00 AM,0.055,-0.027000000000000003,0.001,0.015,
903,1/29/2014 2:00 AM,0.054000000000000006,-0.031,-0.003,0.013000000000000001,
904,1/29/2014 4:00 AM,0.053,-0.034,-0.006,0.011000000000000001,
905,1/29/2014 6:00 AM,0.052000000000000005,-0.035,-0.008,0.01,
906,1/29/2014 8:00 AM,0.053,-0.035,-0.008,0.009000000000000001,
907,1/29/2014 10:00 AM,0.057999999999999996,-0.012,0.016,0.015,
908,1/29/2014 12:00 PM,0.064,0.003,0.031,0.021,
909,1/29/2014 2:00 PM,0.068,0.008,0.038,0.026000000000000002,
910,1/29/2014 4:00 PM,0.068,0.003,0.038,0.027000000000000003,
911,1/29/2014 6:00 PM,0.061,-0.008,0.025,0.024,
912,1/29/2014 8:00 PM,0.055999999999999994,-0.022000000000000002,0.008,0.018000000000000002,
913,1/29/2014 10:00 PM,0.055,-0.025,0.004,0.016,
914,1/30/2014 12:00 AM,0.055,-0.023,0.006,0.016,
915,1/30/2014 2:00 AM,0.055999999999999994,-0.022000000000000002,0.006999999999999999,0.016,
916,1/30/2014 4:00 AM,0.055999999999999994,-0.02,0.009000000000000001,0.017,
917,1/30/2014 6:00 AM,0.055,-0.024,0.005,0.015,
918,1/30/2014 8:00 AM,0.055,-0.026000000000000002,0.003,0.015,
919,1/30/2014 10:00 AM,0.061,-0.001,0.031,0.021,
920,1/30/2014 12:00 PM,0.064,0.008,0.040999999999999995,0.026000000000000002,
921,1/30/2014 2:00 PM,0.065,0.009000000000000001,0.042,0.027000000000000003,
922,1/30/2014 4:00 PM,0.065,0.009000000000000001,0.044000000000000004,0.027999999999999997,
923,1/30/2014 6:00 PM,0.062,-0.001,0.034,0.025,
924,1/30/2014 8:00 PM,0.057,-0.016,0.017,0.02,
925,1/30/2014 10:00 PM,0.055999999999999994,-0.019,0.013000000000000001,0.018000000000000002,
926,1/31/2014 12:00 AM,0.055999999999999994,-0.017,0.015,0.018000000000000002,
927,1/31/2014 2:00 AM,0.055999999999999994,-0.018000000000000002,0.013999999999999999,0.017,
928,1/31/2014 4:00 AM,0.057,-0.015,0.019,0.018000000000000002,
929,1/31/2014 6:00 AM,0.057,-0.011000000000000001,0.024,0.019,
930,1/31/2014 8:00 AM,0.057,-0.011000000000000001,0.024,0.019,
931,1/31/2014 10:00 AM,0.059000000000000004,-0.004,0.031,0.02,
932,1/31/2014 12:00 PM,0.062,0.005,0.040999999999999995,0.022000000000000002,
933,1/31/2014 2:00 PM,0.063,0.006,0.043,0.023,
934,1/31/2014 4:00 PM,0.064,0.006999999999999999,0.045,0.024,
935,1/31/2014 6:00 PM,0.061,-0.001,0.036000000000000004,0.022000000000000002,
936,1/31/2014 8:00 PM,0.057999999999999996,-0.008,0.028999999999999998,0.019,
937,1/31/2014 10:00 PM,0.057999999999999996,-0.012,0.024,0.017,
938,2/1/2014 12:00 AM,0.057,-0.013000000000000001,0.021,0.016,
939,2/1/2014 2:00 AM,0.055,-0.019,0.013999999999999999,0.013999999999999999,
940,2/1/2014 4:00 AM,0.054000000000000006,-0.022000000000000002,0.01,0.012,
941,2/1/2014 6:00 AM,0.054000000000000006,-0.024,0.006,0.01,
942,2/1/2014 8:00 AM,0.054000000000000006,-0.022000000000000002,0.008,0.01,
943,2/1/2014 10:00 AM,0.057999999999999996,-0.009000000000000001,0.023,0.013999999999999999,
944,2/1/2014 12:00 PM,0.061,0.0,0.032,0.017,
945,2/1/2014 2:00 PM,0.061,0.0,0.034,0.019,
946,2/1/2014 4:00 PM,0.061,-0.002,0.033,0.019,
947,2/1/2014 6:00 PM,0.057999999999999996,-0.008,0.026000000000000002,0.017,
948,2/1/2014 8:00 PM,0.055999999999999994,-0.018000000000000002,0.013999999999999999,0.013000000000000001,
949,2/1/2014 10:00 PM,0.054000000000000006,-0.022000000000000002,0.008,0.011000000000000001,
950,2/2/2014 12:00 AM,0.054000000000000006,-0.022000000000000002,0.006999999999999999,0.01,
951,2/2/2014 2:00 AM,0.053,-0.023,0.006,0.009000000000000001,
952,2/2/2014 4:00 AM,0.053,-0.024,0.004,0.008,
953,2/2/2014 6:00 AM,0.054000000000000006,-0.022000000000000002,0.006999999999999999,0.009000000000000001,
954,2/2/2014 8:00 AM,0.052000000000000005,-0.028999999999999998,0.0,0.006999999999999999,
955,2/2/2014 10:00 AM,0.057,-0.008,0.023,0.011000000000000001,
956,2/2/2014 12:00 PM,0.062,0.005,0.038,0.016,
957,2/2/2014 2:00 PM,0.064,0.006,0.04,0.02,
958,2/2/2014 4:00 PM,0.064,0.002,0.039,0.02,
959,2/2/2014 6:00 PM,0.057999999999999996,-0.011000000000000001,0.022000000000000002,0.016,
960,2/2/2014 8:00 PM,0.053,-0.025,0.004,0.01,
961,2/2/2014 10:00 PM,0.053,-0.025,0.005,0.008,
962,2/3/2014 12:00 AM,0.053,-0.025,0.005,0.008,
963,2/3/2014 2:00 AM,0.053,-0.024,0.006,0.009000000000000001,
964,2/3/2014 4:00 AM,0.053,-0.025,0.004,0.008,
965,2/3/2014 6:00 AM,0.052000000000000005,-0.027000000000000003,0.001,0.006999999999999999,
966,2/3/2014 8:00 AM,0.051,-0.032,-0.003,0.005,
967,2/3/2014 10:00 AM,0.055999999999999994,-0.011000000000000001,0.022000000000000002,0.01,
968,2/3/2014 12:00 PM,0.061,0.002,0.035,0.016,
969,2/3/2014 2:00 PM,0.064,0.006,0.04,0.02,
970,2/3/2014 4:00 PM,0.063,0.001,0.036000000000000004,0.019,
971,2/3/2014 6:00 PM,0.057,-0.011000000000000001,0.023,0.015,
972,2/3/2014 8:00 PM,0.054000000000000006,-0.02,0.013000000000000001,0.012,
973,2/3/2014 10:00 PM,0.053,-0.022000000000000002,0.009000000000000001,0.009000000000000001,
974,2/4/2014 12:00 AM,0.052000000000000005,-0.023,0.008,0.008,
975,2/4/2014 2:00 AM,0.052000000000000005,-0.025,0.004,0.006999999999999999,
976,2/4/2014 4:00 AM,0.051,-0.025,0.004,0.006999999999999999,
977,2/4/2014 6:00 AM,0.051,-0.028999999999999998,0.0,0.005,
978,2/4/2014 8:00 AM,0.051,-0.031,-0.003,0.004,
979,2/4/2014 10:00 AM,0.055,-0.012,0.02,0.008,
980,2/4/2014 12:00 PM,0.059000000000000004,0.0,0.032,0.013000000000000001,
981,2/4/2014 2:00 PM,0.063,0.002,0.035,0.017,
982,2/4/2014 4:00 PM,0.061,-0.004,0.032,0.016,
983,2/4/2014 6:00 PM,0.055999999999999994,-0.015,0.018000000000000002,0.013000000000000001,
984,2/4/2014 8:00 PM,0.051,-0.025,0.006,0.006999999999999999,
985,2/4/2014 10:00 PM,0.05,-0.028999999999999998,0.0,0.005,
986,2/5/2014 12:00 AM,0.049,-0.033,-0.006,0.003,
987,2/5/2014 2:00 AM,0.049,-0.034,-0.008,0.002,
988,2/5/2014 4:00 AM,0.049,-0.034,-0.008,0.001,
989,2/5/2014 6:00 AM,0.05,-0.034,-0.006999999999999999,0.002,
990,2/5/2014 8:00 AM,0.051,-0.03,-0.002,0.003,
991,2/5/2014 10:00 AM,0.053,-0.021,0.009000000000000001,0.006,
992,2/5/2014 12:00 PM,0.055,-0.018000000000000002,0.013000000000000001,0.008,
993,2/5/2014 2:00 PM,0.059000000000000004,-0.006,0.026000000000000002,0.012,
994,2/5/2014 4:00 PM,0.059000000000000004,-0.006999999999999999,0.025,0.013000000000000001,
995,2/5/2014 6:00 PM,0.054000000000000006,-0.018000000000000002,0.012,0.01,
996,2/5/2014 8:00 PM,0.051,-0.027000000000000003,0.001,0.006,
997,2/5/2014 10:00 PM,0.051,-0.028999999999999998,-0.001,0.004,
998,2/6/2014 12:00 AM,0.051,-0.03,-0.003,0.004,
999,2/6/2014 2:00 AM,0.05,-0.033,-0.008,0.002,
1000,2/6/2014 4:00 AM,0.049,-0.034,-0.008,0.002,
1001,2/6/2014 6:00 AM,0.048,-0.039,-0.015,0.0,
1002,2/6/2014 8:00 AM,0.048,-0.039,-0.015,-0.001,
1003,2/6/2014 10:00 AM,0.052000000000000005,-0.024,0.002,0.003,
1004,2/6/2014 12:00 PM,0.057999999999999996,-0.009000000000000001,0.02,0.008,
1005,2/6/2014 2:00 PM,0.057999999999999996,-0.008,0.022000000000000002,0.01,
1006,2/6/2014 4:00 PM,0.057999999999999996,-0.012,0.019,0.01,
1007,2/6/2014 6:00 PM,0.054000000000000006,-0.021,0.01,0.008,
1008,2/6/2014 8:00 PM,0.051,-0.027000000000000003,0.001,0.005,
1009,2/6/2014 10:00 PM,0.051,-0.026000000000000002,0.002,0.005,
1010,2/7/2014 12:00 AM,0.051,-0.027000000000000003,0.0,0.004,
1011,2/7/2014 2:00 AM,0.051,-0.028999999999999998,-0.002,0.004,
1012,2/7/2014 4:00 AM,0.051,-0.028999999999999998,-0.001,0.004,
1013,2/7/2014 6:00 AM,0.051,-0.027000000000000003,-0.001,0.004,
1014,2/7/2014 8:00 AM,0.051,-0.027000000000000003,0.001,0.004,
1015,2/7/2014 10:00 AM,0.054000000000000006,-0.012,0.017,0.008,
1016,2/7/2014 12:00 PM,0.059000000000000004,0.002,0.033,0.013000000000000001,
1017,2/7/2014 2:00 PM,0.063,0.006,0.039,0.017,
1018,2/7/2014 4:00 PM,0.061,0.001,0.036000000000000004,0.016,
1019,2/7/2014 6:00 PM,0.057,-0.009000000000000001,0.024,0.013999999999999999,
1020,2/7/2014 8:00 PM,0.052000000000000005,-0.018000000000000002,0.013999999999999999,0.01,
1021,2/7/2014 10:00 PM,0.051,-0.02,0.011000000000000001,0.008,
1022,2/8/2014 12:00 AM,0.051,-0.022000000000000002,0.008,0.006999999999999999,
1023,2/8/2014 2:00 AM,0.05,-0.027000000000000003,0.001,0.004,
1024,2/8/2014 4:00 AM,0.049,-0.032,-0.005,0.002,
1025,2/8/2014 6:00 AM,0.048,-0.035,-0.009000000000000001,0.0,
1026,2/8/2014 8:00 AM,0.048,-0.034,-0.006999999999999999,0.001,
1027,2/8/2014 10:00 AM,0.054000000000000006,-0.013000000000000001,0.017,0.005,
1028,2/8/2014 12:00 PM,0.059000000000000004,0.006,0.038,0.013000000000000001,
1029,2/8/2014 2:00 PM,0.064,0.01,0.043,0.018000000000000002,
1030,2/8/2014 4:00 PM,0.064,0.006999999999999999,0.044000000000000004,0.018000000000000002,
1031,2/8/2014 6:00 PM,0.057999999999999996,-0.005,0.028999999999999998,0.016,
1032,2/8/2014 8:00 PM,0.053,-0.018000000000000002,0.015,0.011000000000000001,
1033,2/8/2014 10:00 PM,0.051,-0.022000000000000002,0.008,0.009000000000000001,
1034,2/9/2014 12:00 AM,0.05,-0.03,-0.001,0.004,
1035,2/9/2014 2:00 AM,0.049,-0.03,-0.002,0.005,
1036,2/9/2014 4:00 AM,0.049,-0.032,-0.005,0.006999999999999999,
1037,2/9/2014 6:00 AM,0.048,-0.034,-0.006999999999999999,0.006,
1038,2/9/2014 8:00 AM,0.049,-0.033,-0.006,0.006,
1039,2/9/2014 10:00 AM,0.054000000000000006,-0.009000000000000001,0.026000000000000002,0.011000000000000001,
1040,2/9/2014 12:00 PM,0.06,0.009000000000000001,0.042,0.018000000000000002,
1041,2/9/2014 2:00 PM,0.064,0.012,0.047,0.022000000000000002,
1042,2/9/2014 4:00 PM,0.064,0.008,0.046,0.023,
1043,2/9/2014 6:00 PM,0.057999999999999996,-0.001,0.033,0.021,
1044,2/9/2014 8:00 PM,0.054000000000000006,-0.011000000000000001,0.022000000000000002,0.016,
1045,2/9/2014 10:00 PM,0.052000000000000005,-0.015,0.018000000000000002,0.015,
1046,2/10/2014 12:00 AM,0.051,-0.021,0.01,0.012,
1047,2/10/2014 2:00 AM,0.049,-0.026000000000000002,0.003,0.01,
1048,2/10/2014 4:00 AM,0.048,-0.03,-0.002,0.006999999999999999,
1049,2/10/2014 6:00 AM,0.047,-0.033,-0.005,0.006,
1050,2/10/2014 8:00 AM,0.047,-0.032,-0.005,0.005,
1051,2/10/2014 10:00 AM,0.052000000000000005,-0.015,0.017,0.009000000000000001,
1052,2/10/2014 12:00 PM,0.057999999999999996,0.006999999999999999,0.04,0.016,
1053,2/10/2014 2:00 PM,0.062,0.01,0.046,0.021,
1054,2/10/2014 4:00 PM,0.062,0.006999999999999999,0.045,0.022000000000000002,
1055,2/10/2014 6:00 PM,0.055999999999999994,-0.002,0.033,0.019,
1056,2/10/2014 8:00 PM,0.052000000000000005,-0.012,0.022000000000000002,0.015,
1057,2/10/2014 10:00 PM,0.051,-0.017,0.017,0.012,
1058,2/11/2014 12:00 AM,0.05,-0.023,0.008,0.01,
1059,2/11/2014 2:00 AM,0.049,-0.024,0.006,0.009000000000000001,
1060,2/11/2014 4:00 AM,0.048,-0.028999999999999998,-0.001,0.006999999999999999,
1061,2/11/2014 6:00 AM,0.047,-0.031,-0.004,0.005,
1062,2/11/2014 8:00 AM,0.047,-0.032,-0.004,0.004,
1063,2/11/2014 10:00 AM,0.052000000000000005,-0.012,0.019,0.008,
1064,2/11/2014 12:00 PM,0.057999999999999996,0.005,0.036000000000000004,0.013999999999999999,
1065,2/11/2014 2:00 PM,0.062,0.008,0.042,0.018000000000000002,
1066,2/11/2014 4:00 PM,0.062,0.003,0.040999999999999995,0.019,
1067,2/11/2014 6:00 PM,0.055,-0.01,0.024,0.015,
1068,2/11/2014 8:00 PM,0.05,-0.022000000000000002,0.009000000000000001,0.011000000000000001,
1069,2/11/2014 10:00 PM,0.047,-0.03,-0.001,0.006999999999999999,
1070,2/12/2014 12:00 AM,0.046,-0.034,-0.006999999999999999,0.004,
1071,2/12/2014 2:00 AM,0.045,-0.037000000000000005,-0.012,0.002,
1072,2/12/2014 4:00 AM,0.044000000000000004,-0.04,-0.016,0.0,
1073,2/12/2014 6:00 AM,0.043,-0.040999999999999995,-0.018000000000000002,-0.001,
1074,2/12/2014 8:00 AM,0.045,-0.039,-0.013000000000000001,0.0,
1075,2/12/2014 10:00 AM,0.051,-0.015,0.02,0.006,
1076,2/12/2014 12:00 PM,0.057,0.004,0.036000000000000004,0.013000000000000001,
1077,2/12/2014 2:00 PM,0.062,0.008,0.042,0.018000000000000002,
1078,2/12/2014 4:00 PM,0.062,0.004,0.040999999999999995,0.018000000000000002,
1079,2/12/2014 6:00 PM,0.055,-0.009000000000000001,0.025,0.016,
1080,2/12/2014 8:00 PM,0.05,-0.023,0.008,0.01,
1081,2/12/2014 10:00 PM,0.048,-0.025,0.004,0.008,
1082,2/13/2014 12:00 AM,0.046,-0.032,-0.004,0.005,
1083,2/13/2014 2:00 AM,0.045,-0.034,-0.008,0.003,
1084,2/13/2014 4:00 AM,0.045,-0.036000000000000004,-0.011000000000000001,0.002,
1085,2/13/2014 6:00 AM,0.044000000000000004,-0.039,-0.015,0.001,
1086,2/13/2014 8:00 AM,0.045,-0.036000000000000004,-0.01,0.001,
1087,2/13/2014 10:00 AM,0.051,-0.012,0.021,0.006,
1088,2/13/2014 12:00 PM,0.057,0.006999999999999999,0.039,0.013999999999999999,
1089,2/13/2014 2:00 PM,0.062,0.011000000000000001,0.045,0.019,
1090,2/13/2014 4:00 PM,0.063,0.008,0.045,0.02,
1091,2/13/2014 6:00 PM,0.055999999999999994,-0.004,0.03,0.017,
1092,2/13/2014 8:00 PM,0.05,-0.021,0.01,0.011000000000000001,
1093,2/13/2014 10:00 PM,0.047,-0.028999999999999998,0.0,0.006999999999999999,
1094,2/14/2014 12:00 AM,0.046,-0.031,-0.003,0.005,
1095,2/14/2014 2:00 AM,0.045,-0.034,-0.009000000000000001,0.003,
1096,2/14/2014 4:00 AM,0.044000000000000004,-0.037000000000000005,-0.013000000000000001,0.001,
1097,2/14/2014 6:00 AM,0.043,-0.039,-0.016,0.0,
1098,2/14/2014 8:00 AM,0.045,-0.036000000000000004,-0.011000000000000001,0.0,
1099,2/14/2014 10:00 AM,0.051,-0.009000000000000001,0.027999999999999997,0.006999999999999999,
1100,2/14/2014 12:00 PM,0.057999999999999996,0.009000000000000001,0.042,0.013999999999999999,
1101,2/14/2014 2:00 PM,0.062,0.013000000000000001,0.047,0.019,
1102,2/14/2014 4:00 PM,0.06,0.005,0.042,0.018000000000000002,
1103,2/14/2014 6:00 PM,0.055,-0.005,0.028999999999999998,0.016,
1104,2/14/2014 8:00 PM,0.049,-0.023,0.006999999999999999,0.009000000000000001,
1105,2/14/2014 10:00 PM,0.047,-0.028999999999999998,-0.001,0.006,
1106,2/15/2014 12:00 AM,0.045,-0.033,-0.006,0.004,
1107,2/15/2014 2:00 AM,0.044000000000000004,-0.035,-0.01,0.002,
1108,2/15/2014 4:00 AM,0.044000000000000004,-0.037000000000000005,-0.012,0.0,
1109,2/15/2014 6:00 AM,0.043,-0.039,-0.016,-0.001,
1110,2/15/2014 8:00 AM,0.044000000000000004,-0.035,-0.009000000000000001,0.0,
1111,2/15/2014 10:00 AM,0.051,-0.011000000000000001,0.023,0.006,
1112,2/15/2014 12:00 PM,0.057,0.006999999999999999,0.040999999999999995,0.013999999999999999,
1113,2/15/2014 2:00 PM,0.061,0.011000000000000001,0.046,0.018000000000000002,
1114,2/15/2014 4:00 PM,0.061,0.006999999999999999,0.045,0.019,
1115,2/15/2014 6:00 PM,0.055,-0.001,0.034,0.017,
1116,2/15/2014 8:00 PM,0.05,-0.017,0.017,0.011000000000000001,
1117,2/15/2014 10:00 PM,0.048,-0.023,0.008,0.006999999999999999,
1118,2/16/2014 12:00 AM,0.046,-0.028999999999999998,0.001,0.005,
1119,2/16/2014 2:00 AM,0.045,-0.032,-0.005,0.003,
1120,2/16/2014 4:00 AM,0.044000000000000004,-0.034,-0.008,0.001,
1121,2/16/2014 6:00 AM,0.044000000000000004,-0.035,-0.01,0.0,
1122,2/16/2014 8:00 AM,0.044000000000000004,-0.034,-0.008,-0.001,
1123,2/16/2014 10:00 AM,0.051,-0.008,0.027000000000000003,0.006,
1124,2/16/2014 12:00 PM,0.057,0.009000000000000001,0.042,0.013000000000000001,
1125,2/16/2014 2:00 PM,0.06,0.012,0.047,0.017,
1126,2/16/2014 4:00 PM,0.057999999999999996,0.004,0.04,0.016,
1127,2/16/2014 6:00 PM,0.052000000000000005,-0.005,0.028999999999999998,0.013000000000000001,
1128,2/16/2014 8:00 PM,0.05,-0.017,0.017,0.009000000000000001,
1129,2/16/2014 10:00 PM,0.048,-0.02,0.011000000000000001,0.006999999999999999,
1130,2/17/2014 12:00 AM,0.047,-0.021,0.009000000000000001,0.006,
1131,2/17/2014 2:00 AM,0.045,-0.027000000000000003,0.001,0.004,
1132,2/17/2014 4:00 AM,0.043,-0.033,-0.006999999999999999,0.001,
1133,2/17/2014 6:00 AM,0.043,-0.035,-0.009000000000000001,0.0,
1134,2/17/2014 8:00 AM,0.043,-0.034,-0.006999999999999999,-0.001,
1135,2/17/2014 10:00 AM,0.051,-0.01,0.024,0.005,
1136,2/17/2014 12:00 PM,0.055999999999999994,0.006,0.038,0.011000000000000001,
1137,2/17/2014 2:00 PM,0.057,0.003,0.036000000000000004,0.013000000000000001,
1138,2/17/2014 4:00 PM,0.054000000000000006,-0.004,0.028999999999999998,0.012,
1139,2/17/2014 6:00 PM,0.052000000000000005,-0.008,0.024,0.011000000000000001,
1140,2/17/2014 8:00 PM,0.048,-0.022000000000000002,0.008,0.006,
1141,2/17/2014 10:00 PM,0.044000000000000004,-0.031,-0.003,0.003,
1142,2/18/2014 12:00 AM,0.042,-0.036000000000000004,-0.011000000000000001,-0.001,
1143,2/18/2014 2:00 AM,0.042,-0.039,-0.016,-0.003,
1144,2/18/2014 4:00 AM,0.042,-0.04,-0.017,-0.004,
1145,2/18/2014 6:00 AM,0.040999999999999995,-0.043,-0.021,-0.005,
1146,2/18/2014 8:00 AM,0.042,-0.039,-0.015,-0.005,
1147,2/18/2014 10:00 AM,0.049,-0.013000000000000001,0.022000000000000002,0.002,
1148,2/18/2014 12:00 PM,0.055,0.006999999999999999,0.039,0.009000000000000001,
1149,2/18/2014 2:00 PM,0.06,0.009000000000000001,0.044000000000000004,0.013999999999999999,
1150,2/18/2014 4:00 PM,0.059000000000000004,0.003,0.042,0.015,
1151,2/18/2014 6:00 PM,0.053,-0.006,0.027000000000000003,0.012,
1152,2/18/2014 8:00 PM,0.048,-0.02,0.011000000000000001,0.006,
1153,2/18/2014 10:00 PM,0.047,-0.023,0.006999999999999999,0.005,
1154,2/19/2014 12:00 AM,0.044000000000000004,-0.032,-0.005,0.001,
1155,2/19/2014 2:00 AM,0.042,-0.036000000000000004,-0.012,-0.002,
1156,2/19/2014 4:00 AM,0.042,-0.037000000000000005,-0.013000000000000001,-0.004,
1157,2/19/2014 6:00 AM,0.042,-0.036000000000000004,-0.012,-0.004,
1158,2/19/2014 8:00 AM,0.043,-0.033,-0.006999999999999999,-0.003,
1159,2/19/2014 10:00 AM,0.048,-0.019,0.011000000000000001,0.002,
1160,2/19/2014 12:00 PM,0.053,-0.001,0.03,0.006999999999999999,
1161,2/19/2014 2:00 PM,0.057999999999999996,0.005,0.038,0.012,
1162,2/19/2014 4:00 PM,0.054000000000000006,-0.003,0.03,0.011000000000000001,
1163,2/19/2014 6:00 PM,0.051,-0.009000000000000001,0.024,0.009000000000000001,
1164,2/19/2014 8:00 PM,0.047,-0.021,0.01,0.005,
1165,2/19/2014 10:00 PM,0.046,-0.021,0.009000000000000001,0.004,
1166,2/20/2014 12:00 AM,0.045,-0.023,0.006,0.002,
1167,2/20/2014 2:00 AM,0.042,-0.035,-0.01,-0.002,
1168,2/20/2014 4:00 AM,0.04,-0.04,-0.018000000000000002,-0.005,
1169,2/20/2014 6:00 AM,0.04,-0.043,-0.022000000000000002,-0.006999999999999999,
1170,2/20/2014 8:00 AM,0.040999999999999995,-0.04,-0.017,-0.006999999999999999,
1171,2/20/2014 10:00 AM,0.048,-0.018000000000000002,0.012,-0.001,
1172,2/20/2014 12:00 PM,0.051,-0.004,0.018000000000000002,0.005,
1173,2/20/2014 2:00 PM,0.055999999999999994,-0.001,0.023,0.008,
1174,2/20/2014 4:00 PM,0.057999999999999996,-0.006,0.023,0.009000000000000001,
1175,2/20/2014 6:00 PM,0.051,-0.016,0.006999999999999999,0.006999999999999999,
1176,2/20/2014 8:00 PM,0.042,-0.035,-0.017,-0.002,
1177,2/20/2014 10:00 PM,0.04,-0.04,-0.022000000000000002,-0.006,
1178,2/21/2014 12:00 AM,0.039,-0.042,-0.025,-0.006999999999999999,
1179,2/21/2014 2:00 AM,0.038,-0.044000000000000004,-0.028999999999999998,-0.009000000000000001,
1180,2/21/2014 4:00 AM,0.037000000000000005,-0.047,-0.032,-0.011000000000000001,
1181,2/21/2014 6:00 AM,0.036000000000000004,-0.048,-0.033,-0.012,
1182,2/21/2014 8:00 AM,0.037000000000000005,-0.045,-0.03,-0.012,
1183,2/21/2014 10:00 AM,0.045,-0.024,-0.001,-0.006,
1184,2/21/2014 12:00 PM,0.051,-0.006,0.016,0.001,
1185,2/21/2014 2:00 PM,0.057,0.0,0.025,0.008,
1186,2/21/2014 4:00 PM,0.054000000000000006,-0.006,0.02,0.008,
1187,2/21/2014 6:00 PM,0.051,-0.013000000000000001,0.015,0.006,
1188,2/21/2014 8:00 PM,0.046,-0.024,0.002,0.002,
1189,2/21/2014 10:00 PM,0.044000000000000004,-0.028999999999999998,-0.003,0.0,
1190,2/22/2014 12:00 AM,0.042,-0.036000000000000004,-0.015,-0.003,
1191,2/22/2014 2:00 AM,0.04,-0.04,-0.021,-0.006,
1192,2/22/2014 4:00 AM,0.038,-0.045,-0.027000000000000003,-0.009000000000000001,
1193,2/22/2014 6:00 AM,0.037000000000000005,-0.048,-0.031,-0.011000000000000001,
1194,2/22/2014 8:00 AM,0.039,-0.044000000000000004,-0.025,-0.01,
1195,2/22/2014 10:00 AM,0.046,-0.019,0.013000000000000001,-0.004,
1196,2/22/2014 12:00 PM,0.053,0.0,0.028999999999999998,0.004,
1197,2/22/2014 2:00 PM,0.057999999999999996,0.004,0.035,0.01,
1198,2/22/2014 4:00 PM,0.057999999999999996,-0.001,0.034,0.01,
1199,2/22/2014 6:00 PM,0.051,-0.01,0.022000000000000002,0.006999999999999999,
1200,2/22/2014 8:00 PM,0.047,-0.021,0.008,0.003,
1201,2/22/2014 10:00 PM,0.044000000000000004,-0.028999999999999998,-0.002,0.0,
1202,2/23/2014 12:00 AM,0.042,-0.033,-0.008,-0.003,
1203,2/23/2014 2:00 AM,0.042,-0.036000000000000004,-0.013000000000000001,-0.004,
1204,2/23/2014 4:00 AM,0.04,-0.040999999999999995,-0.02,-0.006999999999999999,
1205,2/23/2014 6:00 AM,0.04,-0.042,-0.022000000000000002,-0.008,
1206,2/23/2014 8:00 AM,0.040999999999999995,-0.039,-0.018000000000000002,-0.008,
1207,2/23/2014 10:00 AM,0.046,-0.023,0.002,-0.004,
1208,2/23/2014 12:00 PM,0.052000000000000005,-0.001,0.028999999999999998,0.004,
1209,2/23/2014 2:00 PM,0.057,0.003,0.035,0.008,
1210,2/23/2014 4:00 PM,0.055999999999999994,-0.003,0.03,0.009000000000000001,
1211,2/23/2014 6:00 PM,0.05,-0.013000000000000001,0.017,0.006,
1212,2/23/2014 8:00 PM,0.047,-0.021,0.006999999999999999,0.003,
1213,2/23/2014 10:00 PM,0.045,-0.025,0.002,0.001,
1214,2/24/2014 12:00 AM,0.043,-0.032,-0.006999999999999999,-0.002,
1215,2/24/2014 2:00 AM,0.042,-0.036000000000000004,-0.013000000000000001,-0.004,
1216,2/24/2014 4:00 AM,0.042,-0.036000000000000004,-0.015,-0.005,
1217,2/24/2014 6:00 AM,0.040999999999999995,-0.04,-0.018000000000000002,-0.006999999999999999,
1218,2/24/2014 8:00 AM,0.042,-0.035,-0.011000000000000001,-0.006,
1219,2/24/2014 10:00 AM,0.048,-0.015,0.013000000000000001,-0.002,
1220,2/24/2014 12:00 PM,0.054000000000000006,0.003,0.033,0.005,
1221,2/24/2014 2:00 PM,0.057999999999999996,0.006,0.039,0.01,
1222,2/24/2014 4:00 PM,0.057,-0.001,0.033,0.01,
1223,2/24/2014 6:00 PM,0.051,-0.01,0.02,0.006999999999999999,
1224,2/24/2014 8:00 PM,0.046,-0.024,0.004,0.002,
1225,2/24/2014 10:00 PM,0.044000000000000004,-0.027000000000000003,-0.001,0.0,
1226,2/25/2014 12:00 AM,0.042,-0.032,-0.008,-0.002,
1227,2/25/2014 2:00 AM,0.042,-0.034,-0.01,-0.004,
1228,2/25/2014 4:00 AM,0.042,-0.035,-0.012,-0.004,
1229,2/25/2014 6:00 AM,0.042,-0.036000000000000004,-0.013000000000000001,-0.005,
1230,2/25/2014 8:00 AM,0.042,-0.035,-0.012,-0.005,
1231,2/25/2014 10:00 AM,0.047,-0.021,0.005,-0.003,
1232,2/25/2014 12:00 PM,0.052000000000000005,-0.003,0.027000000000000003,0.004,
1233,2/25/2014 2:00 PM,0.055999999999999994,0.002,0.033,0.006999999999999999,
1234,2/25/2014 4:00 PM,0.054000000000000006,-0.002,0.03,0.008,
1235,2/25/2014 6:00 PM,0.05,-0.011000000000000001,0.019,0.005,
1236,2/25/2014 8:00 PM,0.048,-0.019,0.011000000000000001,0.003,
1237,2/25/2014 10:00 PM,0.047,-0.021,0.008,0.002,
1238,2/26/2014 12:00 AM,0.045,-0.024,0.003,0.0,
1239,2/26/2014 2:00 AM,0.043,-0.03,-0.004,-0.002,
1240,2/26/2014 4:00 AM,0.040999999999999995,-0.037000000000000005,-0.016,-0.005,
1241,2/26/2014 6:00 AM,0.042,-0.033,-0.009000000000000001,-0.005,
1242,2/26/2014 8:00 AM,0.043,-0.03,-0.005,-0.004,
1243,2/26/2014 10:00 AM,0.049,-0.013000000000000001,0.019,0.0,
1244,2/26/2014 12:00 PM,0.053,0.0,0.03,0.005,
1245,2/26/2014 2:00 PM,0.057999999999999996,0.003,0.035,0.009000000000000001,
1246,2/26/2014 4:00 PM,0.055,-0.006999999999999999,0.027000000000000003,0.008,
1247,2/26/2014 6:00 PM,0.05,-0.015,0.015,0.005,
1248,2/26/2014 8:00 PM,0.046,-0.023,0.005,0.002,
1249,2/26/2014 10:00 PM,0.044000000000000004,-0.026000000000000002,0.001,0.0,
1250,2/27/2014 12:00 AM,0.042,-0.034,-0.01,-0.003,
1251,2/27/2014 2:00 AM,0.042,-0.036000000000000004,-0.015,-0.005,
1252,2/27/2014 4:00 AM,0.042,-0.035,-0.012,-0.005,
1253,2/27/2014 6:00 AM,0.040999999999999995,-0.039,-0.018000000000000002,-0.006999999999999999,
1254,2/27/2014 8:00 AM,0.042,-0.035,-0.013000000000000001,-0.006999999999999999,
1255,2/27/2014 10:00 AM,0.048,-0.012,0.02,-0.001,
1256,2/27/2014 12:00 PM,0.052000000000000005,0.001,0.031,0.005,
1257,2/27/2014 2:00 PM,0.057,0.003,0.036000000000000004,0.009000000000000001,
1258,2/27/2014 4:00 PM,0.055999999999999994,-0.002,0.034,0.008,
1259,2/27/2014 6:00 PM,0.051,-0.008,0.022000000000000002,0.006999999999999999,
1260,2/27/2014 8:00 PM,0.046,-0.018000000000000002,0.012,0.002,
1261,2/27/2014 10:00 PM,0.045,-0.021,0.008,0.001,
1262,2/28/2014 12:00 AM,0.043,-0.025,0.001,-0.001,
1263,2/28/2014 2:00 AM,0.040999999999999995,-0.035,-0.013000000000000001,-0.005,
1264,2/28/2014 4:00 AM,0.04,-0.039,-0.019,-0.008,
1265,2/28/2014 6:00 AM,0.039,-0.040999999999999995,-0.021,-0.009000000000000001,
1266,2/28/2014 8:00 AM,0.040999999999999995,-0.035,-0.012,-0.009000000000000001,
1267,2/28/2014 10:00 AM,0.047,-0.011000000000000001,0.023,-0.003,
1268,2/28/2014 12:00 PM,0.052000000000000005,0.004,0.034,0.004,
1269,2/28/2014 2:00 PM,0.057999999999999996,0.006,0.039,0.009000000000000001,
1270,2/28/2014 4:00 PM,0.057999999999999996,0.002,0.038,0.008,
1271,2/28/2014 6:00 PM,0.051,-0.006,0.025,0.006999999999999999,
1272,2/28/2014 8:00 PM,0.045,-0.025,0.002,0.0,
1273,2/28/2014 10:00 PM,0.042,-0.032,-0.006999999999999999,-0.004,
1274,3/1/2014 12:00 AM,0.042,-0.031,-0.005,-0.004,
1275,3/1/2014 2:00 AM,0.042,-0.032,-0.009000000000000001,-0.005,
1276,3/1/2014 4:00 AM,0.040999999999999995,-0.035,-0.013000000000000001,-0.006,
1277,3/1/2014 6:00 AM,0.042,-0.032,-0.008,-0.006,
1278,3/1/2014 8:00 AM,0.043,-0.027000000000000003,-0.002,-0.005,
1279,3/1/2014 10:00 AM,0.05,-0.006999999999999999,0.026000000000000002,0.0,
1280,3/1/2014 12:00 PM,0.052000000000000005,0.0,0.03,0.004,
1281,3/1/2014 2:00 PM,0.054000000000000006,0.001,0.03,0.006,
1282,3/1/2014 4:00 PM,0.051,-0.009000000000000001,0.02,0.004,
1283,3/1/2014 6:00 PM,0.047,-0.019,0.009000000000000001,0.001,
1284,3/1/2014 8:00 PM,0.045,-0.023,0.003,-0.001,
1285,3/1/2014 10:00 PM,0.045,-0.025,0.0,-0.002,
1286,3/2/2014 12:00 AM,0.045,-0.025,-0.001,-0.003,
1287,3/2/2014 2:00 AM,0.042,-0.012,0.011000000000000001,0.001,
1288,3/2/2014 4:00 AM,0.095,0.07400000000000001,0.099,0.022000000000000002,
1289,3/2/2014 6:00 AM,0.152,0.099,0.159,0.042,
1290,3/2/2014 8:00 AM,0.16399999999999998,0.096,0.15,0.047,
1291,3/2/2014 10:00 AM,0.16699999999999998,0.086,0.126,0.05,
1292,3/2/2014 12:00 PM,0.16,0.085,0.124,0.053,
1293,3/2/2014 2:00 PM,0.152,0.083,0.124,0.057,
1294,3/2/2014 4:00 PM,0.147,0.079,0.12,0.057999999999999996,
1295,3/2/2014 6:00 PM,0.14300000000000002,0.073,0.113,0.057,
1296,3/2/2014 8:00 PM,0.14300000000000002,0.064,0.10099999999999999,0.053,
1297,3/2/2014 10:00 PM,0.142,0.061,0.094,0.051,
1298,3/3/2014 12:00 AM,0.14,0.059000000000000004,0.091,0.051,
1299,3/3/2014 2:00 AM,0.138,0.057999999999999996,0.08800000000000001,0.05,
1300,3/3/2014 4:00 AM,0.136,0.057,0.086,0.049,
1301,3/3/2014 6:00 AM,0.135,0.055999999999999994,0.083,0.048,
1302,3/3/2014 8:00 AM,0.134,0.055999999999999994,0.083,0.048,
1303,3/3/2014 10:00 AM,0.132,0.057999999999999996,0.086,0.05,
1304,3/3/2014 12:00 PM,0.13,0.06,0.09,0.051,
1305,3/3/2014 2:00 PM,0.128,0.067,0.099,0.053,
1306,3/3/2014 4:00 PM,0.126,0.065,0.102,0.055,
1307,3/3/2014 6:00 PM,0.124,0.06,0.094,0.055,
1308,3/3/2014 8:00 PM,0.124,0.05,0.08199999999999999,0.051,
1309,3/3/2014 10:00 PM,0.12300000000000001,0.048,0.077,0.05,
1310,3/4/2014 12:00 AM,0.122,0.046,0.073,0.048,
1311,3/4/2014 2:00 AM,0.122,0.044000000000000004,0.069,0.046,
1312,3/4/2014 4:00 AM,0.12,0.044000000000000004,0.068,0.045,
1313,3/4/2014 6:00 AM,0.11900000000000001,0.043,0.065,0.044000000000000004,
1314,3/4/2014 8:00 AM,0.11800000000000001,0.044000000000000004,0.068,0.044000000000000004,
1315,3/4/2014 10:00 AM,0.11699999999999999,0.052000000000000005,0.081,0.046,
1316,3/4/2014 12:00 PM,0.11699999999999999,0.057999999999999996,0.08800000000000001,0.049,
1317,3/4/2014 2:00 PM,0.11699999999999999,0.057,0.08800000000000001,0.051,
1318,3/4/2014 4:00 PM,0.11599999999999999,0.054000000000000006,0.086,0.051,
1319,3/4/2014 6:00 PM,0.115,0.049,0.08,0.05,
1320,3/4/2014 8:00 PM,0.113,0.044000000000000004,0.07400000000000001,0.048,
1321,3/4/2014 10:00 PM,0.113,0.042,0.07,0.047,
1322,3/5/2014 12:00 AM,0.11199999999999999,0.039,0.066,0.045,
1323,3/5/2014 2:00 AM,0.111,0.037000000000000005,0.062,0.044000000000000004,
1324,3/5/2014 4:00 AM,0.11,0.035,0.057999999999999996,0.042,
1325,3/5/2014 6:00 AM,0.11,0.033,0.055999999999999994,0.042,
1326,3/5/2014 8:00 AM,0.11,0.037000000000000005,0.061,0.042,
1327,3/5/2014 10:00 AM,0.109,0.047,0.078,0.045,
1328,3/5/2014 12:00 PM,0.11,0.054000000000000006,0.085,0.048,
1329,3/5/2014 2:00 PM,0.111,0.057,0.08900000000000001,0.051,
1330,3/5/2014 4:00 PM,0.11,0.051,0.08800000000000001,0.051,
1331,3/5/2014 6:00 PM,0.10800000000000001,0.045,0.078,0.051,
1332,3/5/2014 8:00 PM,0.106,0.033,0.063,0.046,
1333,3/5/2014 10:00 PM,0.105,0.032,0.06,0.045,
1334,3/6/2014 12:00 AM,0.10400000000000001,0.03,0.057,0.043,
1335,3/6/2014 2:00 AM,0.10300000000000001,0.027999999999999997,0.051,0.042,
1336,3/6/2014 4:00 AM,0.102,0.025,0.048,0.04,
1337,3/6/2014 6:00 AM,0.102,0.024,0.045,0.039,
1338,3/6/2014 8:00 AM,0.102,0.027999999999999997,0.051,0.039,
1339,3/6/2014 10:00 AM,0.102,0.040999999999999995,0.071,0.042,
1340,3/6/2014 12:00 PM,0.10400000000000001,0.047,0.079,0.045,
1341,3/6/2014 2:00 PM,0.105,0.049,0.08199999999999999,0.048,
1342,3/6/2014 4:00 PM,0.10400000000000001,0.044000000000000004,0.08,0.049,
1343,3/6/2014 6:00 PM,0.102,0.038,0.071,0.047,
1344,3/6/2014 8:00 PM,0.099,0.03,0.061,0.044000000000000004,
1345,3/6/2014 10:00 PM,0.099,0.027000000000000003,0.057,0.042,
1346,3/7/2014 12:00 AM,0.098,0.025,0.052000000000000005,0.040999999999999995,
1347,3/7/2014 2:00 AM,0.096,0.022000000000000002,0.049,0.04,
1348,3/7/2014 4:00 AM,0.096,0.021,0.047,0.039,
1349,3/7/2014 6:00 AM,0.096,0.018000000000000002,0.043,0.038,
1350,3/7/2014 8:00 AM,0.096,0.023,0.05,0.037000000000000005,
1351,3/7/2014 10:00 AM,0.096,0.038,0.07200000000000001,0.040999999999999995,
1352,3/7/2014 12:00 PM,0.098,0.042,0.07400000000000001,0.043,
1353,3/7/2014 2:00 PM,0.099,0.045,0.081,0.046,
1354,3/7/2014 4:00 PM,0.099,0.042,0.08,0.047,
1355,3/7/2014 6:00 PM,0.096,0.035,0.07,0.045,
1356,3/7/2014 8:00 PM,0.09300000000000001,0.026000000000000002,0.057999999999999996,0.042,
1357,3/7/2014 10:00 PM,0.091,0.02,0.051,0.04,
1358,3/8/2014 12:00 AM,0.09,0.018000000000000002,0.048,0.038,
1359,3/8/2014 2:00 AM,0.08900000000000001,0.015,0.043,0.037000000000000005,
1360,3/8/2014 4:00 AM,0.08900000000000001,0.011000000000000001,0.037000000000000005,0.035,
1361,3/8/2014 6:00 AM,0.08900000000000001,0.01,0.036000000000000004,0.033,
1362,3/8/2014 8:00 AM,0.08900000000000001,0.013999999999999999,0.040999999999999995,0.034,
1363,3/8/2014 10:00 AM,0.09,0.027000000000000003,0.055999999999999994,0.036000000000000004,
1364,3/8/2014 12:00 PM,0.092,0.036000000000000004,0.068,0.04,
1365,3/8/2014 2:00 PM,0.09300000000000001,0.038,0.069,0.042,
1366,3/8/2014 4:00 PM,0.09,0.027000000000000003,0.057999999999999996,0.04,
1367,3/8/2014 6:00 PM,0.08900000000000001,0.021,0.051,0.039,
1368,3/8/2014 8:00 PM,0.087,0.015,0.044000000000000004,0.036000000000000004,
1369,3/8/2014 10:00 PM,0.086,0.011000000000000001,0.038,0.034,
1370,3/9/2014 12:00 AM,0.085,0.008,0.033,0.033,
1371,3/9/2014 2:00 AM,0.084,0.003,0.027999999999999997,0.03,
1372,3/9/2014 4:00 AM,0.084,0.003,0.027000000000000003,0.03,
1373,3/9/2014 6:00 AM,0.084,0.003,0.027000000000000003,0.03,
1374,3/9/2014 8:00 AM,0.085,0.006,0.031,0.03,
1375,3/9/2014 10:00 AM,0.086,0.023,0.055999999999999994,0.033,
1376,3/9/2014 12:00 PM,0.08800000000000001,0.032,0.064,0.037000000000000005,
1377,3/9/2014 2:00 PM,0.091,0.036000000000000004,0.067,0.04,
1378,3/9/2014 4:00 PM,0.091,0.03,0.065,0.040999999999999995,
1379,3/9/2014 6:00 PM,0.086,0.023,0.054000000000000006,0.039,
1380,3/9/2014 8:00 PM,0.08199999999999999,0.006,0.034,0.033,
1381,3/9/2014 10:00 PM,0.081,0.003,0.03,0.031,
1382,3/10/2014 12:00 AM,0.08,-0.002,0.024,0.028999999999999998,
1383,3/10/2014 2:00 AM,0.079,-0.004,0.021,0.027999999999999997,
1384,3/10/2014 4:00 AM,0.079,-0.006,0.019,0.026000000000000002,
1385,3/10/2014 6:00 AM,0.079,-0.006999999999999999,0.017,0.025,
1386,3/10/2014 8:00 AM,0.08,0.0,0.027999999999999997,0.026000000000000002,
1387,3/10/2014 10:00 AM,0.08199999999999999,0.02,0.054000000000000006,0.03,
1388,3/10/2014 12:00 PM,0.085,0.032,0.065,0.035,
1389,3/10/2014 2:00 PM,0.08800000000000001,0.035,0.069,0.039,
1390,3/10/2014 4:00 PM,0.08800000000000001,0.03,0.067,0.039,
1391,3/10/2014 6:00 PM,0.083,0.023,0.055999999999999994,0.038,
1392,3/10/2014 8:00 PM,0.079,0.01,0.042,0.034,
1393,3/10/2014 10:00 PM,0.078,0.004,0.034,0.03,
1394,3/11/2014 12:00 AM,0.077,0.0,0.03,0.03,
1395,3/11/2014 2:00 AM,0.076,-0.003,0.025,0.027999999999999997,
1396,3/11/2014 4:00 AM,0.075,-0.004,0.023,0.026000000000000002,
1397,3/11/2014 6:00 AM,0.07400000000000001,-0.008,0.018000000000000002,0.024,
1398,3/11/2014 8:00 AM,0.076,-0.001,0.028999999999999998,0.025,
1399,3/11/2014 10:00 AM,0.078,0.021,0.057,0.03,
1400,3/11/2014 12:00 PM,0.081,0.03,0.065,0.034,
1401,3/11/2014 2:00 PM,0.085,0.034,0.068,0.038,
1402,3/11/2014 4:00 PM,,,,,
