H1M1_1,Port 1,Port 2,Port 3,Port 4,Port 5
2174 records,10HS Soil Moisture,10HS Soil Moisture,10HS Soil Moisture,10HS Soil Moisture,
Measurement Time,m³/m³ VWC,m³/m³ VWC,m³/m³ VWC,m³/m³ VWC,None
4/25/2013 12:00 PM,0.166,0.265,0.095,0.132,
4/25/2013 2:00 PM,0.161,0.278,0.126,0.155,
4/25/2013 4:00 PM,0.162,0.282,0.128,0.156,
4/25/2013 6:00 PM,0.162,0.284,0.126,0.158,
4/25/2013 8:00 PM,0.163,0.285,0.123,0.158,
4/25/2013 10:00 PM,0.162,0.285,0.117,0.161,
4/26/2013 12:00 AM,0.162,0.284,0.115,0.161,
4/26/2013 2:00 AM,0.164,0.284,0.113,0.162,
4/26/2013 4:00 AM,0.164,0.283,0.113,0.162,
4/26/2013 6:00 AM,0.164,0.282,0.113,0.162,
4/26/2013 8:00 AM,0.162,0.280,0.113,0.160,
4/26/2013 10:00 AM,0.158,0.274,0.115,0.155,
4/26/2013 12:00 PM,0.158,0.273,0.120,0.154,
4/26/2013 2:00 PM,0.159,0.276,0.124,0.153,
4/26/2013 4:00 PM,0.160,0.281,0.127,0.152,
4/26/2013 6:00 PM,0.160,0.283,0.126,0.153,
4/26/2013 8:00 PM,0.159,0.285,0.120,0.154,
4/26/2013 10:00 PM,0.158,0.284,0.112,0.156,
4/27/2013 12:00 AM,0.157,0.283,0.109,0.156,
4/27/2013 2:00 AM,0.157,0.283,0.107,0.156,
4/27/2013 4:00 AM,0.157,0.282,0.107,0.156,
4/27/2013 6:00 AM,0.158,0.281,0.107,0.156,
4/27/2013 8:00 AM,0.156,0.278,0.107,0.154,
4/27/2013 10:00 AM,0.153,0.272,0.113,0.148,
4/27/2013 12:00 PM,0.153,0.271,0.117,0.148,
4/27/2013 2:00 PM,0.155,0.275,0.121,0.147,
4/27/2013 4:00 PM,0.156,0.280,0.123,0.147,
4/27/2013 6:00 PM,0.156,0.281,0.122,0.147,
4/27/2013 8:00 PM,0.154,0.283,0.114,0.148,
4/27/2013 10:00 PM,0.152,0.283,0.106,0.149,
4/28/2013 12:00 AM,0.151,0.282,0.103,0.149,
4/28/2013 2:00 AM,0.150,0.281,0.101,0.148,
4/28/2013 4:00 AM,0.150,0.279,0.101,0.148,
4/28/2013 6:00 AM,0.150,0.279,0.099,0.148,
4/28/2013 8:00 AM,0.149,0.277,0.100,0.147,
4/28/2013 10:00 AM,0.148,0.271,0.106,0.142,
4/28/2013 12:00 PM,0.150,0.271,0.110,0.143,
4/28/2013 2:00 PM,0.150,0.272,0.114,0.142,
4/28/2013 4:00 PM,0.151,0.277,0.113,0.143,
4/28/2013 6:00 PM,0.150,0.277,0.113,0.142,
4/28/2013 8:00 PM,0.149,0.279,0.107,0.142,
4/28/2013 10:00 PM,0.147,0.280,0.097,0.143,
4/29/2013 12:00 AM,0.146,0.278,0.094,0.142,
4/29/2013 2:00 AM,0.145,0.277,0.094,0.142,
4/29/2013 4:00 AM,0.145,0.277,0.093,0.142,
4/29/2013 6:00 AM,0.146,0.276,0.093,0.142,
4/29/2013 8:00 AM,0.145,0.274,0.094,0.140,
4/29/2013 10:00 AM,0.144,0.268,0.099,0.136,
4/29/2013 12:00 PM,0.146,0.268,0.104,0.136,
4/29/2013 2:00 PM,0.147,0.270,0.107,0.136,
4/29/2013 4:00 PM,0.147,0.274,0.108,0.136,
4/29/2013 6:00 PM,0.147,0.275,0.106,0.136,
4/29/2013 8:00 PM,0.145,0.277,0.100,0.136,
4/29/2013 10:00 PM,0.144,0.276,0.095,0.136,
4/30/2013 12:00 AM,0.143,0.275,0.092,0.135,
4/30/2013 2:00 AM,0.142,0.274,0.089,0.134,
4/30/2013 4:00 AM,0.142,0.274,0.088,0.134,
4/30/2013 6:00 AM,0.142,0.273,0.088,0.134,
4/30/2013 8:00 AM,0.141,0.272,0.087,0.132,
4/30/2013 10:00 AM,0.141,0.268,0.090,0.130,
4/30/2013 12:00 PM,0.142,0.267,0.093,0.130,
4/30/2013 2:00 PM,0.143,0.270,0.097,0.130,
4/30/2013 4:00 PM,0.142,0.276,0.098,0.132,
4/30/2013 6:00 PM,0.142,0.277,0.095,0.133,
4/30/2013 8:00 PM,0.140,0.278,0.087,0.132,
4/30/2013 10:00 PM,0.139,0.277,0.082,0.132,
5/1/2013 12:00 AM,0.138,0.276,0.081,0.132,
5/1/2013 2:00 AM,0.137,0.275,0.081,0.132,
5/1/2013 4:00 AM,0.137,0.274,0.081,0.132,
5/1/2013 6:00 AM,0.137,0.273,0.081,0.132,
5/1/2013 8:00 AM,0.136,0.272,0.082,0.131,
5/1/2013 10:00 AM,0.136,0.268,0.082,0.129,
5/1/2013 12:00 PM,0.136,0.267,0.084,0.129,
5/1/2013 2:00 PM,0.138,0.269,0.088,0.129,
5/1/2013 4:00 PM,0.138,0.271,0.090,0.129,
5/1/2013 6:00 PM,0.137,0.272,0.088,0.129,
5/1/2013 8:00 PM,0.134,0.273,0.084,0.129,
5/1/2013 10:00 PM,0.132,0.273,0.081,0.129,
5/2/2013 12:00 AM,0.132,0.273,0.080,0.130,
5/2/2013 2:00 AM,0.132,0.272,0.080,0.131,
5/2/2013 4:00 AM,0.132,0.272,0.081,0.132,
5/2/2013 6:00 AM,0.132,0.271,0.082,0.132,
5/2/2013 8:00 AM,0.131,0.269,0.082,0.130,
5/2/2013 10:00 AM,0.130,0.262,0.083,0.126,
5/2/2013 12:00 PM,0.133,0.261,0.088,0.127,
5/2/2013 2:00 PM,0.135,0.265,0.093,0.127,
5/2/2013 4:00 PM,0.136,0.269,0.094,0.128,
5/2/2013 6:00 PM,0.135,0.270,0.090,0.128,
5/2/2013 8:00 PM,0.133,0.272,0.086,0.127,
5/2/2013 10:00 PM,0.131,0.273,0.078,0.128,
5/3/2013 12:00 AM,0.130,0.272,0.078,0.128,
5/3/2013 2:00 AM,0.130,0.271,0.078,0.128,
5/3/2013 4:00 AM,0.130,0.271,0.078,0.128,
5/3/2013 6:00 AM,0.130,0.270,0.078,0.129,
5/3/2013 8:00 AM,0.129,0.267,0.078,0.127,
5/3/2013 10:00 AM,0.128,0.260,0.082,0.124,
5/3/2013 12:00 PM,0.131,0.259,0.086,0.124,
5/3/2013 2:00 PM,0.134,0.262,0.093,0.124,
5/3/2013 4:00 PM,0.135,0.266,0.096,0.125,
5/3/2013 6:00 PM,0.134,0.267,0.093,0.124,
5/3/2013 8:00 PM,0.132,0.270,0.085,0.124,
5/3/2013 10:00 PM,0.129,0.271,0.078,0.124,
5/4/2013 12:00 AM,0.127,0.270,0.074,0.124,
5/4/2013 2:00 AM,0.126,0.270,0.074,0.124,
5/4/2013 4:00 AM,0.126,0.268,0.074,0.123,
5/4/2013 6:00 AM,0.125,0.266,0.074,0.122,
5/4/2013 8:00 AM,0.125,0.263,0.075,0.121,
5/4/2013 10:00 AM,0.126,0.260,0.078,0.120,
5/4/2013 12:00 PM,0.129,0.258,0.084,0.121,
5/4/2013 2:00 PM,0.132,0.260,0.092,0.122,
5/4/2013 4:00 PM,0.133,0.264,0.095,0.122,
5/4/2013 6:00 PM,0.132,0.266,0.088,0.122,
5/4/2013 8:00 PM,0.129,0.267,0.082,0.120,
5/4/2013 10:00 PM,0.126,0.268,0.075,0.120,
5/5/2013 12:00 AM,0.126,0.266,0.075,0.118,
5/5/2013 2:00 AM,0.124,0.266,0.074,0.118,
5/5/2013 4:00 AM,0.124,0.264,0.074,0.117,
5/5/2013 6:00 AM,0.124,0.264,0.074,0.117,
5/5/2013 8:00 AM,0.124,0.263,0.074,0.117,
5/5/2013 10:00 AM,0.124,0.261,0.075,0.117,
5/5/2013 12:00 PM,0.126,0.256,0.082,0.117,
5/5/2013 2:00 PM,0.129,0.259,0.087,0.118,
5/5/2013 4:00 PM,0.131,0.261,0.092,0.119,
5/5/2013 6:00 PM,0.130,0.263,0.089,0.118,
5/5/2013 8:00 PM,0.127,0.265,0.082,0.117,
5/5/2013 10:00 PM,0.123,0.266,0.071,0.116,
5/6/2013 12:00 AM,0.121,0.264,0.070,0.114,
5/6/2013 2:00 AM,0.121,0.262,0.070,0.113,
5/6/2013 4:00 AM,0.120,0.262,0.070,0.113,
5/6/2013 6:00 AM,0.120,0.261,0.070,0.113,
5/6/2013 8:00 AM,0.120,0.260,0.069,0.113,
5/6/2013 10:00 AM,0.121,0.257,0.074,0.113,
5/6/2013 12:00 PM,0.124,0.253,0.081,0.113,
5/6/2013 2:00 PM,0.125,0.258,0.081,0.114,
5/6/2013 4:00 PM,0.126,0.258,0.084,0.114,
5/6/2013 6:00 PM,0.126,0.260,0.080,0.114,
5/6/2013 8:00 PM,0.123,0.262,0.074,0.113,
5/6/2013 10:00 PM,0.120,0.261,0.070,0.111,
5/7/2013 12:00 AM,0.120,0.261,0.069,0.110,
5/7/2013 2:00 AM,0.117,0.260,0.072,0.110,
5/7/2013 4:00 AM,0.116,0.259,0.074,0.111,
5/7/2013 6:00 AM,0.115,0.259,0.074,0.112,
5/7/2013 8:00 AM,0.116,0.258,0.073,0.112,
5/7/2013 10:00 AM,0.118,0.254,0.076,0.112,
5/7/2013 12:00 PM,0.122,0.253,0.078,0.113,
5/7/2013 2:00 PM,0.121,0.256,0.078,0.113,
5/7/2013 4:00 PM,0.123,0.256,0.082,0.114,
5/7/2013 6:00 PM,0.124,0.255,0.082,0.114,
5/7/2013 8:00 PM,0.122,0.259,0.078,0.113,
5/7/2013 10:00 PM,0.119,0.259,0.071,0.112,
5/8/2013 12:00 AM,0.117,0.258,0.070,0.110,
5/8/2013 2:00 AM,0.116,0.258,0.068,0.110,
5/8/2013 4:00 AM,0.115,0.259,0.066,0.110,
5/8/2013 6:00 AM,0.114,0.258,0.065,0.110,
5/8/2013 8:00 AM,0.114,0.254,0.066,0.108,
5/8/2013 10:00 AM,0.117,0.247,0.073,0.110,
5/8/2013 12:00 PM,0.121,0.246,0.078,0.111,
5/8/2013 2:00 PM,0.123,0.250,0.083,0.113,
5/8/2013 4:00 PM,0.124,0.253,0.084,0.113,
5/8/2013 6:00 PM,0.120,0.257,0.074,0.111,
5/8/2013 8:00 PM,0.120,0.254,0.074,0.110,
5/8/2013 10:00 PM,0.117,0.256,0.068,0.109,
5/9/2013 12:00 AM,0.114,0.256,0.064,0.107,
5/9/2013 2:00 AM,0.113,0.256,0.063,0.107,
5/9/2013 4:00 AM,0.112,0.255,0.063,0.107,
5/9/2013 6:00 AM,0.112,0.254,0.062,0.106,
5/9/2013 8:00 AM,0.112,0.251,0.064,0.106,
5/9/2013 10:00 AM,0.115,0.244,0.070,0.108,
5/9/2013 12:00 PM,0.119,0.242,0.076,0.110,
5/9/2013 2:00 PM,0.122,0.245,0.083,0.111,
5/9/2013 4:00 PM,0.123,0.249,0.086,0.113,
5/9/2013 6:00 PM,0.123,0.250,0.082,0.112,
5/9/2013 8:00 PM,0.119,0.253,0.075,0.110,
5/9/2013 10:00 PM,0.114,0.254,0.065,0.107,
5/10/2013 12:00 AM,0.112,0.251,0.064,0.105,
5/10/2013 2:00 AM,0.110,0.251,0.063,0.104,
5/10/2013 4:00 AM,0.110,0.251,0.061,0.104,
5/10/2013 6:00 AM,0.109,0.249,0.060,0.103,
5/10/2013 8:00 AM,0.109,0.246,0.062,0.103,
5/10/2013 10:00 AM,0.113,0.239,0.068,0.105,
5/10/2013 12:00 PM,0.116,0.237,0.074,0.107,
5/10/2013 2:00 PM,0.120,0.240,0.080,0.108,
5/10/2013 4:00 PM,0.121,0.244,0.084,0.110,
5/10/2013 6:00 PM,0.120,0.245,0.081,0.109,
5/10/2013 8:00 PM,0.117,0.248,0.074,0.107,
5/10/2013 10:00 PM,0.112,0.250,0.063,0.104,
5/11/2013 12:00 AM,0.108,0.248,0.058,0.101,
5/11/2013 2:00 AM,0.107,0.247,0.058,0.100,
5/11/2013 4:00 AM,0.106,0.246,0.056,0.099,
5/11/2013 6:00 AM,0.105,0.246,0.054,0.099,
5/11/2013 8:00 AM,0.104,0.242,0.055,0.099,
5/11/2013 10:00 AM,0.108,0.230,0.065,0.101,
5/11/2013 12:00 PM,0.114,0.226,0.074,0.103,
5/11/2013 2:00 PM,0.117,0.230,0.082,0.106,
5/11/2013 4:00 PM,0.119,0.235,0.083,0.107,
5/11/2013 6:00 PM,0.117,0.236,0.080,0.106,
5/11/2013 8:00 PM,0.114,0.241,0.073,0.104,
5/11/2013 10:00 PM,0.108,0.243,0.059,0.100,
5/12/2013 12:00 AM,0.105,0.242,0.055,0.098,
5/12/2013 2:00 AM,0.102,0.243,0.052,0.096,
5/12/2013 4:00 AM,0.101,0.243,0.050,0.095,
5/12/2013 6:00 AM,0.100,0.242,0.049,0.094,
5/12/2013 8:00 AM,0.100,0.236,0.051,0.094,
5/12/2013 10:00 AM,0.105,0.220,0.063,0.098,
5/12/2013 12:00 PM,0.111,0.215,0.071,0.100,
5/12/2013 2:00 PM,0.115,0.222,0.078,0.103,
5/12/2013 4:00 PM,0.117,0.228,0.082,0.105,
5/12/2013 6:00 PM,0.116,0.230,0.078,0.104,
5/12/2013 8:00 PM,0.112,0.234,0.070,0.101,
5/12/2013 10:00 PM,0.106,0.236,0.060,0.096,
5/13/2013 12:00 AM,0.103,0.235,0.056,0.094,
5/13/2013 2:00 AM,0.100,0.235,0.052,0.092,
5/13/2013 4:00 AM,0.099,0.236,0.049,0.091,
5/13/2013 6:00 AM,0.097,0.233,0.050,0.090,
5/13/2013 8:00 AM,0.098,0.228,0.050,0.091,
5/13/2013 10:00 AM,0.103,0.211,0.064,0.096,
5/13/2013 12:00 PM,0.109,0.208,0.069,0.098,
5/13/2013 2:00 PM,0.113,0.214,0.078,0.101,
5/13/2013 4:00 PM,0.114,0.219,0.081,0.102,
5/13/2013 6:00 PM,0.113,0.220,0.077,0.101,
5/13/2013 8:00 PM,0.109,0.225,0.069,0.099,
5/13/2013 10:00 PM,0.102,0.230,0.055,0.093,
5/14/2013 12:00 AM,0.099,0.230,0.050,0.090,
5/14/2013 2:00 AM,0.096,0.229,0.046,0.088,
5/14/2013 4:00 AM,0.095,0.227,0.045,0.087,
5/14/2013 6:00 AM,0.094,0.227,0.044,0.086,
5/14/2013 8:00 AM,0.094,0.220,0.046,0.086,
5/14/2013 10:00 AM,0.099,0.205,0.057,0.091,
5/14/2013 12:00 PM,0.103,0.202,0.061,0.093,
5/14/2013 2:00 PM,0.107,0.202,0.071,0.096,
5/14/2013 4:00 PM,0.110,0.207,0.078,0.099,
5/14/2013 6:00 PM,0.110,0.209,0.073,0.098,
5/14/2013 8:00 PM,0.106,0.215,0.064,0.095,
5/14/2013 10:00 PM,0.099,0.219,0.051,0.089,
5/15/2013 12:00 AM,0.097,0.213,0.051,0.088,
5/15/2013 2:00 AM,0.096,0.213,0.049,0.087,
5/15/2013 4:00 AM,0.094,0.213,0.047,0.086,
5/15/2013 6:00 AM,0.093,0.212,0.046,0.086,
5/15/2013 8:00 AM,0.093,0.208,0.047,0.086,
5/15/2013 10:00 AM,0.096,0.199,0.053,0.089,
5/15/2013 12:00 PM,0.101,0.194,0.058,0.091,
5/15/2013 2:00 PM,0.105,0.194,0.069,0.095,
5/15/2013 4:00 PM,0.108,0.198,0.074,0.096,
5/15/2013 6:00 PM,0.107,0.201,0.069,0.095,
5/15/2013 8:00 PM,0.102,0.209,0.057,0.091,
5/15/2013 10:00 PM,0.097,0.211,0.050,0.088,
5/16/2013 12:00 AM,0.095,0.208,0.048,0.086,
5/16/2013 2:00 AM,0.093,0.211,0.044,0.085,
5/16/2013 4:00 AM,0.090,0.212,0.041,0.083,
5/16/2013 6:00 AM,0.089,0.211,0.040,0.082,
5/16/2013 8:00 AM,0.089,0.204,0.042,0.082,
5/16/2013 10:00 AM,0.095,0.190,0.052,0.087,
5/16/2013 12:00 PM,0.099,0.187,0.058,0.089,
5/16/2013 2:00 PM,0.103,0.189,0.065,0.093,
5/16/2013 4:00 PM,0.101,0.197,0.059,0.090,
5/16/2013 6:00 PM,0.099,0.197,0.057,0.089,
5/16/2013 8:00 PM,0.096,0.205,0.050,0.088,
5/16/2013 10:00 PM,0.093,0.205,0.045,0.086,
5/17/2013 12:00 AM,0.092,0.203,0.044,0.085,
5/17/2013 2:00 AM,0.090,0.201,0.043,0.084,
5/17/2013 4:00 AM,0.089,0.201,0.042,0.083,
5/17/2013 6:00 AM,0.089,0.201,0.042,0.083,
5/17/2013 8:00 AM,0.089,0.199,0.042,0.083,
5/17/2013 10:00 AM,0.088,0.196,0.043,0.083,
5/17/2013 12:00 PM,0.089,0.191,0.048,0.084,
5/17/2013 2:00 PM,0.090,0.194,0.049,0.084,
5/17/2013 4:00 PM,0.093,0.186,0.053,0.082,
5/17/2013 6:00 PM,0.099,0.198,0.077,0.094,
5/17/2013 8:00 PM,0.099,0.194,0.083,0.105,
5/17/2013 10:00 PM,0.126,0.231,0.124,0.158,
5/18/2013 12:00 AM,0.181,0.268,0.175,0.221,
5/18/2013 2:00 AM,0.194,0.279,0.188,0.245,
5/18/2013 4:00 AM,0.199,0.279,0.192,0.254,
5/18/2013 6:00 AM,0.208,0.282,0.199,0.266,
5/18/2013 8:00 AM,0.208,0.277,0.202,0.272,
5/18/2013 10:00 AM,0.203,0.272,0.190,0.272,
5/18/2013 12:00 PM,0.194,0.271,0.178,0.271,
5/18/2013 2:00 PM,0.189,0.273,0.171,0.269,
5/18/2013 4:00 PM,0.190,0.275,0.178,0.267,
5/18/2013 6:00 PM,0.184,0.272,0.165,0.266,
5/18/2013 8:00 PM,0.182,0.271,0.160,0.263,
5/18/2013 10:00 PM,0.180,0.268,0.156,0.261,
5/19/2013 12:00 AM,0.178,0.265,0.153,0.260,
5/19/2013 2:00 AM,0.178,0.263,0.151,0.258,
5/19/2013 4:00 AM,0.178,0.262,0.149,0.257,
5/19/2013 6:00 AM,0.177,0.260,0.149,0.256,
5/19/2013 8:00 AM,0.176,0.258,0.148,0.254,
5/19/2013 10:00 AM,0.173,0.255,0.146,0.253,
5/19/2013 12:00 PM,0.171,0.257,0.146,0.251,
5/19/2013 2:00 PM,0.170,0.261,0.146,0.250,
5/19/2013 4:00 PM,0.170,0.266,0.147,0.248,
5/19/2013 6:00 PM,0.169,0.265,0.146,0.248,
5/19/2013 8:00 PM,0.168,0.264,0.143,0.246,
5/19/2013 10:00 PM,0.166,0.261,0.140,0.245,
5/20/2013 12:00 AM,0.165,0.260,0.137,0.244,
5/20/2013 2:00 AM,0.165,0.258,0.134,0.243,
5/20/2013 4:00 AM,0.163,0.256,0.133,0.241,
5/20/2013 6:00 AM,0.162,0.254,0.133,0.240,
5/20/2013 8:00 AM,0.161,0.253,0.134,0.239,
5/20/2013 10:00 AM,0.160,0.251,0.133,0.238,
5/20/2013 12:00 PM,0.159,0.250,0.134,0.236,
5/20/2013 2:00 PM,0.162,0.255,0.137,0.235,
5/20/2013 4:00 PM,0.164,0.260,0.140,0.234,
5/20/2013 6:00 PM,0.165,0.262,0.140,0.235,
5/20/2013 8:00 PM,0.164,0.263,0.138,0.235,
5/20/2013 10:00 PM,0.162,0.261,0.132,0.236,
5/21/2013 12:00 AM,0.161,0.258,0.129,0.234,
5/21/2013 2:00 AM,0.159,0.256,0.126,0.233,
5/21/2013 4:00 AM,0.158,0.255,0.124,0.232,
5/21/2013 6:00 AM,0.158,0.253,0.123,0.231,
5/21/2013 8:00 AM,0.156,0.250,0.124,0.229,
5/21/2013 10:00 AM,0.155,0.243,0.127,0.226,
5/21/2013 12:00 PM,0.156,0.246,0.129,0.225,
5/21/2013 2:00 PM,0.158,0.253,0.131,0.224,
5/21/2013 4:00 PM,0.158,0.256,0.132,0.225,
5/21/2013 6:00 PM,0.158,0.257,0.131,0.225,
5/21/2013 8:00 PM,0.156,0.258,0.129,0.225,
5/21/2013 10:00 PM,0.155,0.257,0.125,0.225,
5/22/2013 12:00 AM,0.153,0.255,0.122,0.224,
5/22/2013 2:00 AM,0.152,0.254,0.121,0.223,
5/22/2013 4:00 AM,0.151,0.253,0.119,0.222,
5/22/2013 6:00 AM,0.150,0.253,0.116,0.222,
5/22/2013 8:00 AM,0.149,0.252,0.114,0.221,
5/22/2013 10:00 AM,0.148,0.248,0.115,0.219,
5/22/2013 12:00 PM,0.148,0.245,0.117,0.217,
5/22/2013 2:00 PM,0.148,0.245,0.119,0.216,
5/22/2013 4:00 PM,0.148,0.248,0.121,0.215,
5/22/2013 6:00 PM,0.149,0.252,0.117,0.218,
5/22/2013 8:00 PM,0.147,0.252,0.114,0.218,
5/22/2013 10:00 PM,0.145,0.251,0.110,0.218,
5/23/2013 12:00 AM,0.144,0.250,0.108,0.217,
5/23/2013 2:00 AM,0.143,0.248,0.107,0.216,
5/23/2013 4:00 AM,0.142,0.247,0.105,0.215,
5/23/2013 6:00 AM,0.142,0.246,0.105,0.215,
5/23/2013 8:00 AM,0.140,0.243,0.105,0.213,
5/23/2013 10:00 AM,0.140,0.236,0.107,0.211,
5/23/2013 12:00 PM,0.141,0.236,0.111,0.211,
5/23/2013 2:00 PM,0.143,0.241,0.115,0.210,
5/23/2013 4:00 PM,0.145,0.248,0.120,0.209,
5/23/2013 6:00 PM,0.145,0.252,0.118,0.211,
5/23/2013 8:00 PM,0.144,0.254,0.112,0.212,
5/23/2013 10:00 PM,0.142,0.251,0.107,0.212,
5/24/2013 12:00 AM,0.140,0.249,0.105,0.212,
5/24/2013 2:00 AM,0.139,0.250,0.102,0.212,
5/24/2013 4:00 AM,0.138,0.249,0.099,0.211,
5/24/2013 6:00 AM,0.137,0.248,0.098,0.211,
5/24/2013 8:00 AM,0.136,0.242,0.099,0.208,
5/24/2013 10:00 AM,0.135,0.230,0.105,0.204,
5/24/2013 12:00 PM,0.137,0.231,0.107,0.204,
5/24/2013 2:00 PM,0.140,0.236,0.113,0.203,
5/24/2013 4:00 PM,0.142,0.244,0.117,0.203,
5/24/2013 6:00 PM,0.142,0.246,0.116,0.204,
5/24/2013 8:00 PM,0.140,0.249,0.111,0.205,
5/24/2013 10:00 PM,0.138,0.248,0.104,0.207,
5/25/2013 12:00 AM,0.135,0.246,0.100,0.206,
5/25/2013 2:00 AM,0.134,0.245,0.098,0.206,
5/25/2013 4:00 AM,0.132,0.245,0.096,0.205,
5/25/2013 6:00 AM,0.131,0.243,0.095,0.205,
5/25/2013 8:00 AM,0.130,0.237,0.096,0.202,
5/25/2013 10:00 AM,0.132,0.225,0.104,0.197,
5/25/2013 12:00 PM,0.134,0.227,0.107,0.197,
5/25/2013 2:00 PM,0.136,0.235,0.111,0.196,
5/25/2013 4:00 PM,0.138,0.240,0.114,0.194,
5/25/2013 6:00 PM,0.139,0.241,0.114,0.195,
5/25/2013 8:00 PM,0.136,0.245,0.107,0.197,
5/25/2013 10:00 PM,0.132,0.244,0.099,0.199,
5/26/2013 12:00 AM,0.130,0.240,0.097,0.198,
5/26/2013 2:00 AM,0.129,0.238,0.095,0.197,
5/26/2013 4:00 AM,0.127,0.237,0.093,0.196,
5/26/2013 6:00 AM,0.126,0.238,0.089,0.197,
5/26/2013 8:00 AM,0.125,0.233,0.090,0.195,
5/26/2013 10:00 AM,0.126,0.224,0.096,0.191,
5/26/2013 12:00 PM,0.129,0.221,0.101,0.189,
5/26/2013 2:00 PM,0.132,0.225,0.107,0.187,
5/26/2013 4:00 PM,0.134,0.230,0.108,0.186,
5/26/2013 6:00 PM,0.133,0.234,0.106,0.187,
5/26/2013 8:00 PM,0.130,0.237,0.099,0.189,
5/26/2013 10:00 PM,0.128,0.235,0.094,0.190,
5/27/2013 12:00 AM,0.126,0.233,0.092,0.189,
5/27/2013 2:00 AM,0.124,0.232,0.089,0.189,
5/27/2013 4:00 AM,0.122,0.231,0.086,0.189,
5/27/2013 6:00 AM,0.120,0.232,0.084,0.189,
5/27/2013 8:00 AM,0.120,0.225,0.085,0.186,
5/27/2013 10:00 AM,0.122,0.214,0.091,0.182,
5/27/2013 12:00 PM,0.124,0.213,0.093,0.182,
5/27/2013 2:00 PM,0.127,0.217,0.099,0.179,
5/27/2013 4:00 PM,0.130,0.222,0.103,0.178,
5/27/2013 6:00 PM,0.129,0.227,0.099,0.180,
5/27/2013 8:00 PM,0.126,0.229,0.092,0.181,
5/27/2013 10:00 PM,0.122,0.229,0.085,0.182,
5/28/2013 12:00 AM,0.121,0.227,0.083,0.180,
5/28/2013 2:00 AM,0.119,0.225,0.082,0.180,
5/28/2013 4:00 AM,0.117,0.224,0.081,0.179,
5/28/2013 6:00 AM,0.117,0.222,0.080,0.179,
5/28/2013 8:00 AM,0.120,0.223,0.093,0.178,
5/28/2013 10:00 AM,0.128,0.223,0.122,0.182,
5/28/2013 12:00 PM,0.120,0.218,0.093,0.183,
5/28/2013 2:00 PM,0.123,0.216,0.107,0.180,
5/28/2013 4:00 PM,0.123,0.215,0.096,0.180,
5/28/2013 6:00 PM,0.129,0.228,0.113,0.184,
5/28/2013 8:00 PM,0.136,0.238,0.140,0.199,
5/28/2013 10:00 PM,0.133,0.227,0.141,0.205,
5/29/2013 12:00 AM,0.132,0.225,0.142,0.206,
5/29/2013 2:00 AM,0.130,0.219,0.131,0.205,
5/29/2013 4:00 AM,0.124,0.219,0.110,0.204,
5/29/2013 6:00 AM,0.123,0.220,0.106,0.204,
5/29/2013 8:00 AM,0.124,0.217,0.105,0.203,
5/29/2013 10:00 AM,0.127,0.212,0.105,0.201,
5/29/2013 12:00 PM,0.130,0.212,0.104,0.199,
5/29/2013 2:00 PM,0.133,0.219,0.106,0.197,
5/29/2013 4:00 PM,0.136,0.221,0.111,0.195,
5/29/2013 6:00 PM,0.135,0.228,0.106,0.197,
5/29/2013 8:00 PM,0.132,0.229,0.101,0.196,
5/29/2013 10:00 PM,0.128,0.230,0.095,0.197,
5/30/2013 12:00 AM,0.126,0.228,0.092,0.197,
5/30/2013 2:00 AM,0.124,0.226,0.089,0.196,
5/30/2013 4:00 AM,0.122,0.225,0.088,0.195,
5/30/2013 6:00 AM,0.120,0.223,0.087,0.195,
5/30/2013 8:00 AM,0.120,0.217,0.089,0.193,
5/30/2013 10:00 AM,0.123,0.212,0.094,0.191,
5/30/2013 12:00 PM,0.126,0.210,0.097,0.190,
5/30/2013 2:00 PM,0.130,0.211,0.104,0.188,
5/30/2013 4:00 PM,0.132,0.219,0.107,0.187,
5/30/2013 6:00 PM,0.132,0.220,0.107,0.188,
5/30/2013 8:00 PM,0.129,0.228,0.100,0.189,
5/30/2013 10:00 PM,0.124,0.228,0.089,0.191,
5/31/2013 12:00 AM,0.120,0.226,0.086,0.190,
5/31/2013 2:00 AM,0.119,0.225,0.084,0.190,
5/31/2013 4:00 AM,0.117,0.223,0.082,0.189,
5/31/2013 6:00 AM,0.115,0.222,0.082,0.189,
5/31/2013 8:00 AM,0.115,0.216,0.082,0.186,
5/31/2013 10:00 AM,0.118,0.206,0.088,0.183,
5/31/2013 12:00 PM,0.122,0.205,0.091,0.182,
5/31/2013 2:00 PM,0.125,0.210,0.097,0.181,
5/31/2013 4:00 PM,0.128,0.214,0.102,0.179,
5/31/2013 6:00 PM,0.128,0.215,0.101,0.180,
5/31/2013 8:00 PM,0.125,0.223,0.093,0.180,
5/31/2013 10:00 PM,0.120,0.223,0.084,0.183,
6/1/2013 12:00 AM,0.116,0.223,0.078,0.183,
6/1/2013 2:00 AM,0.113,0.222,0.076,0.183,
6/1/2013 4:00 AM,0.111,0.221,0.074,0.182,
6/1/2013 6:00 AM,0.110,0.220,0.074,0.182,
6/1/2013 8:00 AM,0.110,0.211,0.076,0.178,
6/1/2013 10:00 AM,0.114,0.198,0.083,0.173,
6/1/2013 12:00 PM,0.118,0.198,0.087,0.173,
6/1/2013 2:00 PM,0.122,0.201,0.095,0.171,
6/1/2013 4:00 PM,0.125,0.206,0.099,0.170,
6/1/2013 6:00 PM,0.125,0.209,0.096,0.171,
6/1/2013 8:00 PM,0.122,0.213,0.090,0.171,
6/1/2013 10:00 PM,0.117,0.215,0.081,0.173,
6/2/2013 12:00 AM,0.113,0.217,0.074,0.174,
6/2/2013 2:00 AM,0.110,0.215,0.072,0.173,
6/2/2013 4:00 AM,0.107,0.214,0.070,0.173,
6/2/2013 6:00 AM,0.106,0.213,0.069,0.173,
6/2/2013 8:00 AM,0.107,0.203,0.073,0.168,
6/2/2013 10:00 AM,0.112,0.191,0.083,0.162,
6/2/2013 12:00 PM,0.117,0.191,0.087,0.162,
6/2/2013 2:00 PM,0.121,0.195,0.096,0.160,
6/2/2013 4:00 PM,0.124,0.201,0.099,0.159,
6/2/2013 6:00 PM,0.124,0.201,0.098,0.159,
6/2/2013 8:00 PM,0.120,0.206,0.090,0.159,
6/2/2013 10:00 PM,0.115,0.205,0.082,0.161,
6/3/2013 12:00 AM,0.112,0.205,0.076,0.161,
6/3/2013 2:00 AM,0.110,0.204,0.073,0.159,
6/3/2013 4:00 AM,0.107,0.202,0.071,0.159,
6/3/2013 6:00 AM,0.105,0.203,0.068,0.159,
6/3/2013 8:00 AM,0.105,0.197,0.068,0.156,
6/3/2013 10:00 AM,0.107,0.189,0.074,0.153,
6/3/2013 12:00 PM,0.111,0.186,0.078,0.152,
6/3/2013 2:00 PM,0.115,0.189,0.085,0.151,
6/3/2013 4:00 PM,0.117,0.193,0.089,0.150,
6/3/2013 6:00 PM,0.118,0.193,0.089,0.150,
6/3/2013 8:00 PM,0.115,0.200,0.081,0.149,
6/3/2013 10:00 PM,0.109,0.201,0.070,0.150,
6/4/2013 12:00 AM,0.105,0.201,0.065,0.150,
6/4/2013 2:00 AM,0.102,0.199,0.063,0.149,
6/4/2013 4:00 AM,0.099,0.198,0.060,0.149,
6/4/2013 6:00 AM,0.098,0.197,0.059,0.148,
6/4/2013 8:00 AM,0.098,0.187,0.062,0.145,
6/4/2013 10:00 AM,0.104,0.177,0.072,0.142,
6/4/2013 12:00 PM,0.108,0.178,0.074,0.142,
6/4/2013 2:00 PM,0.113,0.180,0.083,0.142,
6/4/2013 4:00 PM,0.115,0.184,0.088,0.142,
6/4/2013 6:00 PM,0.116,0.186,0.086,0.141,
6/4/2013 8:00 PM,0.113,0.190,0.078,0.140,
6/4/2013 10:00 PM,0.107,0.189,0.069,0.140,
6/5/2013 12:00 AM,0.103,0.189,0.064,0.138,
6/5/2013 2:00 AM,0.100,0.189,0.060,0.138,
6/5/2013 4:00 AM,0.098,0.186,0.059,0.136,
6/5/2013 6:00 AM,0.096,0.185,0.058,0.136,
6/5/2013 8:00 AM,0.096,0.179,0.059,0.134,
6/5/2013 10:00 AM,0.102,0.172,0.067,0.133,
6/5/2013 12:00 PM,0.107,0.171,0.072,0.133,
6/5/2013 2:00 PM,0.110,0.174,0.079,0.134,
6/5/2013 4:00 PM,0.113,0.178,0.084,0.134,
6/5/2013 6:00 PM,0.114,0.179,0.083,0.133,
6/5/2013 8:00 PM,0.111,0.182,0.077,0.132,
6/5/2013 10:00 PM,0.105,0.183,0.065,0.131,
6/6/2013 12:00 AM,0.100,0.184,0.058,0.129,
6/6/2013 2:00 AM,0.097,0.182,0.055,0.128,
6/6/2013 4:00 AM,0.095,0.180,0.054,0.126,
6/6/2013 6:00 AM,0.093,0.179,0.052,0.126,
6/6/2013 8:00 AM,0.094,0.172,0.056,0.124,
6/6/2013 10:00 AM,0.100,0.164,0.068,0.124,
6/6/2013 12:00 PM,0.105,0.166,0.072,0.126,
6/6/2013 2:00 PM,0.110,0.169,0.080,0.126,
6/6/2013 4:00 PM,0.113,0.173,0.086,0.127,
6/6/2013 6:00 PM,0.113,0.174,0.082,0.126,
6/6/2013 8:00 PM,0.107,0.175,0.072,0.124,
6/6/2013 10:00 PM,0.104,0.175,0.064,0.122,
6/7/2013 12:00 AM,0.099,0.175,0.057,0.120,
6/7/2013 2:00 AM,0.095,0.173,0.054,0.119,
6/7/2013 4:00 AM,0.093,0.171,0.051,0.117,
6/7/2013 6:00 AM,0.091,0.170,0.051,0.116,
6/7/2013 8:00 AM,0.092,0.164,0.054,0.115,
6/7/2013 10:00 AM,0.099,0.158,0.068,0.117,
6/7/2013 12:00 PM,0.105,0.161,0.072,0.119,
6/7/2013 2:00 PM,0.108,0.164,0.080,0.120,
6/7/2013 4:00 PM,0.111,0.168,0.084,0.121,
6/7/2013 6:00 PM,0.112,0.169,0.082,0.120,
6/7/2013 8:00 PM,0.107,0.170,0.074,0.118,
6/7/2013 10:00 PM,0.101,0.169,0.061,0.115,
6/8/2013 12:00 AM,0.096,0.168,0.053,0.113,
6/8/2013 2:00 AM,0.093,0.165,0.051,0.110,
6/8/2013 4:00 AM,0.093,0.161,0.052,0.110,
6/8/2013 6:00 AM,0.092,0.161,0.052,0.109,
6/8/2013 8:00 AM,0.092,0.158,0.053,0.109,
6/8/2013 10:00 AM,0.096,0.155,0.061,0.111,
6/8/2013 12:00 PM,0.101,0.156,0.064,0.111,
6/8/2013 2:00 PM,0.105,0.159,0.072,0.113,
6/8/2013 4:00 PM,0.107,0.162,0.078,0.114,
6/8/2013 6:00 PM,0.109,0.162,0.078,0.113,
6/8/2013 8:00 PM,0.105,0.164,0.071,0.112,
6/8/2013 10:00 PM,0.098,0.164,0.057,0.108,
6/9/2013 12:00 AM,0.093,0.162,0.050,0.105,
6/9/2013 2:00 AM,0.089,0.159,0.046,0.102,
6/9/2013 4:00 AM,0.087,0.156,0.045,0.102,
6/9/2013 6:00 AM,0.086,0.156,0.043,0.101,
6/9/2013 8:00 AM,0.086,0.151,0.048,0.101,
6/9/2013 10:00 AM,0.094,0.147,0.061,0.105,
6/9/2013 12:00 PM,0.099,0.150,0.065,0.107,
6/9/2013 2:00 PM,0.104,0.154,0.074,0.110,
6/9/2013 4:00 PM,0.107,0.158,0.079,0.110,
6/9/2013 6:00 PM,0.107,0.158,0.078,0.110,
6/9/2013 8:00 PM,0.102,0.159,0.066,0.107,
6/9/2013 10:00 PM,0.097,0.157,0.058,0.104,
6/10/2013 12:00 AM,0.095,0.155,0.058,0.103,
6/10/2013 2:00 AM,0.092,0.153,0.053,0.102,
6/10/2013 4:00 AM,0.089,0.153,0.051,0.100,
6/10/2013 6:00 AM,0.088,0.151,0.049,0.099,
6/10/2013 8:00 AM,0.089,0.148,0.051,0.099,
6/10/2013 10:00 AM,0.094,0.147,0.060,0.102,
6/10/2013 12:00 PM,0.098,0.148,0.064,0.103,
6/10/2013 2:00 PM,0.099,0.150,0.065,0.103,
6/10/2013 4:00 PM,0.102,0.150,0.069,0.105,
6/10/2013 6:00 PM,0.102,0.151,0.069,0.104,
6/10/2013 8:00 PM,0.099,0.151,0.062,0.102,
6/10/2013 10:00 PM,0.093,0.148,0.053,0.099,
6/11/2013 12:00 AM,0.091,0.147,0.050,0.097,
6/11/2013 2:00 AM,0.089,0.145,0.047,0.096,
6/11/2013 4:00 AM,0.086,0.144,0.044,0.093,
6/11/2013 6:00 AM,0.084,0.143,0.042,0.093,
6/11/2013 8:00 AM,0.085,0.141,0.042,0.093,
6/11/2013 10:00 AM,0.090,0.140,0.051,0.095,
6/11/2013 12:00 PM,0.095,0.142,0.055,0.097,
6/11/2013 2:00 PM,0.099,0.145,0.064,0.099,
6/11/2013 4:00 PM,0.101,0.147,0.067,0.101,
6/11/2013 6:00 PM,0.100,0.148,0.064,0.099,
6/11/2013 8:00 PM,0.096,0.148,0.057,0.097,
6/11/2013 10:00 PM,0.091,0.145,0.049,0.094,
6/12/2013 12:00 AM,0.089,0.143,0.047,0.093,
6/12/2013 2:00 AM,0.086,0.142,0.043,0.091,
6/12/2013 4:00 AM,0.083,0.142,0.039,0.089,
6/12/2013 6:00 AM,0.081,0.140,0.037,0.087,
6/12/2013 8:00 AM,0.082,0.136,0.040,0.088,
6/12/2013 10:00 AM,0.089,0.135,0.051,0.093,
6/12/2013 12:00 PM,0.093,0.138,0.054,0.095,
6/12/2013 2:00 PM,0.097,0.141,0.063,0.097,
6/12/2013 4:00 PM,0.099,0.143,0.064,0.098,
6/12/2013 6:00 PM,0.099,0.144,0.064,0.097,
6/12/2013 8:00 PM,0.096,0.144,0.057,0.095,
6/12/2013 10:00 PM,0.089,0.142,0.048,0.091,
6/13/2013 12:00 AM,0.086,0.138,0.044,0.089,
6/13/2013 2:00 AM,0.083,0.137,0.042,0.087,
6/13/2013 4:00 AM,0.081,0.136,0.039,0.086,
6/13/2013 6:00 AM,0.080,0.134,0.038,0.085,
6/13/2013 8:00 AM,0.082,0.132,0.042,0.086,
6/13/2013 10:00 AM,0.086,0.132,0.051,0.090,
6/13/2013 12:00 PM,0.091,0.134,0.054,0.092,
6/13/2013 2:00 PM,0.094,0.138,0.061,0.094,
6/13/2013 4:00 PM,0.095,0.140,0.062,0.095,
6/13/2013 6:00 PM,0.091,0.140,0.054,0.091,
6/13/2013 8:00 PM,0.086,0.139,0.046,0.088,
6/13/2013 10:00 PM,0.082,0.136,0.042,0.085,
6/14/2013 12:00 AM,0.079,0.135,0.037,0.083,
6/14/2013 2:00 AM,0.078,0.132,0.036,0.082,
6/14/2013 4:00 AM,0.076,0.132,0.033,0.080,
6/14/2013 6:00 AM,0.073,0.132,0.030,0.078,
6/14/2013 8:00 AM,0.074,0.128,0.031,0.079,
6/14/2013 10:00 AM,0.078,0.128,0.039,0.083,
6/14/2013 12:00 PM,0.083,0.130,0.041,0.085,
6/14/2013 2:00 PM,0.087,0.134,0.051,0.088,
6/14/2013 4:00 PM,0.090,0.136,0.054,0.089,
6/14/2013 6:00 PM,0.090,0.137,0.053,0.089,
6/14/2013 8:00 PM,0.088,0.136,0.048,0.087,
6/14/2013 10:00 PM,0.082,0.135,0.038,0.082,
6/15/2013 12:00 AM,0.077,0.133,0.032,0.079,
6/15/2013 2:00 AM,0.074,0.131,0.030,0.078,
6/15/2013 4:00 AM,0.074,0.129,0.031,0.078,
6/15/2013 6:00 AM,0.072,0.128,0.030,0.077,
6/15/2013 8:00 AM,0.072,0.127,0.030,0.077,
6/15/2013 10:00 AM,0.076,0.126,0.036,0.081,
6/15/2013 12:00 PM,0.082,0.128,0.042,0.083,
6/15/2013 2:00 PM,0.088,0.131,0.052,0.088,
6/15/2013 4:00 PM,0.090,0.134,0.056,0.089,
6/15/2013 6:00 PM,0.092,0.135,0.058,0.089,
6/15/2013 8:00 PM,0.089,0.135,0.051,0.088,
6/15/2013 10:00 PM,0.082,0.134,0.041,0.083,
6/16/2013 12:00 AM,0.078,0.132,0.035,0.080,
6/16/2013 2:00 AM,0.074,0.130,0.030,0.078,
6/16/2013 4:00 AM,0.072,0.128,0.029,0.076,
6/16/2013 6:00 AM,0.070,0.128,0.028,0.075,
6/16/2013 8:00 AM,0.073,0.124,0.032,0.077,
6/16/2013 10:00 AM,0.080,0.125,0.044,0.084,
6/16/2013 12:00 PM,0.086,0.128,0.049,0.086,
6/16/2013 2:00 PM,0.090,0.132,0.058,0.089,
6/16/2013 4:00 PM,0.093,0.136,0.063,0.091,
6/16/2013 6:00 PM,0.094,0.136,0.062,0.090,
6/16/2013 8:00 PM,0.091,0.136,0.055,0.089,
6/16/2013 10:00 PM,0.082,0.134,0.040,0.082,
6/17/2013 12:00 AM,0.077,0.131,0.034,0.079,
6/17/2013 2:00 AM,0.074,0.129,0.030,0.076,
6/17/2013 4:00 AM,0.072,0.128,0.029,0.075,
6/17/2013 6:00 AM,0.070,0.126,0.028,0.074,
6/17/2013 8:00 AM,0.072,0.124,0.030,0.075,
6/17/2013 10:00 AM,0.079,0.124,0.043,0.082,
6/17/2013 12:00 PM,0.085,0.127,0.048,0.085,
6/17/2013 2:00 PM,0.090,0.130,0.058,0.089,
6/17/2013 4:00 PM,0.093,0.134,0.064,0.090,
6/17/2013 6:00 PM,0.093,0.134,0.062,0.089,
6/17/2013 8:00 PM,0.089,0.133,0.054,0.087,
6/17/2013 10:00 PM,0.082,0.132,0.040,0.081,
6/18/2013 12:00 AM,0.076,0.129,0.032,0.077,
6/18/2013 2:00 AM,0.073,0.126,0.029,0.074,
6/18/2013 4:00 AM,0.071,0.125,0.027,0.073,
6/18/2013 6:00 AM,0.069,0.124,0.025,0.071,
6/18/2013 8:00 AM,0.071,0.122,0.030,0.074,
6/18/2013 10:00 AM,0.078,0.123,0.043,0.081,
6/18/2013 12:00 PM,0.085,0.126,0.048,0.082,
6/18/2013 2:00 PM,0.089,0.130,0.058,0.086,
6/18/2013 4:00 PM,0.093,0.132,0.063,0.089,
6/18/2013 6:00 PM,0.093,0.133,0.062,0.088,
6/18/2013 8:00 PM,0.089,0.132,0.054,0.086,
6/18/2013 10:00 PM,0.082,0.130,0.042,0.081,
6/19/2013 12:00 AM,0.079,0.128,0.040,0.079,
6/19/2013 2:00 AM,0.078,0.125,0.037,0.078,
6/19/2013 4:00 AM,0.074,0.124,0.030,0.075,
6/19/2013 6:00 AM,0.071,0.123,0.027,0.073,
6/19/2013 8:00 AM,0.071,0.120,0.028,0.073,
6/19/2013 10:00 AM,0.076,0.121,0.037,0.078,
6/19/2013 12:00 PM,0.080,0.124,0.040,0.078,
6/19/2013 2:00 PM,0.084,0.128,0.047,0.081,
6/19/2013 4:00 PM,0.085,0.131,0.049,0.082,
6/19/2013 6:00 PM,0.083,0.132,0.047,0.080,
6/19/2013 8:00 PM,0.079,0.130,0.039,0.078,
6/19/2013 10:00 PM,0.074,0.126,0.030,0.074,
6/20/2013 12:00 AM,0.070,0.123,0.028,0.072,
6/20/2013 2:00 AM,0.069,0.121,0.025,0.070,
6/20/2013 4:00 AM,0.066,0.120,0.023,0.069,
6/20/2013 6:00 AM,0.064,0.120,0.021,0.068,
6/20/2013 8:00 AM,0.065,0.118,0.022,0.069,
6/20/2013 10:00 AM,0.070,0.118,0.030,0.073,
6/20/2013 12:00 PM,0.076,0.121,0.034,0.075,
6/20/2013 2:00 PM,0.081,0.124,0.043,0.079,
6/20/2013 4:00 PM,0.084,0.127,0.050,0.082,
6/20/2013 6:00 PM,0.086,0.128,0.051,0.081,
6/20/2013 8:00 PM,0.082,0.127,0.043,0.080,
6/20/2013 10:00 PM,0.075,0.125,0.031,0.074,
6/21/2013 12:00 AM,0.070,0.122,0.026,0.071,
6/21/2013 2:00 AM,0.069,0.120,0.027,0.071,
6/21/2013 4:00 AM,0.069,0.120,0.026,0.070,
6/21/2013 6:00 AM,0.066,0.119,0.024,0.069,
6/21/2013 8:00 AM,0.067,0.117,0.025,0.069,
6/21/2013 10:00 AM,0.072,0.118,0.032,0.074,
6/21/2013 12:00 PM,0.077,0.121,0.037,0.076,
6/21/2013 2:00 PM,0.082,0.124,0.048,0.081,
6/21/2013 4:00 PM,0.086,0.128,0.053,0.083,
6/21/2013 6:00 PM,0.086,0.129,0.052,0.082,
6/21/2013 8:00 PM,0.082,0.127,0.044,0.080,
6/21/2013 10:00 PM,0.075,0.124,0.032,0.074,
6/22/2013 12:00 AM,0.072,0.121,0.030,0.073,
6/22/2013 2:00 AM,0.069,0.120,0.028,0.071,
6/22/2013 4:00 AM,0.068,0.119,0.027,0.070,
6/22/2013 6:00 AM,0.066,0.118,0.025,0.069,
6/22/2013 8:00 AM,0.067,0.117,0.026,0.069,
6/22/2013 10:00 AM,0.071,0.117,0.031,0.073,
6/22/2013 12:00 PM,0.077,0.120,0.037,0.076,
6/22/2013 2:00 PM,0.082,0.124,0.047,0.080,
6/22/2013 4:00 PM,0.085,0.128,0.052,0.082,
6/22/2013 6:00 PM,0.086,0.128,0.053,0.082,
6/22/2013 8:00 PM,0.083,0.127,0.046,0.080,
6/22/2013 10:00 PM,0.076,0.125,0.034,0.075,
6/23/2013 12:00 AM,0.071,0.122,0.029,0.072,
6/23/2013 2:00 AM,0.069,0.120,0.028,0.071,
6/23/2013 4:00 AM,0.066,0.119,0.024,0.069,
6/23/2013 6:00 AM,0.064,0.117,0.021,0.067,
6/23/2013 8:00 AM,0.065,0.115,0.024,0.069,
6/23/2013 10:00 AM,0.072,0.117,0.035,0.075,
6/23/2013 12:00 PM,0.078,0.120,0.040,0.078,
6/23/2013 2:00 PM,0.084,0.124,0.051,0.082,
6/23/2013 4:00 PM,0.087,0.127,0.054,0.084,
6/23/2013 6:00 PM,0.087,0.128,0.055,0.083,
6/23/2013 8:00 PM,0.085,0.127,0.049,0.082,
6/23/2013 10:00 PM,0.078,0.125,0.037,0.078,
6/24/2013 12:00 AM,0.074,0.123,0.034,0.075,
6/24/2013 2:00 AM,0.074,0.122,0.033,0.074,
6/24/2013 4:00 AM,0.071,0.121,0.030,0.072,
6/24/2013 6:00 AM,0.068,0.120,0.026,0.070,
6/24/2013 8:00 AM,0.069,0.118,0.029,0.071,
6/24/2013 10:00 AM,0.074,0.119,0.037,0.075,
6/24/2013 12:00 PM,0.079,0.121,0.042,0.078,
6/24/2013 2:00 PM,0.084,0.124,0.050,0.081,
6/24/2013 4:00 PM,0.082,0.126,0.047,0.080,
6/24/2013 6:00 PM,0.081,0.127,0.044,0.078,
6/24/2013 8:00 PM,0.077,0.126,0.037,0.076,
6/24/2013 10:00 PM,0.073,0.124,0.032,0.074,
6/25/2013 12:00 AM,0.071,0.122,0.030,0.072,
6/25/2013 2:00 AM,0.070,0.121,0.030,0.071,
6/25/2013 4:00 AM,0.069,0.120,0.029,0.070,
6/25/2013 6:00 AM,0.068,0.120,0.028,0.070,
6/25/2013 8:00 AM,0.068,0.119,0.028,0.070,
6/25/2013 10:00 AM,0.073,0.119,0.036,0.074,
6/25/2013 12:00 PM,0.080,0.122,0.042,0.078,
6/25/2013 2:00 PM,0.083,0.126,0.048,0.081,
6/25/2013 4:00 PM,0.087,0.128,0.056,0.084,
6/25/2013 6:00 PM,0.086,0.130,0.051,0.083,
6/25/2013 8:00 PM,0.082,0.128,0.045,0.081,
6/25/2013 10:00 PM,0.078,0.126,0.038,0.078,
6/26/2013 12:00 AM,0.073,0.124,0.031,0.074,
6/26/2013 2:00 AM,0.072,0.123,0.031,0.074,
6/26/2013 4:00 AM,0.070,0.122,0.030,0.073,
6/26/2013 6:00 AM,0.069,0.121,0.029,0.072,
6/26/2013 8:00 AM,0.069,0.120,0.030,0.073,
6/26/2013 10:00 AM,0.075,0.121,0.040,0.078,
6/26/2013 12:00 PM,0.081,0.123,0.043,0.080,
6/26/2013 2:00 PM,0.085,0.126,0.051,0.083,
6/26/2013 4:00 PM,0.089,0.128,0.059,0.086,
6/26/2013 6:00 PM,0.090,0.129,0.059,0.086,
6/26/2013 8:00 PM,0.086,0.128,0.051,0.084,
6/26/2013 10:00 PM,0.079,0.126,0.040,0.079,
6/27/2013 12:00 AM,0.076,0.124,0.036,0.077,
6/27/2013 2:00 AM,0.074,0.123,0.035,0.075,
6/27/2013 4:00 AM,0.072,0.122,0.032,0.074,
6/27/2013 6:00 AM,0.070,0.122,0.030,0.073,
6/27/2013 8:00 AM,0.071,0.120,0.032,0.074,
6/27/2013 10:00 AM,0.077,0.122,0.042,0.079,
6/27/2013 12:00 PM,0.082,0.124,0.048,0.082,
6/27/2013 2:00 PM,0.087,0.127,0.058,0.086,
6/27/2013 4:00 PM,0.091,0.129,0.064,0.088,
6/27/2013 6:00 PM,0.091,0.130,0.062,0.087,
6/27/2013 8:00 PM,0.088,0.129,0.056,0.086,
6/27/2013 10:00 PM,0.081,0.128,0.043,0.080,
6/28/2013 12:00 AM,0.075,0.126,0.035,0.076,
6/28/2013 2:00 AM,0.073,0.124,0.034,0.075,
6/28/2013 4:00 AM,0.073,0.123,0.034,0.074,
6/28/2013 6:00 AM,0.071,0.122,0.032,0.074,
6/28/2013 8:00 AM,0.073,0.121,0.035,0.075,
6/28/2013 10:00 AM,0.078,0.121,0.044,0.079,
6/28/2013 12:00 PM,0.083,0.123,0.049,0.082,
6/28/2013 2:00 PM,0.087,0.126,0.058,0.086,
6/28/2013 4:00 PM,0.091,0.128,0.064,0.088,
6/28/2013 6:00 PM,0.091,0.129,0.062,0.086,
6/28/2013 8:00 PM,0.086,0.128,0.052,0.083,
6/28/2013 10:00 PM,0.079,0.127,0.042,0.079,
6/29/2013 12:00 AM,0.076,0.125,0.038,0.076,
6/29/2013 2:00 AM,0.074,0.124,0.037,0.075,
6/29/2013 4:00 AM,0.071,0.123,0.031,0.073,
6/29/2013 6:00 AM,0.069,0.122,0.029,0.071,
6/29/2013 8:00 AM,0.071,0.120,0.032,0.073,
6/29/2013 10:00 AM,0.078,0.121,0.044,0.078,
6/29/2013 12:00 PM,0.084,0.123,0.050,0.082,
6/29/2013 2:00 PM,0.089,0.126,0.059,0.086,
6/29/2013 4:00 PM,0.091,0.128,0.064,0.087,
6/29/2013 6:00 PM,0.092,0.128,0.064,0.086,
6/29/2013 8:00 PM,0.087,0.128,0.055,0.084,
6/29/2013 10:00 PM,0.079,0.126,0.041,0.078,
6/30/2013 12:00 AM,0.076,0.123,0.038,0.076,
6/30/2013 2:00 AM,0.074,0.122,0.038,0.075,
6/30/2013 4:00 AM,0.073,0.121,0.035,0.074,
6/30/2013 6:00 AM,0.071,0.120,0.032,0.073,
6/30/2013 8:00 AM,0.072,0.119,0.034,0.073,
6/30/2013 10:00 AM,0.077,0.119,0.042,0.078,
6/30/2013 12:00 PM,0.082,0.121,0.047,0.080,
6/30/2013 2:00 PM,0.086,0.124,0.056,0.083,
6/30/2013 4:00 PM,0.089,0.126,0.062,0.086,
6/30/2013 6:00 PM,0.090,0.126,0.062,0.085,
6/30/2013 8:00 PM,0.087,0.126,0.054,0.083,
6/30/2013 10:00 PM,0.079,0.124,0.042,0.078,
7/1/2013 12:00 AM,0.074,0.122,0.035,0.074,
7/1/2013 2:00 AM,0.069,0.121,0.029,0.071,
7/1/2013 4:00 AM,0.067,0.119,0.026,0.069,
7/1/2013 6:00 AM,0.065,0.117,0.025,0.068,
7/1/2013 8:00 AM,0.069,0.116,0.030,0.070,
7/1/2013 10:00 AM,0.076,0.117,0.042,0.076,
7/1/2013 12:00 PM,0.082,0.120,0.048,0.080,
7/1/2013 2:00 PM,0.086,0.123,0.057,0.083,
7/1/2013 4:00 PM,0.089,0.126,0.062,0.085,
7/1/2013 6:00 PM,0.089,0.126,0.060,0.084,
7/1/2013 8:00 PM,0.085,0.125,0.052,0.082,
7/1/2013 10:00 PM,0.077,0.123,0.039,0.075,
7/2/2013 12:00 AM,0.074,0.120,0.036,0.074,
7/2/2013 2:00 AM,0.074,0.119,0.036,0.074,
7/2/2013 4:00 AM,0.071,0.118,0.033,0.073,
7/2/2013 6:00 AM,0.069,0.117,0.030,0.071,
7/2/2013 8:00 AM,0.069,0.116,0.031,0.071,
7/2/2013 10:00 AM,0.076,0.117,0.042,0.076,
7/2/2013 12:00 PM,0.081,0.119,0.047,0.079,
7/2/2013 2:00 PM,0.085,0.121,0.055,0.082,
7/2/2013 4:00 PM,0.088,0.123,0.060,0.084,
7/2/2013 6:00 PM,0.089,0.124,0.060,0.084,
7/2/2013 8:00 PM,0.085,0.124,0.052,0.082,
7/2/2013 10:00 PM,0.078,0.122,0.040,0.076,
7/3/2013 12:00 AM,0.074,0.120,0.038,0.074,
7/3/2013 2:00 AM,0.073,0.118,0.036,0.074,
7/3/2013 4:00 AM,0.072,0.117,0.035,0.073,
7/3/2013 6:00 AM,0.070,0.117,0.032,0.071,
7/3/2013 8:00 AM,0.071,0.115,0.034,0.072,
7/3/2013 10:00 AM,0.074,0.116,0.040,0.074,
7/3/2013 12:00 PM,0.081,0.118,0.047,0.078,
7/3/2013 2:00 PM,0.085,0.120,0.055,0.082,
7/3/2013 4:00 PM,0.088,0.122,0.061,0.084,
7/3/2013 6:00 PM,0.089,0.124,0.060,0.084,
7/3/2013 8:00 PM,0.083,0.123,0.050,0.080,
7/3/2013 10:00 PM,0.078,0.120,0.042,0.076,
7/4/2013 12:00 AM,0.075,0.119,0.039,0.074,
7/4/2013 2:00 AM,0.081,0.128,0.056,0.077,
7/4/2013 4:00 AM,0.095,0.129,0.079,0.089,
7/4/2013 6:00 AM,0.091,0.131,0.064,0.089,
7/4/2013 8:00 AM,0.090,0.130,0.057,0.088,
7/4/2013 10:00 AM,0.093,0.129,0.061,0.089,
7/4/2013 12:00 PM,0.096,0.130,0.061,0.090,
7/4/2013 2:00 PM,0.099,0.134,0.068,0.093,
7/4/2013 4:00 PM,0.102,0.136,0.073,0.093,
7/4/2013 6:00 PM,0.102,0.136,0.069,0.092,
7/4/2013 8:00 PM,0.095,0.134,0.060,0.088,
7/4/2013 10:00 PM,0.087,0.132,0.049,0.083,
7/5/2013 12:00 AM,0.082,0.130,0.043,0.081,
7/5/2013 2:00 AM,0.093,0.138,0.069,0.085,
7/5/2013 4:00 AM,0.110,0.143,0.085,0.102,
7/5/2013 6:00 AM,0.102,0.138,0.068,0.101,
7/5/2013 8:00 AM,0.101,0.141,0.062,0.099,
7/5/2013 10:00 AM,0.104,0.141,0.065,0.100,
7/5/2013 12:00 PM,0.107,0.142,0.065,0.100,
7/5/2013 2:00 PM,0.111,0.145,0.074,0.103,
7/5/2013 4:00 PM,0.114,0.148,0.074,0.103,
7/5/2013 6:00 PM,0.107,0.148,0.064,0.099,
7/5/2013 8:00 PM,0.102,0.143,0.065,0.094,
7/5/2013 10:00 PM,0.096,0.143,0.053,0.093,
7/6/2013 12:00 AM,0.093,0.143,0.050,0.090,
7/6/2013 2:00 AM,0.091,0.142,0.046,0.089,
7/6/2013 4:00 AM,0.089,0.140,0.045,0.088,
7/6/2013 6:00 AM,0.088,0.140,0.044,0.087,
7/6/2013 8:00 AM,0.088,0.138,0.047,0.087,
7/6/2013 10:00 AM,0.094,0.137,0.057,0.091,
7/6/2013 12:00 PM,0.098,0.139,0.059,0.092,
7/6/2013 2:00 PM,0.102,0.141,0.066,0.094,
7/6/2013 4:00 PM,0.104,0.142,0.069,0.096,
7/6/2013 6:00 PM,0.099,0.143,0.062,0.093,
7/6/2013 8:00 PM,0.093,0.142,0.056,0.089,
7/6/2013 10:00 PM,0.088,0.141,0.045,0.086,
7/7/2013 12:00 AM,0.085,0.139,0.042,0.083,
7/7/2013 2:00 AM,0.083,0.137,0.041,0.082,
7/7/2013 4:00 AM,0.080,0.137,0.037,0.081,
7/7/2013 6:00 AM,0.078,0.135,0.035,0.079,
7/7/2013 8:00 AM,0.080,0.133,0.038,0.080,
7/7/2013 10:00 AM,0.086,0.132,0.049,0.085,
7/7/2013 12:00 PM,0.093,0.134,0.056,0.088,
7/7/2013 2:00 PM,0.096,0.137,0.065,0.091,
7/7/2013 4:00 PM,0.098,0.140,0.064,0.091,
7/7/2013 6:00 PM,0.089,0.140,0.051,0.086,
7/7/2013 8:00 PM,0.089,0.138,0.051,0.085,
7/7/2013 10:00 PM,0.085,0.137,0.043,0.083,
7/8/2013 12:00 AM,0.082,0.136,0.042,0.082,
7/8/2013 2:00 AM,0.081,0.134,0.040,0.081,
7/8/2013 4:00 AM,0.079,0.134,0.038,0.079,
7/8/2013 6:00 AM,0.077,0.133,0.034,0.078,
7/8/2013 8:00 AM,0.077,0.131,0.035,0.078,
7/8/2013 10:00 AM,0.084,0.130,0.049,0.082,
7/8/2013 12:00 PM,0.089,0.132,0.055,0.086,
7/8/2013 2:00 PM,0.094,0.135,0.063,0.089,
7/8/2013 4:00 PM,0.097,0.137,0.068,0.091,
7/8/2013 6:00 PM,0.098,0.138,0.068,0.090,
7/8/2013 8:00 PM,0.093,0.138,0.059,0.088,
7/8/2013 10:00 PM,0.086,0.136,0.045,0.083,
7/9/2013 12:00 AM,0.081,0.134,0.037,0.079,
7/9/2013 2:00 AM,0.078,0.132,0.035,0.078,
7/9/2013 4:00 AM,0.078,0.130,0.038,0.078,
7/9/2013 6:00 AM,0.076,0.129,0.036,0.077,
7/9/2013 8:00 AM,0.077,0.128,0.037,0.077,
7/9/2013 10:00 AM,0.082,0.127,0.047,0.081,
7/9/2013 12:00 PM,0.089,0.129,0.053,0.084,
7/9/2013 2:00 PM,0.093,0.132,0.062,0.087,
7/9/2013 4:00 PM,0.096,0.134,0.068,0.089,
7/9/2013 6:00 PM,0.096,0.135,0.068,0.089,
7/9/2013 8:00 PM,0.093,0.134,0.060,0.087,
7/9/2013 10:00 PM,0.084,0.133,0.042,0.081,
7/10/2013 12:00 AM,0.078,0.130,0.036,0.077,
7/10/2013 2:00 AM,0.077,0.128,0.035,0.076,
7/10/2013 4:00 AM,0.073,0.127,0.030,0.073,
7/10/2013 6:00 AM,0.070,0.125,0.027,0.072,
7/10/2013 8:00 AM,0.073,0.123,0.032,0.074,
7/10/2013 10:00 AM,0.081,0.123,0.047,0.080,
7/10/2013 12:00 PM,0.087,0.126,0.052,0.082,
7/10/2013 2:00 PM,0.092,0.129,0.061,0.086,
7/10/2013 4:00 PM,0.094,0.131,0.067,0.088,
7/10/2013 6:00 PM,0.094,0.132,0.064,0.087,
7/10/2013 8:00 PM,0.089,0.131,0.054,0.084,
7/10/2013 10:00 PM,0.082,0.129,0.042,0.079,
7/11/2013 12:00 AM,0.078,0.126,0.036,0.076,
7/11/2013 2:00 AM,0.074,0.124,0.031,0.074,
7/11/2013 4:00 AM,0.073,0.123,0.030,0.072,
7/11/2013 6:00 AM,0.072,0.122,0.030,0.072,
7/11/2013 8:00 AM,0.072,0.122,0.030,0.072,
7/11/2013 10:00 AM,0.074,0.121,0.035,0.073,
7/11/2013 12:00 PM,0.078,0.121,0.042,0.076,
7/11/2013 2:00 PM,0.085,0.124,0.054,0.081,
7/11/2013 4:00 PM,0.085,0.127,0.054,0.082,
7/11/2013 6:00 PM,0.082,0.127,0.047,0.078,
7/11/2013 8:00 PM,0.078,0.126,0.041,0.077,
7/11/2013 10:00 PM,0.075,0.124,0.035,0.074,
7/12/2013 12:00 AM,0.073,0.122,0.032,0.073,
7/12/2013 2:00 AM,0.072,0.122,0.030,0.072,
7/12/2013 4:00 AM,0.070,0.121,0.030,0.072,
7/12/2013 6:00 AM,0.069,0.120,0.027,0.070,
7/12/2013 8:00 AM,0.069,0.120,0.028,0.070,
7/12/2013 10:00 AM,0.074,0.119,0.037,0.074,
7/12/2013 12:00 PM,0.082,0.122,0.045,0.078,
7/12/2013 2:00 PM,0.082,0.124,0.047,0.079,
7/12/2013 4:00 PM,0.086,0.126,0.052,0.082,
7/12/2013 6:00 PM,0.087,0.126,0.054,0.082,
7/12/2013 8:00 PM,0.084,0.126,0.047,0.080,
7/12/2013 10:00 PM,0.078,0.124,0.038,0.077,
7/13/2013 12:00 AM,0.075,0.122,0.035,0.075,
7/13/2013 2:00 AM,0.074,0.122,0.033,0.074,
7/13/2013 4:00 AM,0.073,0.120,0.033,0.074,
7/13/2013 6:00 AM,0.072,0.120,0.031,0.073,
7/13/2013 8:00 AM,0.072,0.120,0.032,0.074,
7/13/2013 10:00 AM,0.076,0.118,0.042,0.076,
7/13/2013 12:00 PM,0.082,0.122,0.048,0.080,
7/13/2013 2:00 PM,0.084,0.124,0.051,0.081,
7/13/2013 4:00 PM,0.087,0.125,0.055,0.083,
7/13/2013 6:00 PM,0.086,0.126,0.054,0.082,
7/13/2013 8:00 PM,0.082,0.124,0.046,0.080,
7/13/2013 10:00 PM,0.077,0.123,0.037,0.077,
7/14/2013 12:00 AM,0.074,0.120,0.033,0.074,
7/14/2013 2:00 AM,0.071,0.120,0.030,0.073,
7/14/2013 4:00 AM,0.070,0.118,0.030,0.072,
7/14/2013 6:00 AM,0.067,0.117,0.027,0.070,
7/14/2013 8:00 AM,0.069,0.116,0.030,0.072,
7/14/2013 10:00 AM,0.076,0.117,0.042,0.078,
7/14/2013 12:00 PM,0.082,0.120,0.046,0.080,
7/14/2013 2:00 PM,0.086,0.124,0.058,0.083,
7/14/2013 4:00 PM,0.089,0.126,0.063,0.086,
7/14/2013 6:00 PM,0.090,0.127,0.059,0.085,
7/14/2013 8:00 PM,0.084,0.126,0.049,0.082,
7/14/2013 10:00 PM,0.078,0.124,0.039,0.077,
7/15/2013 12:00 AM,0.072,0.122,0.030,0.073,
7/15/2013 2:00 AM,0.070,0.120,0.029,0.071,
7/15/2013 4:00 AM,0.068,0.119,0.026,0.070,
7/15/2013 6:00 AM,0.066,0.117,0.025,0.069,
7/15/2013 8:00 AM,0.069,0.116,0.030,0.071,
7/15/2013 10:00 AM,0.075,0.118,0.041,0.076,
7/15/2013 12:00 PM,0.082,0.120,0.049,0.080,
7/15/2013 2:00 PM,0.087,0.124,0.058,0.084,
7/15/2013 4:00 PM,0.090,0.126,0.063,0.086,
7/15/2013 6:00 PM,0.091,0.127,0.062,0.086,
7/15/2013 8:00 PM,0.085,0.126,0.051,0.082,
7/15/2013 10:00 PM,0.079,0.124,0.042,0.078,
7/16/2013 12:00 AM,0.076,0.122,0.035,0.076,
7/16/2013 2:00 AM,0.074,0.120,0.034,0.074,
7/16/2013 4:00 AM,0.071,0.120,0.030,0.073,
7/16/2013 6:00 AM,0.069,0.118,0.027,0.071,
7/16/2013 8:00 AM,0.070,0.117,0.030,0.072,
7/16/2013 10:00 AM,0.076,0.117,0.042,0.076,
7/16/2013 12:00 PM,0.079,0.119,0.045,0.078,
7/16/2013 2:00 PM,0.083,0.120,0.051,0.080,
7/16/2013 4:00 PM,0.083,0.122,0.050,0.081,
7/16/2013 6:00 PM,0.081,0.122,0.045,0.078,
7/16/2013 8:00 PM,0.081,0.122,0.044,0.079,
7/16/2013 10:00 PM,0.076,0.121,0.033,0.074,
7/17/2013 12:00 AM,0.074,0.120,0.031,0.073,
7/17/2013 2:00 AM,0.074,0.117,0.042,0.070,
7/17/2013 4:00 AM,0.072,0.120,0.035,0.071,
7/17/2013 6:00 AM,0.071,0.119,0.033,0.071,
7/17/2013 8:00 AM,0.072,0.118,0.034,0.073,
7/17/2013 10:00 AM,0.078,0.118,0.046,0.078,
7/17/2013 12:00 PM,0.084,0.121,0.049,0.079,
7/17/2013 2:00 PM,0.087,0.124,0.056,0.082,
7/17/2013 4:00 PM,0.090,0.126,0.061,0.084,
7/17/2013 6:00 PM,0.090,0.126,0.060,0.084,
7/17/2013 8:00 PM,0.086,0.126,0.051,0.082,
7/17/2013 10:00 PM,0.080,0.124,0.040,0.077,
7/18/2013 12:00 AM,0.077,0.122,0.035,0.074,
7/18/2013 2:00 AM,0.074,0.120,0.030,0.073,
7/18/2013 4:00 AM,0.071,0.119,0.029,0.071,
7/18/2013 6:00 AM,0.070,0.117,0.029,0.070,
7/18/2013 8:00 AM,0.072,0.117,0.031,0.072,
7/18/2013 10:00 AM,0.078,0.117,0.042,0.077,
7/18/2013 12:00 PM,0.084,0.120,0.047,0.079,
7/18/2013 2:00 PM,0.088,0.123,0.056,0.082,
7/18/2013 4:00 PM,0.091,0.126,0.060,0.085,
7/18/2013 6:00 PM,0.091,0.126,0.059,0.084,
7/18/2013 8:00 PM,0.087,0.125,0.051,0.082,
7/18/2013 10:00 PM,0.079,0.124,0.038,0.076,
7/19/2013 12:00 AM,0.076,0.121,0.034,0.074,
7/19/2013 2:00 AM,0.073,0.120,0.030,0.072,
7/19/2013 4:00 AM,0.069,0.117,0.024,0.069,
7/19/2013 6:00 AM,0.066,0.116,0.022,0.067,
7/19/2013 8:00 AM,0.068,0.115,0.024,0.068,
7/19/2013 10:00 AM,0.076,0.115,0.039,0.074,
7/19/2013 12:00 PM,0.082,0.117,0.045,0.078,
7/19/2013 2:00 PM,0.087,0.122,0.055,0.082,
7/19/2013 4:00 PM,0.090,0.124,0.059,0.083,
7/19/2013 6:00 PM,0.090,0.125,0.058,0.082,
7/19/2013 8:00 PM,0.086,0.124,0.051,0.080,
7/19/2013 10:00 PM,0.078,0.122,0.035,0.074,
7/20/2013 12:00 AM,0.072,0.120,0.028,0.070,
7/20/2013 2:00 AM,0.069,0.117,0.024,0.068,
7/20/2013 4:00 AM,0.067,0.116,0.021,0.066,
7/20/2013 6:00 AM,0.064,0.115,0.018,0.064,
7/20/2013 8:00 AM,0.066,0.113,0.022,0.066,
7/20/2013 10:00 AM,0.074,0.114,0.037,0.073,
7/20/2013 12:00 PM,0.082,0.117,0.045,0.077,
7/20/2013 2:00 PM,0.086,0.120,0.054,0.080,
7/20/2013 4:00 PM,0.089,0.123,0.058,0.082,
7/20/2013 6:00 PM,0.088,0.124,0.054,0.081,
7/20/2013 8:00 PM,0.083,0.122,0.045,0.078,
7/20/2013 10:00 PM,0.077,0.120,0.034,0.073,
7/21/2013 12:00 AM,0.071,0.118,0.026,0.069,
7/21/2013 2:00 AM,0.068,0.117,0.022,0.067,
7/21/2013 4:00 AM,0.066,0.115,0.019,0.065,
7/21/2013 6:00 AM,0.065,0.114,0.019,0.064,
7/21/2013 8:00 AM,0.065,0.113,0.021,0.065,
7/21/2013 10:00 AM,0.074,0.113,0.039,0.073,
7/21/2013 12:00 PM,0.081,0.116,0.043,0.076,
7/21/2013 2:00 PM,0.086,0.120,0.054,0.079,
7/21/2013 4:00 PM,0.089,0.122,0.059,0.082,
7/21/2013 6:00 PM,0.089,0.122,0.058,0.082,
7/21/2013 8:00 PM,0.084,0.122,0.048,0.078,
7/21/2013 10:00 PM,0.076,0.120,0.034,0.073,
7/22/2013 12:00 AM,0.070,0.118,0.025,0.068,
7/22/2013 2:00 AM,0.067,0.115,0.020,0.065,
7/22/2013 4:00 AM,0.065,0.114,0.019,0.064,
7/22/2013 6:00 AM,0.064,0.113,0.018,0.063,
7/22/2013 8:00 AM,0.065,0.111,0.021,0.064,
7/22/2013 10:00 AM,0.073,0.112,0.036,0.072,
7/22/2013 12:00 PM,0.079,0.115,0.042,0.074,
7/22/2013 2:00 PM,0.084,0.118,0.054,0.078,
7/22/2013 4:00 PM,0.088,0.121,0.060,0.081,
7/22/2013 6:00 PM,0.089,0.122,0.058,0.081,
7/22/2013 8:00 PM,0.083,0.121,0.048,0.078,
7/22/2013 10:00 PM,0.076,0.119,0.034,0.073,
7/23/2013 12:00 AM,0.072,0.116,0.029,0.069,
7/23/2013 2:00 AM,0.070,0.115,0.027,0.069,
7/23/2013 4:00 AM,0.067,0.114,0.022,0.066,
7/23/2013 6:00 AM,0.064,0.113,0.019,0.064,
7/23/2013 8:00 AM,0.065,0.111,0.021,0.065,
7/23/2013 10:00 AM,0.073,0.112,0.035,0.071,
7/23/2013 12:00 PM,0.078,0.115,0.040,0.074,
7/23/2013 2:00 PM,0.083,0.117,0.051,0.078,
7/23/2013 4:00 PM,0.086,0.120,0.056,0.080,
7/23/2013 6:00 PM,0.086,0.121,0.052,0.079,
7/23/2013 8:00 PM,0.081,0.120,0.042,0.075,
7/23/2013 10:00 PM,0.073,0.117,0.029,0.069,
7/24/2013 12:00 AM,0.068,0.115,0.022,0.065,
7/24/2013 2:00 AM,0.069,0.113,0.025,0.067,
7/24/2013 4:00 AM,0.066,0.113,0.020,0.064,
7/24/2013 6:00 AM,0.064,0.111,0.019,0.064,
7/24/2013 8:00 AM,0.064,0.110,0.020,0.064,
7/24/2013 10:00 AM,0.073,0.111,0.035,0.071,
7/24/2013 12:00 PM,0.079,0.114,0.042,0.074,
7/24/2013 2:00 PM,0.082,0.117,0.051,0.077,
7/24/2013 4:00 PM,0.085,0.118,0.053,0.078,
7/24/2013 6:00 PM,0.085,0.120,0.052,0.078,
7/24/2013 8:00 PM,0.078,0.118,0.042,0.074,
7/24/2013 10:00 PM,0.073,0.116,0.031,0.069,
7/25/2013 12:00 AM,0.071,0.114,0.030,0.068,
7/25/2013 2:00 AM,0.068,0.113,0.025,0.066,
7/25/2013 4:00 AM,0.066,0.112,0.023,0.065,
7/25/2013 6:00 AM,0.064,0.110,0.019,0.063,
7/25/2013 8:00 AM,0.064,0.110,0.019,0.063,
7/25/2013 10:00 AM,0.072,0.110,0.036,0.069,
7/25/2013 12:00 PM,0.078,0.114,0.041,0.073,
7/25/2013 2:00 PM,0.082,0.117,0.049,0.076,
7/25/2013 4:00 PM,0.085,0.119,0.055,0.078,
7/25/2013 6:00 PM,0.085,0.120,0.052,0.078,
7/25/2013 8:00 PM,0.081,0.118,0.045,0.075,
7/25/2013 10:00 PM,0.073,0.116,0.031,0.069,
7/26/2013 12:00 AM,0.068,0.113,0.024,0.065,
7/26/2013 2:00 AM,0.066,0.112,0.022,0.064,
7/26/2013 4:00 AM,0.064,0.110,0.020,0.063,
7/26/2013 6:00 AM,0.062,0.109,0.016,0.061,
7/26/2013 8:00 AM,0.064,0.108,0.021,0.063,
7/26/2013 10:00 AM,0.073,0.110,0.038,0.070,
7/26/2013 12:00 PM,0.079,0.113,0.044,0.074,
7/26/2013 2:00 PM,0.083,0.116,0.055,0.078,
7/26/2013 4:00 PM,0.086,0.118,0.057,0.078,
7/26/2013 6:00 PM,0.086,0.119,0.054,0.078,
7/26/2013 8:00 PM,0.081,0.117,0.045,0.076,
7/26/2013 10:00 PM,0.074,0.115,0.031,0.070,
7/27/2013 12:00 AM,0.069,0.113,0.026,0.067,
7/27/2013 2:00 AM,0.069,0.112,0.027,0.066,
7/27/2013 4:00 AM,0.069,0.111,0.029,0.067,
7/27/2013 6:00 AM,0.069,0.110,0.028,0.067,
7/27/2013 8:00 AM,0.069,0.110,0.027,0.067,
7/27/2013 10:00 AM,0.069,0.110,0.028,0.067,
7/27/2013 12:00 PM,0.069,0.110,0.029,0.067,
7/27/2013 2:00 PM,0.070,0.111,0.031,0.068,
7/27/2013 4:00 PM,0.070,0.112,0.030,0.068,
7/27/2013 6:00 PM,0.073,0.112,0.035,0.069,
7/27/2013 8:00 PM,0.072,0.113,0.032,0.069,
7/27/2013 10:00 PM,0.068,0.112,0.027,0.067,
7/28/2013 12:00 AM,0.066,0.110,0.024,0.065,
7/28/2013 2:00 AM,0.064,0.110,0.022,0.064,
7/28/2013 4:00 AM,0.063,0.109,0.020,0.064,
7/28/2013 6:00 AM,0.061,0.108,0.018,0.062,
7/28/2013 8:00 AM,0.063,0.107,0.021,0.064,
7/28/2013 10:00 AM,0.070,0.110,0.033,0.070,
7/28/2013 12:00 PM,0.076,0.113,0.040,0.072,
7/28/2013 2:00 PM,0.080,0.115,0.051,0.076,
7/28/2013 4:00 PM,0.084,0.117,0.055,0.078,
7/28/2013 6:00 PM,0.083,0.122,0.057,0.078,
7/28/2013 8:00 PM,0.082,0.124,0.060,0.075,
7/28/2013 10:00 PM,0.077,0.123,0.044,0.072,
7/29/2013 12:00 AM,0.072,0.120,0.038,0.070,
7/29/2013 2:00 AM,0.069,0.117,0.034,0.069,
7/29/2013 4:00 AM,0.069,0.116,0.033,0.069,
7/29/2013 6:00 AM,0.068,0.115,0.031,0.068,
7/29/2013 8:00 AM,0.068,0.115,0.031,0.069,
7/29/2013 10:00 AM,0.070,0.115,0.036,0.070,
7/29/2013 12:00 PM,0.075,0.116,0.043,0.074,
7/29/2013 2:00 PM,0.078,0.119,0.047,0.076,
7/29/2013 4:00 PM,0.082,0.119,0.052,0.078,
7/29/2013 6:00 PM,0.083,0.121,0.054,0.078,
7/29/2013 8:00 PM,0.078,0.120,0.046,0.076,
7/29/2013 10:00 PM,0.073,0.117,0.036,0.073,
7/30/2013 12:00 AM,0.069,0.115,0.033,0.071,
7/30/2013 2:00 AM,0.068,0.115,0.030,0.069,
7/30/2013 4:00 AM,0.064,0.114,0.024,0.067,
7/30/2013 6:00 AM,0.063,0.113,0.022,0.065,
7/30/2013 8:00 AM,0.063,0.111,0.024,0.066,
7/30/2013 10:00 AM,0.072,0.111,0.042,0.073,
7/30/2013 12:00 PM,0.078,0.115,0.047,0.075,
7/30/2013 2:00 PM,0.083,0.118,0.058,0.078,
7/30/2013 4:00 PM,0.086,0.120,0.062,0.081,
7/30/2013 6:00 PM,0.086,0.121,0.060,0.081,
7/30/2013 8:00 PM,0.082,0.120,0.051,0.078,
7/30/2013 10:00 PM,0.074,0.118,0.036,0.072,
7/31/2013 12:00 AM,0.069,0.115,0.031,0.069,
7/31/2013 2:00 AM,0.068,0.114,0.029,0.068,
7/31/2013 4:00 AM,0.066,0.113,0.028,0.067,
7/31/2013 6:00 AM,0.064,0.112,0.023,0.065,
7/31/2013 8:00 AM,0.064,0.110,0.025,0.065,
7/31/2013 10:00 AM,0.073,0.110,0.043,0.073,
7/31/2013 12:00 PM,0.079,0.113,0.051,0.076,
7/31/2013 2:00 PM,0.082,0.117,0.057,0.078,
7/31/2013 4:00 PM,0.085,0.118,0.061,0.080,
7/31/2013 6:00 PM,0.086,0.120,0.058,0.080,
7/31/2013 8:00 PM,0.080,0.118,0.050,0.078,
7/31/2013 10:00 PM,0.074,0.116,0.038,0.073,
8/1/2013 12:00 AM,0.069,0.114,0.031,0.070,
8/1/2013 2:00 AM,0.069,0.112,0.031,0.069,
8/1/2013 4:00 AM,0.068,0.110,0.031,0.069,
8/1/2013 6:00 AM,0.067,0.110,0.030,0.069,
8/1/2013 8:00 AM,0.068,0.109,0.030,0.069,
8/1/2013 10:00 AM,0.073,0.110,0.040,0.073,
8/1/2013 12:00 PM,0.078,0.113,0.047,0.075,
8/1/2013 2:00 PM,0.082,0.115,0.055,0.078,
8/1/2013 4:00 PM,0.085,0.117,0.058,0.079,
8/1/2013 6:00 PM,0.083,0.118,0.054,0.078,
8/1/2013 8:00 PM,0.079,0.117,0.050,0.076,
8/1/2013 10:00 PM,0.073,0.115,0.038,0.071,
8/2/2013 12:00 AM,0.068,0.113,0.030,0.068,
8/2/2013 2:00 AM,0.064,0.111,0.022,0.064,
8/2/2013 4:00 AM,0.059,0.110,0.015,0.061,
8/2/2013 6:00 AM,0.058,0.108,0.012,0.059,
8/2/2013 8:00 AM,0.058,0.106,0.014,0.059,
8/2/2013 10:00 AM,0.064,0.107,0.030,0.065,
8/2/2013 12:00 PM,0.071,0.110,0.037,0.069,
8/2/2013 2:00 PM,0.077,0.113,0.047,0.073,
8/2/2013 4:00 PM,0.080,0.115,0.052,0.075,
8/2/2013 6:00 PM,0.080,0.115,0.051,0.075,
8/2/2013 8:00 PM,0.076,0.115,0.043,0.074,
8/2/2013 10:00 PM,0.069,0.113,0.029,0.067,
8/3/2013 12:00 AM,0.065,0.110,0.026,0.065,
8/3/2013 2:00 AM,0.064,0.110,0.025,0.064,
8/3/2013 4:00 AM,0.063,0.109,0.022,0.064,
8/3/2013 6:00 AM,0.060,0.107,0.019,0.062,
8/3/2013 8:00 AM,0.060,0.106,0.018,0.062,
8/3/2013 10:00 AM,0.065,0.106,0.030,0.067,
8/3/2013 12:00 PM,0.072,0.109,0.039,0.069,
8/3/2013 2:00 PM,0.078,0.112,0.051,0.074,
8/3/2013 4:00 PM,0.080,0.115,0.054,0.076,
8/3/2013 6:00 PM,0.080,0.115,0.051,0.075,
8/3/2013 8:00 PM,0.074,0.114,0.045,0.073,
8/3/2013 10:00 PM,0.067,0.112,0.030,0.067,
8/4/2013 12:00 AM,0.064,0.109,0.025,0.064,
8/4/2013 2:00 AM,0.062,0.108,0.022,0.063,
8/4/2013 4:00 AM,0.058,0.107,0.016,0.060,
8/4/2013 6:00 AM,0.056,0.106,0.012,0.058,
8/4/2013 8:00 AM,0.057,0.105,0.013,0.059,
8/4/2013 10:00 AM,0.066,0.105,0.033,0.067,
8/4/2013 12:00 PM,0.074,0.108,0.043,0.070,
8/4/2013 2:00 PM,0.078,0.112,0.053,0.074,
8/4/2013 4:00 PM,0.082,0.115,0.057,0.076,
8/4/2013 6:00 PM,0.082,0.116,0.053,0.076,
8/4/2013 8:00 PM,0.077,0.114,0.047,0.074,
8/4/2013 10:00 PM,0.069,0.112,0.030,0.067,
8/5/2013 12:00 AM,0.064,0.109,0.026,0.064,
8/5/2013 2:00 AM,0.062,0.108,0.024,0.063,
8/5/2013 4:00 AM,0.060,0.107,0.020,0.061,
8/5/2013 6:00 AM,0.058,0.106,0.015,0.059,
8/5/2013 8:00 AM,0.058,0.105,0.017,0.060,
8/5/2013 10:00 AM,0.067,0.105,0.036,0.069,
8/5/2013 12:00 PM,0.070,0.109,0.040,0.069,
8/5/2013 2:00 PM,0.077,0.111,0.051,0.074,
8/5/2013 4:00 PM,0.080,0.113,0.055,0.075,
8/5/2013 6:00 PM,0.081,0.115,0.053,0.076,
8/5/2013 8:00 PM,0.074,0.114,0.044,0.073,
8/5/2013 10:00 PM,0.067,0.111,0.030,0.067,
8/6/2013 12:00 AM,0.063,0.109,0.023,0.064,
8/6/2013 2:00 AM,0.059,0.107,0.016,0.060,
8/6/2013 4:00 AM,0.058,0.106,0.014,0.059,
8/6/2013 6:00 AM,0.058,0.105,0.016,0.059,
8/6/2013 8:00 AM,0.058,0.105,0.018,0.059,
8/6/2013 10:00 AM,0.064,0.105,0.030,0.064,
8/6/2013 12:00 PM,0.072,0.108,0.042,0.069,
8/6/2013 2:00 PM,0.077,0.112,0.051,0.074,
8/6/2013 4:00 PM,0.081,0.113,0.058,0.076,
8/6/2013 6:00 PM,0.082,0.115,0.056,0.077,
8/6/2013 8:00 PM,0.076,0.114,0.046,0.074,
8/6/2013 10:00 PM,0.069,0.113,0.031,0.068,
8/7/2013 12:00 AM,0.063,0.110,0.022,0.064,
8/7/2013 2:00 AM,0.060,0.108,0.019,0.061,
8/7/2013 4:00 AM,0.058,0.107,0.014,0.059,
8/7/2013 6:00 AM,0.056,0.106,0.012,0.058,
8/7/2013 8:00 AM,0.057,0.105,0.013,0.058,
8/7/2013 10:00 AM,0.065,0.105,0.032,0.066,
8/7/2013 12:00 PM,0.073,0.108,0.043,0.069,
8/7/2013 2:00 PM,0.078,0.112,0.052,0.074,
8/7/2013 4:00 PM,0.081,0.114,0.057,0.076,
8/7/2013 6:00 PM,0.082,0.115,0.053,0.076,
8/7/2013 8:00 PM,0.076,0.114,0.042,0.073,
8/7/2013 10:00 PM,0.069,0.113,0.032,0.068,
8/8/2013 12:00 AM,0.066,0.110,0.029,0.066,
8/8/2013 2:00 AM,0.065,0.109,0.027,0.065,
8/8/2013 4:00 AM,0.064,0.108,0.026,0.064,
8/8/2013 6:00 AM,0.062,0.107,0.022,0.063,
8/8/2013 8:00 AM,0.062,0.106,0.022,0.063,
8/8/2013 10:00 AM,0.067,0.107,0.031,0.066,
8/8/2013 12:00 PM,0.073,0.109,0.041,0.069,
8/8/2013 2:00 PM,0.074,0.111,0.042,0.071,
8/8/2013 4:00 PM,0.078,0.112,0.051,0.074,
8/8/2013 6:00 PM,0.077,0.113,0.042,0.073,
8/8/2013 8:00 PM,0.073,0.110,0.035,0.070,
8/8/2013 10:00 PM,0.067,0.108,0.026,0.066,
8/9/2013 12:00 AM,0.064,0.107,0.023,0.064,
8/9/2013 2:00 AM,0.063,0.106,0.021,0.064,
8/9/2013 4:00 AM,0.060,0.105,0.018,0.062,
8/9/2013 6:00 AM,0.058,0.103,0.015,0.060,
8/9/2013 8:00 AM,0.058,0.102,0.013,0.059,
8/9/2013 10:00 AM,0.065,0.103,0.028,0.066,
8/9/2013 12:00 PM,0.073,0.107,0.037,0.069,
8/9/2013 2:00 PM,0.077,0.110,0.047,0.073,
8/9/2013 4:00 PM,0.079,0.112,0.050,0.074,
8/9/2013 6:00 PM,0.079,0.113,0.047,0.074,
8/9/2013 8:00 PM,0.074,0.112,0.039,0.071,
8/9/2013 10:00 PM,0.069,0.110,0.028,0.067,
8/10/2013 12:00 AM,0.065,0.107,0.024,0.064,
8/10/2013 2:00 AM,0.063,0.106,0.021,0.063,
8/10/2013 4:00 AM,0.062,0.105,0.019,0.062,
8/10/2013 6:00 AM,0.060,0.104,0.017,0.061,
8/10/2013 8:00 AM,0.058,0.103,0.015,0.060,
8/10/2013 10:00 AM,0.064,0.104,0.024,0.064,
8/10/2013 12:00 PM,0.071,0.106,0.035,0.068,
8/10/2013 2:00 PM,0.075,0.110,0.045,0.072,
8/10/2013 4:00 PM,0.079,0.111,0.050,0.074,
8/10/2013 6:00 PM,0.079,0.113,0.048,0.074,
8/10/2013 8:00 PM,0.074,0.111,0.040,0.070,
8/10/2013 10:00 PM,0.068,0.109,0.029,0.067,
8/11/2013 12:00 AM,0.065,0.107,0.025,0.064,
8/11/2013 2:00 AM,0.063,0.106,0.023,0.064,
8/11/2013 4:00 AM,0.062,0.105,0.021,0.063,
8/11/2013 6:00 AM,0.060,0.104,0.019,0.061,
8/11/2013 8:00 AM,0.060,0.102,0.019,0.062,
8/11/2013 10:00 AM,0.066,0.104,0.030,0.067,
8/11/2013 12:00 PM,0.073,0.107,0.039,0.069,
8/11/2013 2:00 PM,0.077,0.111,0.046,0.072,
8/11/2013 4:00 PM,0.079,0.112,0.051,0.074,
8/11/2013 6:00 PM,0.079,0.113,0.048,0.074,
8/11/2013 8:00 PM,0.074,0.111,0.041,0.071,
8/11/2013 10:00 PM,0.067,0.109,0.026,0.065,
8/12/2013 12:00 AM,0.064,0.107,0.024,0.064,
8/12/2013 2:00 AM,0.063,0.106,0.022,0.063,
8/12/2013 4:00 AM,0.063,0.105,0.022,0.063,
8/12/2013 6:00 AM,0.060,0.105,0.018,0.061,
8/12/2013 8:00 AM,0.058,0.103,0.015,0.059,
8/12/2013 10:00 AM,0.065,0.103,0.028,0.064,
8/12/2013 12:00 PM,0.074,0.107,0.040,0.069,
8/12/2013 2:00 PM,0.078,0.110,0.049,0.072,
8/12/2013 4:00 PM,0.080,0.113,0.054,0.074,
8/12/2013 6:00 PM,0.080,0.113,0.051,0.074,
8/12/2013 8:00 PM,0.074,0.112,0.039,0.071,
8/12/2013 10:00 PM,0.068,0.110,0.026,0.066,
8/13/2013 12:00 AM,0.064,0.107,0.022,0.064,
8/13/2013 2:00 AM,0.062,0.106,0.019,0.062,
8/13/2013 4:00 AM,0.058,0.104,0.014,0.058,
8/13/2013 6:00 AM,0.057,0.102,0.013,0.058,
8/13/2013 8:00 AM,0.057,0.102,0.013,0.058,
8/13/2013 10:00 AM,0.065,0.103,0.030,0.066,
8/13/2013 12:00 PM,0.072,0.107,0.039,0.068,
8/13/2013 2:00 PM,0.077,0.110,0.049,0.072,
8/13/2013 4:00 PM,0.080,0.112,0.054,0.074,
8/13/2013 6:00 PM,0.080,0.113,0.050,0.074,
8/13/2013 8:00 PM,0.074,0.112,0.040,0.071,
8/13/2013 10:00 PM,0.067,0.109,0.026,0.065,
8/14/2013 12:00 AM,0.063,0.107,0.020,0.063,
8/14/2013 2:00 AM,0.062,0.105,0.020,0.062,
8/14/2013 4:00 AM,0.059,0.105,0.016,0.060,
8/14/2013 6:00 AM,0.056,0.103,0.011,0.058,
8/14/2013 8:00 AM,0.056,0.102,0.011,0.057,
8/14/2013 10:00 AM,0.065,0.102,0.029,0.065,
8/14/2013 12:00 PM,0.072,0.107,0.038,0.068,
8/14/2013 2:00 PM,0.077,0.110,0.049,0.072,
8/14/2013 4:00 PM,0.080,0.112,0.055,0.074,
8/14/2013 6:00 PM,0.079,0.113,0.051,0.074,
8/14/2013 8:00 PM,0.074,0.111,0.043,0.072,
8/14/2013 10:00 PM,0.068,0.109,0.028,0.065,
8/15/2013 12:00 AM,0.062,0.107,0.019,0.061,
8/15/2013 2:00 AM,0.058,0.104,0.014,0.058,
8/15/2013 4:00 AM,0.058,0.102,0.013,0.058,
8/15/2013 6:00 AM,0.054,0.102,0.008,0.055,
8/15/2013 8:00 AM,0.054,0.101,0.009,0.056,
8/15/2013 10:00 AM,0.064,0.102,0.029,0.064,
8/15/2013 12:00 PM,0.072,0.105,0.039,0.068,
8/15/2013 2:00 PM,0.076,0.109,0.048,0.071,
8/15/2013 4:00 PM,0.078,0.110,0.051,0.073,
8/15/2013 6:00 PM,0.078,0.111,0.047,0.073,
8/15/2013 8:00 PM,0.073,0.110,0.041,0.071,
8/15/2013 10:00 PM,0.065,0.108,0.026,0.064,
8/16/2013 12:00 AM,0.060,0.106,0.015,0.060,
8/16/2013 2:00 AM,0.057,0.104,0.011,0.057,
8/16/2013 4:00 AM,0.054,0.102,0.007,0.055,
8/16/2013 6:00 AM,0.052,0.101,0.006,0.053,
8/16/2013 8:00 AM,0.053,0.100,0.007,0.054,
8/16/2013 10:00 AM,0.063,0.101,0.027,0.064,
8/16/2013 12:00 PM,0.071,0.105,0.039,0.067,
8/16/2013 2:00 PM,0.077,0.110,0.050,0.072,
8/16/2013 4:00 PM,0.080,0.111,0.055,0.074,
8/16/2013 6:00 PM,0.080,0.113,0.051,0.074,
8/16/2013 8:00 PM,0.074,0.111,0.040,0.070,
8/16/2013 10:00 PM,0.067,0.108,0.028,0.065,
8/17/2013 12:00 AM,0.063,0.106,0.023,0.063,
8/17/2013 2:00 AM,0.062,0.105,0.021,0.061,
8/17/2013 4:00 AM,0.059,0.104,0.017,0.060,
8/17/2013 6:00 AM,0.057,0.103,0.013,0.058,
8/17/2013 8:00 AM,0.058,0.102,0.014,0.058,
8/17/2013 10:00 AM,0.064,0.102,0.029,0.064,
8/17/2013 12:00 PM,0.073,0.107,0.042,0.069,
8/17/2013 2:00 PM,0.077,0.110,0.050,0.072,
8/17/2013 4:00 PM,0.080,0.112,0.055,0.074,
8/17/2013 6:00 PM,0.079,0.113,0.049,0.073,
8/17/2013 8:00 PM,0.074,0.111,0.038,0.070,
8/17/2013 10:00 PM,0.067,0.108,0.028,0.065,
8/18/2013 12:00 AM,0.065,0.107,0.026,0.064,
8/18/2013 2:00 AM,0.065,0.106,0.026,0.064,
8/18/2013 4:00 AM,0.064,0.105,0.024,0.063,
8/18/2013 6:00 AM,0.063,0.105,0.022,0.062,
8/18/2013 8:00 AM,0.061,0.103,0.019,0.061,
8/18/2013 10:00 AM,0.067,0.103,0.032,0.068,
8/18/2013 12:00 PM,0.074,0.107,0.042,0.069,
8/18/2013 2:00 PM,0.078,0.111,0.051,0.073,
8/18/2013 4:00 PM,0.081,0.112,0.056,0.075,
8/18/2013 6:00 PM,0.081,0.113,0.052,0.075,
8/18/2013 8:00 PM,0.075,0.112,0.043,0.072,
8/18/2013 10:00 PM,0.067,0.110,0.026,0.065,
8/19/2013 12:00 AM,0.063,0.107,0.019,0.062,
8/19/2013 2:00 AM,0.060,0.105,0.016,0.059,
8/19/2013 4:00 AM,0.058,0.103,0.013,0.058,
8/19/2013 6:00 AM,0.056,0.102,0.011,0.057,
8/19/2013 8:00 AM,0.056,0.102,0.012,0.057,
8/19/2013 10:00 AM,0.066,0.102,0.030,0.065,
8/19/2013 12:00 PM,0.074,0.107,0.043,0.069,
8/19/2013 2:00 PM,0.076,0.110,0.049,0.071,
8/19/2013 4:00 PM,0.080,0.111,0.055,0.074,
8/19/2013 6:00 PM,0.078,0.113,0.050,0.074,
8/19/2013 8:00 PM,0.074,0.111,0.042,0.070,
8/19/2013 10:00 PM,0.069,0.109,0.031,0.067,
8/20/2013 12:00 AM,0.066,0.107,0.027,0.065,
8/20/2013 2:00 AM,0.064,0.106,0.024,0.064,
8/20/2013 4:00 AM,0.062,0.105,0.022,0.062,
8/20/2013 6:00 AM,0.061,0.105,0.021,0.062,
8/20/2013 8:00 AM,0.062,0.105,0.022,0.062,
8/20/2013 10:00 AM,0.064,0.105,0.028,0.064,
8/20/2013 12:00 PM,0.070,0.107,0.040,0.068,
8/20/2013 2:00 PM,0.072,0.110,0.038,0.069,
8/20/2013 4:00 PM,0.075,0.110,0.044,0.071,
8/20/2013 6:00 PM,0.077,0.111,0.046,0.073,
8/20/2013 8:00 PM,0.072,0.110,0.038,0.069,
8/20/2013 10:00 PM,0.067,0.109,0.030,0.066,
8/21/2013 12:00 AM,0.064,0.107,0.026,0.064,
8/21/2013 2:00 AM,0.062,0.106,0.024,0.063,
8/21/2013 4:00 AM,0.060,0.105,0.020,0.061,
8/21/2013 6:00 AM,0.059,0.105,0.019,0.059,
8/21/2013 8:00 AM,0.058,0.103,0.018,0.059,
8/21/2013 10:00 AM,0.066,0.105,0.032,0.066,
8/21/2013 12:00 PM,0.073,0.108,0.042,0.069,
8/21/2013 2:00 PM,0.077,0.110,0.051,0.072,
8/21/2013 4:00 PM,0.080,0.111,0.054,0.074,
8/21/2013 6:00 PM,0.080,0.113,0.051,0.074,
8/21/2013 8:00 PM,0.073,0.111,0.043,0.072,
8/21/2013 10:00 PM,0.067,0.108,0.031,0.067,
8/22/2013 12:00 AM,0.066,0.107,0.030,0.065,
8/22/2013 2:00 AM,0.066,0.105,0.043,0.064,
8/22/2013 4:00 AM,0.063,0.107,0.031,0.064,
8/22/2013 6:00 AM,0.062,0.106,0.028,0.064,
8/22/2013 8:00 AM,0.062,0.105,0.027,0.064,
8/22/2013 10:00 AM,0.064,0.105,0.031,0.065,
8/22/2013 12:00 PM,0.073,0.107,0.044,0.069,
8/22/2013 2:00 PM,0.078,0.111,0.053,0.074,
8/22/2013 4:00 PM,0.081,0.113,0.058,0.076,
8/22/2013 6:00 PM,0.076,0.113,0.043,0.072,
8/22/2013 8:00 PM,0.074,0.110,0.056,0.069,
8/22/2013 10:00 PM,0.068,0.110,0.037,0.068,
8/23/2013 12:00 AM,0.066,0.108,0.032,0.066,
8/23/2013 2:00 AM,0.065,0.107,0.030,0.065,
8/23/2013 4:00 AM,0.064,0.107,0.028,0.064,
8/23/2013 6:00 AM,0.063,0.106,0.027,0.064,
8/23/2013 8:00 AM,0.061,0.105,0.025,0.063,
8/23/2013 10:00 AM,0.065,0.105,0.033,0.065,
8/23/2013 12:00 PM,0.073,0.108,0.042,0.069,
8/23/2013 2:00 PM,0.072,0.110,0.039,0.069,
8/23/2013 4:00 PM,0.074,0.110,0.041,0.070,
8/23/2013 6:00 PM,0.072,0.110,0.036,0.069,
8/23/2013 8:00 PM,0.069,0.109,0.030,0.067,
8/23/2013 10:00 PM,0.064,0.107,0.027,0.065,
8/24/2013 12:00 AM,0.062,0.106,0.022,0.063,
8/24/2013 2:00 AM,0.061,0.105,0.022,0.062,
8/24/2013 4:00 AM,0.060,0.104,0.021,0.061,
8/24/2013 6:00 AM,0.058,0.104,0.020,0.061,
8/24/2013 8:00 AM,0.058,0.103,0.021,0.061,
8/24/2013 10:00 AM,0.066,0.105,0.033,0.067,
8/24/2013 12:00 PM,0.074,0.108,0.043,0.070,
8/24/2013 2:00 PM,0.077,0.112,0.050,0.073,
8/24/2013 4:00 PM,0.131,0.188,0.090,0.142,
8/24/2013 6:00 PM,0.153,0.213,0.104,0.194,
8/24/2013 8:00 PM,0.147,0.205,0.097,0.198,
8/24/2013 10:00 PM,0.143,0.200,0.092,0.199,
8/25/2013 12:00 AM,0.142,0.196,0.089,0.200,
8/25/2013 2:00 AM,0.140,0.194,0.086,0.201,
8/25/2013 4:00 AM,0.139,0.192,0.086,0.201,
8/25/2013 6:00 AM,0.138,0.191,0.084,0.200,
8/25/2013 8:00 AM,0.138,0.188,0.084,0.199,
8/25/2013 10:00 AM,0.138,0.183,0.090,0.197,
8/25/2013 12:00 PM,0.138,0.181,0.093,0.195,
8/25/2013 2:00 PM,0.138,0.185,0.096,0.193,
8/25/2013 4:00 PM,0.135,0.186,0.093,0.191,
8/25/2013 6:00 PM,0.132,0.187,0.087,0.190,
8/25/2013 8:00 PM,0.129,0.186,0.082,0.189,
8/25/2013 10:00 PM,0.124,0.185,0.076,0.189,
8/26/2013 12:00 AM,0.121,0.183,0.073,0.187,
8/26/2013 2:00 AM,0.119,0.180,0.072,0.185,
8/26/2013 4:00 AM,0.118,0.179,0.072,0.184,
8/26/2013 6:00 AM,0.115,0.179,0.069,0.183,
8/26/2013 8:00 AM,0.115,0.177,0.069,0.182,
8/26/2013 10:00 AM,0.116,0.174,0.073,0.179,
8/26/2013 12:00 PM,0.119,0.174,0.078,0.177,
8/26/2013 2:00 PM,0.122,0.177,0.080,0.177,
8/26/2013 4:00 PM,0.124,0.179,0.082,0.176,
8/26/2013 6:00 PM,0.124,0.181,0.079,0.177,
8/26/2013 8:00 PM,0.120,0.183,0.073,0.177,
8/26/2013 10:00 PM,0.116,0.182,0.068,0.177,
8/27/2013 12:00 AM,0.113,0.180,0.064,0.175,
8/27/2013 2:00 AM,0.110,0.179,0.061,0.175,
8/27/2013 4:00 AM,0.107,0.177,0.058,0.173,
8/27/2013 6:00 AM,0.106,0.175,0.057,0.172,
8/27/2013 8:00 AM,0.105,0.173,0.057,0.170,
8/27/2013 10:00 AM,0.109,0.169,0.067,0.166,
8/27/2013 12:00 PM,0.113,0.170,0.073,0.166,
8/27/2013 2:00 PM,0.116,0.172,0.076,0.166,
8/27/2013 4:00 PM,0.117,0.176,0.075,0.166,
8/27/2013 6:00 PM,0.116,0.178,0.084,0.171,
8/27/2013 8:00 PM,0.114,0.180,0.082,0.172,
8/27/2013 10:00 PM,0.110,0.178,0.074,0.172,
8/28/2013 12:00 AM,0.109,0.176,0.073,0.171,
8/28/2013 2:00 AM,0.107,0.175,0.072,0.170,
8/28/2013 4:00 AM,0.107,0.174,0.071,0.169,
8/28/2013 6:00 AM,0.105,0.173,0.069,0.168,
8/28/2013 8:00 AM,0.104,0.172,0.068,0.167,
8/28/2013 10:00 AM,0.108,0.168,0.075,0.163,
8/28/2013 12:00 PM,0.114,0.169,0.080,0.164,
8/28/2013 2:00 PM,0.119,0.175,0.085,0.164,
8/28/2013 4:00 PM,0.123,0.179,0.089,0.163,
8/28/2013 6:00 PM,0.122,0.183,0.082,0.166,
8/28/2013 8:00 PM,0.116,0.183,0.074,0.165,
8/28/2013 10:00 PM,0.112,0.181,0.067,0.165,
8/29/2013 12:00 AM,0.109,0.179,0.064,0.164,
8/29/2013 2:00 AM,0.106,0.178,0.061,0.163,
8/29/2013 4:00 AM,0.104,0.176,0.058,0.161,
8/29/2013 6:00 AM,0.102,0.174,0.058,0.160,
8/29/2013 8:00 AM,0.102,0.173,0.057,0.159,
8/29/2013 10:00 AM,0.106,0.168,0.067,0.155,
8/29/2013 12:00 PM,0.113,0.168,0.077,0.154,
8/29/2013 2:00 PM,0.117,0.174,0.083,0.155,
8/29/2013 4:00 PM,0.120,0.179,0.086,0.155,
8/29/2013 6:00 PM,0.117,0.180,0.078,0.157,
8/29/2013 8:00 PM,0.112,0.182,0.073,0.156,
8/29/2013 10:00 PM,0.106,0.180,0.062,0.156,
8/30/2013 12:00 AM,0.102,0.178,0.056,0.155,
8/30/2013 2:00 AM,0.099,0.175,0.053,0.153,
8/30/2013 4:00 AM,0.097,0.174,0.051,0.152,
8/30/2013 6:00 AM,0.095,0.172,0.050,0.150,
8/30/2013 8:00 AM,0.095,0.169,0.051,0.148,
8/30/2013 10:00 AM,0.101,0.165,0.062,0.145,
8/30/2013 12:00 PM,0.107,0.165,0.073,0.146,
8/30/2013 2:00 PM,0.112,0.170,0.079,0.146,
8/30/2013 4:00 PM,0.115,0.175,0.082,0.147,
8/30/2013 6:00 PM,0.115,0.176,0.079,0.147,
8/30/2013 8:00 PM,0.108,0.178,0.070,0.147,
8/30/2013 10:00 PM,0.102,0.177,0.059,0.147,
8/31/2013 12:00 AM,0.099,0.173,0.056,0.144,
8/31/2013 2:00 AM,0.096,0.172,0.051,0.142,
8/31/2013 4:00 AM,0.093,0.170,0.047,0.141,
8/31/2013 6:00 AM,0.091,0.168,0.044,0.140,
8/31/2013 8:00 AM,0.089,0.165,0.044,0.138,
8/31/2013 10:00 AM,0.096,0.160,0.057,0.136,
8/31/2013 12:00 PM,0.102,0.159,0.067,0.136,
8/31/2013 2:00 PM,0.107,0.164,0.076,0.137,
8/31/2013 4:00 PM,0.108,0.170,0.074,0.138,
8/31/2013 6:00 PM,0.105,0.170,0.067,0.137,
8/31/2013 8:00 PM,0.102,0.169,0.061,0.136,
8/31/2013 10:00 PM,0.096,0.168,0.052,0.134,
9/1/2013 12:00 AM,0.093,0.165,0.049,0.132,
9/1/2013 2:00 AM,0.091,0.162,0.046,0.130,
9/1/2013 4:00 AM,0.089,0.161,0.043,0.128,
9/1/2013 6:00 AM,0.088,0.159,0.043,0.128,
9/1/2013 8:00 AM,0.087,0.157,0.044,0.126,
9/1/2013 10:00 AM,0.092,0.155,0.052,0.126,
9/1/2013 12:00 PM,0.098,0.154,0.064,0.126,
9/1/2013 2:00 PM,0.102,0.158,0.069,0.128,
9/1/2013 4:00 PM,0.103,0.160,0.070,0.128,
9/1/2013 6:00 PM,0.102,0.162,0.066,0.128,
9/1/2013 8:00 PM,0.098,0.161,0.059,0.127,
9/1/2013 10:00 PM,0.094,0.158,0.053,0.124,
9/2/2013 12:00 AM,0.093,0.156,0.052,0.123,
9/2/2013 2:00 AM,0.092,0.153,0.058,0.121,
9/2/2013 4:00 AM,0.089,0.153,0.051,0.120,
9/2/2013 6:00 AM,0.089,0.150,0.055,0.118,
9/2/2013 8:00 AM,0.090,0.153,0.064,0.119,
9/2/2013 10:00 AM,0.096,0.158,0.082,0.122,
9/2/2013 12:00 PM,0.096,0.154,0.078,0.123,
9/2/2013 2:00 PM,0.101,0.158,0.078,0.124,
9/2/2013 4:00 PM,0.105,0.160,0.081,0.125,
9/2/2013 6:00 PM,0.105,0.161,0.076,0.125,
9/2/2013 8:00 PM,0.099,0.162,0.064,0.124,
9/2/2013 10:00 PM,0.098,0.165,0.066,0.126,
9/3/2013 12:00 AM,0.135,0.192,0.109,0.206,
9/3/2013 2:00 AM,0.142,0.187,0.112,0.217,
9/3/2013 4:00 AM,0.155,0.186,0.120,0.222,
9/3/2013 6:00 AM,0.155,0.181,0.120,0.223,
9/3/2013 8:00 AM,0.154,0.178,0.119,0.224,
9/3/2013 10:00 AM,0.152,0.177,0.120,0.224,
9/3/2013 12:00 PM,0.150,0.178,0.119,0.224,
9/3/2013 2:00 PM,0.147,0.181,0.115,0.223,
9/3/2013 4:00 PM,0.142,0.182,0.110,0.222,
9/3/2013 6:00 PM,0.144,0.180,0.110,0.220,
9/3/2013 8:00 PM,0.143,0.179,0.114,0.220,
9/3/2013 10:00 PM,0.141,0.178,0.110,0.220,
9/4/2013 12:00 AM,0.140,0.175,0.108,0.219,
9/4/2013 2:00 AM,0.139,0.173,0.107,0.218,
9/4/2013 4:00 AM,0.138,0.171,0.107,0.217,
9/4/2013 6:00 AM,0.138,0.169,0.107,0.216,
9/4/2013 8:00 AM,0.138,0.168,0.106,0.215,
9/4/2013 10:00 AM,0.138,0.170,0.109,0.214,
9/4/2013 12:00 PM,0.140,0.171,0.111,0.214,
9/4/2013 2:00 PM,0.142,0.177,0.113,0.212,
9/4/2013 4:00 PM,0.143,0.180,0.114,0.212,
9/4/2013 6:00 PM,0.143,0.183,0.110,0.212,
9/4/2013 8:00 PM,0.138,0.183,0.102,0.212,
9/4/2013 10:00 PM,0.135,0.180,0.098,0.212,
9/5/2013 12:00 AM,0.132,0.178,0.096,0.211,
9/5/2013 2:00 AM,0.130,0.177,0.093,0.210,
9/5/2013 4:00 AM,0.128,0.174,0.092,0.208,
9/5/2013 6:00 AM,0.126,0.173,0.092,0.207,
9/5/2013 8:00 AM,0.126,0.172,0.091,0.206,
9/5/2013 10:00 AM,0.128,0.169,0.096,0.202,
9/5/2013 12:00 PM,0.132,0.169,0.101,0.202,
9/5/2013 2:00 PM,0.136,0.174,0.106,0.201,
9/5/2013 4:00 PM,0.138,0.179,0.107,0.201,
9/5/2013 6:00 PM,0.138,0.180,0.105,0.201,
9/5/2013 8:00 PM,0.134,0.182,0.099,0.202,
9/5/2013 10:00 PM,0.129,0.180,0.090,0.204,
9/6/2013 12:00 AM,0.126,0.177,0.087,0.202,
9/6/2013 2:00 AM,0.124,0.174,0.086,0.199,
9/6/2013 4:00 AM,0.123,0.173,0.085,0.198,
9/6/2013 6:00 AM,0.121,0.173,0.083,0.197,
9/6/2013 8:00 AM,0.120,0.171,0.082,0.196,
9/6/2013 10:00 AM,0.121,0.169,0.086,0.193,
9/6/2013 12:00 PM,0.126,0.166,0.094,0.189,
9/6/2013 2:00 PM,0.130,0.172,0.099,0.189,
9/6/2013 4:00 PM,0.129,0.177,0.098,0.192,
9/6/2013 6:00 PM,0.158,0.209,0.126,0.258,
9/6/2013 8:00 PM,0.176,0.221,0.150,0.303,
9/6/2013 10:00 PM,0.192,0.238,0.169,0.324,
9/7/2013 12:00 AM,0.189,0.229,0.167,0.315,
9/7/2013 2:00 AM,0.187,0.225,0.166,0.310,
9/7/2013 4:00 AM,0.185,0.221,0.163,0.305,
9/7/2013 6:00 AM,0.184,0.218,0.162,0.302,
9/7/2013 8:00 AM,0.184,0.216,0.161,0.299,
9/7/2013 10:00 AM,0.184,0.215,0.162,0.296,
9/7/2013 12:00 PM,0.187,0.218,0.165,0.295,
9/7/2013 2:00 PM,0.186,0.217,0.166,0.294,
9/7/2013 4:00 PM,0.184,0.216,0.165,0.293,
9/7/2013 6:00 PM,0.183,0.215,0.162,0.291,
9/7/2013 8:00 PM,0.180,0.212,0.158,0.288,
9/7/2013 10:00 PM,0.178,0.209,0.155,0.285,
9/8/2013 12:00 AM,0.178,0.207,0.154,0.283,
9/8/2013 2:00 AM,0.177,0.205,0.153,0.282,
9/8/2013 4:00 AM,0.177,0.204,0.153,0.280,
9/8/2013 6:00 AM,0.176,0.203,0.152,0.279,
9/8/2013 8:00 AM,0.175,0.203,0.152,0.277,
9/8/2013 10:00 AM,0.175,0.201,0.151,0.277,
9/8/2013 12:00 PM,0.173,0.199,0.150,0.276,
9/8/2013 2:00 PM,0.171,0.202,0.149,0.275,
9/8/2013 4:00 PM,0.169,0.206,0.148,0.274,
9/8/2013 6:00 PM,0.167,0.207,0.145,0.273,
9/8/2013 8:00 PM,0.164,0.208,0.141,0.271,
9/8/2013 10:00 PM,0.161,0.205,0.136,0.269,
9/9/2013 12:00 AM,0.159,0.202,0.134,0.267,
9/9/2013 2:00 AM,0.157,0.200,0.132,0.266,
9/9/2013 4:00 AM,0.156,0.197,0.130,0.264,
9/9/2013 6:00 AM,0.155,0.195,0.130,0.262,
9/9/2013 8:00 AM,0.154,0.193,0.129,0.261,
9/9/2013 10:00 AM,0.153,0.190,0.130,0.259,
9/9/2013 12:00 PM,0.153,0.189,0.131,0.259,
9/9/2013 2:00 PM,0.155,0.195,0.132,0.259,
9/9/2013 4:00 PM,0.158,0.198,0.134,0.258,
9/9/2013 6:00 PM,0.159,0.201,0.133,0.258,
9/9/2013 8:00 PM,0.156,0.204,0.128,0.258,
9/9/2013 10:00 PM,0.153,0.201,0.124,0.257,
9/10/2013 12:00 AM,0.151,0.198,0.121,0.256,
9/10/2013 2:00 AM,0.149,0.196,0.118,0.254,
9/10/2013 4:00 AM,0.147,0.195,0.116,0.253,
9/10/2013 6:00 AM,0.146,0.193,0.114,0.251,
9/10/2013 8:00 AM,0.145,0.191,0.113,0.251,
9/10/2013 10:00 AM,0.145,0.188,0.116,0.248,
9/10/2013 12:00 PM,0.147,0.186,0.118,0.248,
9/10/2013 2:00 PM,0.149,0.189,0.123,0.246,
9/10/2013 4:00 PM,0.152,0.193,0.126,0.246,
9/10/2013 6:00 PM,0.153,0.197,0.125,0.246,
9/10/2013 8:00 PM,0.150,0.199,0.120,0.247,
9/10/2013 10:00 PM,0.148,0.198,0.117,0.246,
9/11/2013 12:00 AM,0.147,0.195,0.115,0.245,
9/11/2013 2:00 AM,0.145,0.194,0.114,0.244,
9/11/2013 4:00 AM,0.143,0.194,0.112,0.244,
9/11/2013 6:00 AM,0.142,0.193,0.109,0.243,
9/11/2013 8:00 AM,0.141,0.191,0.109,0.242,
9/11/2013 10:00 AM,0.141,0.189,0.111,0.240,
9/11/2013 12:00 PM,0.143,0.186,0.124,0.238,
9/11/2013 2:00 PM,0.145,0.190,0.123,0.238,
9/11/2013 4:00 PM,0.148,0.194,0.124,0.237,
9/11/2013 6:00 PM,0.149,0.197,0.122,0.238,
9/11/2013 8:00 PM,0.147,0.199,0.117,0.239,
9/11/2013 10:00 PM,0.150,0.202,0.128,0.236,
9/12/2013 12:00 AM,0.147,0.195,0.131,0.235,
9/12/2013 2:00 AM,0.143,0.194,0.130,0.235,
9/12/2013 4:00 AM,0.142,0.191,0.128,0.235,
9/12/2013 6:00 AM,0.140,0.189,0.127,0.234,
9/12/2013 8:00 AM,0.140,0.187,0.126,0.233,
9/12/2013 10:00 AM,0.140,0.186,0.126,0.233,
9/12/2013 12:00 PM,0.142,0.186,0.126,0.233,
9/12/2013 2:00 PM,0.146,0.193,0.126,0.233,
9/12/2013 4:00 PM,0.145,0.198,0.121,0.235,
9/12/2013 6:00 PM,0.145,0.195,0.120,0.233,
9/12/2013 8:00 PM,0.144,0.198,0.117,0.234,
9/12/2013 10:00 PM,0.142,0.197,0.113,0.234,
9/13/2013 12:00 AM,0.140,0.195,0.112,0.233,
9/13/2013 2:00 AM,0.140,0.193,0.111,0.233,
9/13/2013 4:00 AM,0.139,0.192,0.111,0.232,
9/13/2013 6:00 AM,0.138,0.191,0.110,0.232,
9/13/2013 8:00 AM,0.138,0.191,0.115,0.230,
9/13/2013 10:00 AM,0.138,0.211,0.138,0.230,
9/13/2013 12:00 PM,0.188,0.258,0.187,0.302,
9/13/2013 2:00 PM,0.261,0.298,0.251,0.350,
9/13/2013 4:00 PM,0.268,0.306,0.261,0.339,
9/13/2013 6:00 PM,0.264,0.307,0.256,0.333,
9/13/2013 8:00 PM,0.259,0.304,0.253,0.327,
9/13/2013 10:00 PM,0.256,0.301,0.250,0.322,
9/14/2013 12:00 AM,0.254,0.299,0.248,0.319,
9/14/2013 2:00 AM,0.252,0.297,0.246,0.317,
9/14/2013 4:00 AM,0.251,0.296,0.245,0.314,
9/14/2013 6:00 AM,0.250,0.295,0.245,0.313,
9/14/2013 8:00 AM,0.253,0.297,0.246,0.312,
9/14/2013 10:00 AM,0.279,0.311,0.252,0.341,
9/14/2013 12:00 PM,0.324,0.338,0.285,0.366,
9/14/2013 2:00 PM,0.324,0.358,0.323,0.359,
9/14/2013 4:00 PM,0.318,0.362,0.325,0.354,
9/14/2013 6:00 PM,0.313,0.359,0.320,0.351,
9/14/2013 8:00 PM,0.308,0.353,0.315,0.346,
9/14/2013 10:00 PM,0.305,0.348,0.312,0.341,
9/15/2013 12:00 AM,0.302,0.346,0.309,0.338,
9/15/2013 2:00 AM,0.300,0.343,0.308,0.337,
9/15/2013 4:00 AM,0.299,0.341,0.306,0.335,
9/15/2013 6:00 AM,0.298,0.339,0.305,0.333,
9/15/2013 8:00 AM,0.297,0.338,0.304,0.332,
9/15/2013 10:00 AM,0.296,0.339,0.304,0.333,
9/15/2013 12:00 PM,0.295,0.341,0.303,0.333,
9/15/2013 2:00 PM,0.293,0.343,0.302,0.332,
9/15/2013 4:00 PM,0.290,0.342,0.300,0.331,
9/15/2013 6:00 PM,0.288,0.342,0.299,0.329,
9/15/2013 8:00 PM,0.285,0.340,0.297,0.327,
9/15/2013 10:00 PM,0.282,0.336,0.295,0.324,
9/16/2013 12:00 AM,0.280,0.334,0.293,0.322,
9/16/2013 2:00 AM,0.279,0.332,0.292,0.321,
9/16/2013 4:00 AM,0.277,0.331,0.291,0.320,
9/16/2013 6:00 AM,0.277,0.330,0.291,0.319,
9/16/2013 8:00 AM,0.276,0.329,0.290,0.318,
9/16/2013 10:00 AM,0.274,0.329,0.289,0.319,
9/16/2013 12:00 PM,0.273,0.331,0.288,0.319,
9/16/2013 2:00 PM,0.272,0.334,0.286,0.319,
9/16/2013 4:00 PM,0.271,0.336,0.284,0.318,
9/16/2013 6:00 PM,0.269,0.336,0.283,0.316,
9/16/2013 8:00 PM,0.266,0.333,0.281,0.313,
9/16/2013 10:00 PM,0.263,0.330,0.279,0.311,
9/17/2013 12:00 AM,0.261,0.328,0.277,0.308,
9/17/2013 2:00 AM,0.258,0.326,0.276,0.307,
9/17/2013 4:00 AM,0.256,0.324,0.275,0.305,
9/17/2013 6:00 AM,0.254,0.323,0.273,0.304,
9/17/2013 8:00 AM,0.252,0.322,0.272,0.302,
9/17/2013 10:00 AM,0.250,0.321,0.271,0.301,
9/17/2013 12:00 PM,0.248,0.322,0.270,0.302,
9/17/2013 2:00 PM,0.249,0.327,0.270,0.301,
9/17/2013 4:00 PM,0.249,0.328,0.269,0.301,
9/17/2013 6:00 PM,0.250,0.328,0.268,0.300,
9/17/2013 8:00 PM,0.249,0.327,0.268,0.299,
9/17/2013 10:00 PM,0.247,0.324,0.266,0.297,
9/18/2013 12:00 AM,0.246,0.322,0.265,0.295,
9/18/2013 2:00 AM,0.244,0.319,0.263,0.293,
9/18/2013 4:00 AM,0.243,0.317,0.261,0.291,
9/18/2013 6:00 AM,0.241,0.316,0.261,0.290,
9/18/2013 8:00 AM,0.240,0.314,0.260,0.289,
9/18/2013 10:00 AM,0.237,0.313,0.259,0.288,
9/18/2013 12:00 PM,0.235,0.313,0.258,0.288,
9/18/2013 2:00 PM,0.236,0.316,0.257,0.288,
9/18/2013 4:00 PM,0.236,0.318,0.257,0.288,
9/18/2013 6:00 PM,0.238,0.319,0.258,0.287,
9/18/2013 8:00 PM,0.238,0.318,0.256,0.286,
9/18/2013 10:00 PM,0.236,0.315,0.254,0.285,
9/19/2013 12:00 AM,0.235,0.313,0.253,0.283,
9/19/2013 2:00 AM,0.233,0.311,0.251,0.283,
9/19/2013 4:00 AM,0.233,0.310,0.250,0.281,
9/19/2013 6:00 AM,0.232,0.308,0.249,0.280,
9/19/2013 8:00 AM,0.231,0.306,0.248,0.279,
9/19/2013 10:00 AM,0.228,0.305,0.248,0.278,
9/19/2013 12:00 PM,0.225,0.305,0.247,0.278,
9/19/2013 2:00 PM,0.225,0.309,0.246,0.278,
9/19/2013 4:00 PM,0.226,0.311,0.246,0.278,
9/19/2013 6:00 PM,0.228,0.313,0.247,0.278,
9/19/2013 8:00 PM,0.230,0.312,0.245,0.278,
9/19/2013 10:00 PM,0.228,0.309,0.243,0.277,
9/20/2013 12:00 AM,0.227,0.306,0.241,0.276,
9/20/2013 2:00 AM,0.226,0.304,0.240,0.275,
9/20/2013 4:00 AM,0.225,0.303,0.239,0.274,
9/20/2013 6:00 AM,0.225,0.301,0.239,0.273,
9/20/2013 8:00 AM,0.224,0.300,0.238,0.272,
9/20/2013 10:00 AM,0.221,0.299,0.239,0.271,
9/20/2013 12:00 PM,0.217,0.299,0.238,0.271,
9/20/2013 2:00 PM,0.218,0.304,0.237,0.272,
9/20/2013 4:00 PM,0.218,0.307,0.237,0.272,
9/20/2013 6:00 PM,0.221,0.309,0.239,0.272,
9/20/2013 8:00 PM,0.223,0.309,0.238,0.272,
9/20/2013 10:00 PM,0.222,0.307,0.236,0.272,
9/21/2013 12:00 AM,0.221,0.305,0.234,0.271,
9/21/2013 2:00 AM,0.220,0.304,0.234,0.271,
9/21/2013 4:00 AM,0.219,0.303,0.233,0.270,
9/21/2013 6:00 AM,0.219,0.301,0.232,0.269,
9/21/2013 8:00 AM,0.218,0.300,0.232,0.269,
9/21/2013 10:00 AM,0.215,0.299,0.232,0.267,
9/21/2013 12:00 PM,0.212,0.299,0.230,0.267,
9/21/2013 2:00 PM,0.212,0.304,0.229,0.267,
9/21/2013 4:00 PM,0.212,0.306,0.228,0.267,
9/21/2013 6:00 PM,0.213,0.308,0.229,0.268,
9/21/2013 8:00 PM,0.214,0.307,0.228,0.268,
9/21/2013 10:00 PM,0.213,0.306,0.226,0.267,
9/22/2013 12:00 AM,0.212,0.305,0.225,0.266,
9/22/2013 2:00 AM,0.212,0.304,0.224,0.266,
9/22/2013 4:00 AM,0.211,0.303,0.223,0.266,
9/22/2013 6:00 AM,0.211,0.301,0.222,0.265,
9/22/2013 8:00 AM,0.211,0.300,0.221,0.264,
9/22/2013 10:00 AM,0.209,0.299,0.220,0.263,
9/22/2013 12:00 PM,0.206,0.299,0.219,0.262,
9/22/2013 2:00 PM,0.205,0.301,0.217,0.261,
9/22/2013 4:00 PM,0.205,0.302,0.215,0.261,
9/22/2013 6:00 PM,0.207,0.304,0.217,0.261,
9/22/2013 8:00 PM,0.208,0.304,0.217,0.262,
9/22/2013 10:00 PM,0.207,0.302,0.215,0.262,
9/23/2013 12:00 AM,0.206,0.300,0.214,0.261,
9/23/2013 2:00 AM,0.206,0.298,0.213,0.261,
9/23/2013 4:00 AM,0.205,0.297,0.212,0.260,
9/23/2013 6:00 AM,0.205,0.295,0.211,0.260,
9/23/2013 8:00 AM,0.204,0.294,0.212,0.259,
9/23/2013 10:00 AM,0.201,0.293,0.211,0.257,
9/23/2013 12:00 PM,0.199,0.292,0.208,0.257,
9/23/2013 2:00 PM,0.198,0.297,0.206,0.257,
9/23/2013 4:00 PM,0.198,0.299,0.205,0.256,
9/23/2013 6:00 PM,0.201,0.300,0.208,0.257,
9/23/2013 8:00 PM,0.203,0.300,0.208,0.258,
9/23/2013 10:00 PM,0.202,0.298,0.206,0.258,
9/24/2013 12:00 AM,0.201,0.297,0.205,0.257,
9/24/2013 2:00 AM,0.201,0.295,0.205,0.257,
9/24/2013 4:00 AM,0.200,0.294,0.203,0.256,
9/24/2013 6:00 AM,0.199,0.292,0.202,0.256,
9/24/2013 8:00 AM,0.199,0.291,0.203,0.256,
9/24/2013 10:00 AM,0.197,0.290,0.203,0.253,
9/24/2013 12:00 PM,0.194,0.290,0.200,0.253,
9/24/2013 2:00 PM,0.194,0.294,0.198,0.253,
9/24/2013 4:00 PM,0.194,0.296,0.196,0.252,
9/24/2013 6:00 PM,0.195,0.298,0.198,0.253,
9/24/2013 8:00 PM,0.195,0.298,0.198,0.254,
9/24/2013 10:00 PM,0.195,0.296,0.196,0.254,
9/25/2013 12:00 AM,0.195,0.294,0.195,0.254,
9/25/2013 2:00 AM,0.194,0.293,0.193,0.253,
9/25/2013 4:00 AM,0.194,0.292,0.193,0.253,
9/25/2013 6:00 AM,0.193,0.291,0.193,0.252,
9/25/2013 8:00 AM,0.193,0.290,0.192,0.252,
9/25/2013 10:00 AM,0.192,0.290,0.192,0.251,
9/25/2013 12:00 PM,0.192,0.289,0.192,0.251,
9/25/2013 2:00 PM,0.191,0.289,0.190,0.250,
9/25/2013 4:00 PM,0.190,0.290,0.189,0.250,
9/25/2013 6:00 PM,0.190,0.290,0.188,0.250,
9/25/2013 8:00 PM,0.190,0.290,0.187,0.251,
9/25/2013 10:00 PM,0.190,0.289,0.186,0.250,
9/26/2013 12:00 AM,0.190,0.288,0.185,0.250,
9/26/2013 2:00 AM,0.189,0.286,0.185,0.250,
9/26/2013 4:00 AM,0.189,0.286,0.185,0.249,
9/26/2013 6:00 AM,0.189,0.285,0.185,0.249,
9/26/2013 8:00 AM,0.189,0.284,0.184,0.249,
9/26/2013 10:00 AM,0.188,0.283,0.184,0.248,
9/26/2013 12:00 PM,0.187,0.283,0.183,0.248,
9/26/2013 2:00 PM,0.187,0.285,0.183,0.248,
9/26/2013 4:00 PM,0.187,0.285,0.182,0.247,
9/26/2013 6:00 PM,0.187,0.286,0.182,0.247,
9/26/2013 8:00 PM,0.188,0.287,0.181,0.248,
9/26/2013 10:00 PM,0.187,0.285,0.180,0.248,
9/27/2013 12:00 AM,0.192,0.284,0.196,0.245,
9/27/2013 2:00 AM,0.203,0.296,0.221,0.247,
9/27/2013 4:00 AM,0.211,0.290,0.221,0.249,
9/27/2013 6:00 AM,0.212,0.287,0.221,0.250,
9/27/2013 8:00 AM,0.211,0.283,0.219,0.251,
9/27/2013 10:00 AM,0.207,0.282,0.219,0.251,
9/27/2013 12:00 PM,0.204,0.283,0.220,0.252,
9/27/2013 2:00 PM,0.199,0.287,0.214,0.254,
9/27/2013 4:00 PM,0.198,0.289,0.211,0.255,
9/27/2013 6:00 PM,0.198,0.289,0.209,0.255,
9/27/2013 8:00 PM,0.198,0.287,0.207,0.255,
9/27/2013 10:00 PM,0.197,0.284,0.205,0.255,
9/28/2013 12:00 AM,0.197,0.283,0.204,0.254,
9/28/2013 2:00 AM,0.197,0.281,0.204,0.254,
9/28/2013 4:00 AM,0.197,0.279,0.204,0.254,
9/28/2013 6:00 AM,0.197,0.278,0.203,0.253,
9/28/2013 8:00 AM,0.196,0.277,0.203,0.253,
9/28/2013 10:00 AM,0.194,0.276,0.202,0.252,
9/28/2013 12:00 PM,0.191,0.277,0.198,0.252,
9/28/2013 2:00 PM,0.191,0.283,0.194,0.253,
9/28/2013 4:00 PM,0.192,0.286,0.191,0.253,
9/28/2013 6:00 PM,0.194,0.287,0.192,0.253,
9/28/2013 8:00 PM,0.194,0.287,0.191,0.254,
9/28/2013 10:00 PM,0.194,0.284,0.189,0.254,
9/29/2013 12:00 AM,0.193,0.283,0.188,0.253,
9/29/2013 2:00 AM,0.193,0.281,0.187,0.253,
9/29/2013 4:00 AM,0.192,0.280,0.186,0.252,
9/29/2013 6:00 AM,0.192,0.279,0.187,0.251,
9/29/2013 8:00 AM,0.191,0.279,0.186,0.251,
9/29/2013 10:00 AM,0.191,0.280,0.185,0.251,
9/29/2013 12:00 PM,0.189,0.280,0.184,0.251,
9/29/2013 2:00 PM,0.189,0.282,0.183,0.251,
9/29/2013 4:00 PM,0.189,0.282,0.182,0.250,
9/29/2013 6:00 PM,0.189,0.284,0.181,0.250,
9/29/2013 8:00 PM,0.189,0.284,0.180,0.250,
9/29/2013 10:00 PM,0.189,0.283,0.180,0.250,
9/30/2013 12:00 AM,0.188,0.283,0.179,0.250,
9/30/2013 2:00 AM,0.187,0.283,0.178,0.249,
9/30/2013 4:00 AM,0.187,0.283,0.177,0.248,
9/30/2013 6:00 AM,0.187,0.282,0.177,0.248,
9/30/2013 8:00 AM,0.186,0.282,0.177,0.247,
9/30/2013 10:00 AM,0.185,0.282,0.175,0.247,
9/30/2013 12:00 PM,0.184,0.281,0.174,0.245,
9/30/2013 2:00 PM,0.183,0.284,0.173,0.244,
9/30/2013 4:00 PM,0.184,0.287,0.174,0.244,
9/30/2013 6:00 PM,0.184,0.288,0.175,0.244,
9/30/2013 8:00 PM,0.184,0.287,0.172,0.245,
9/30/2013 10:00 PM,0.183,0.284,0.168,0.246,
10/1/2013 12:00 AM,0.182,0.282,0.166,0.245,
10/1/2013 2:00 AM,0.182,0.280,0.165,0.245,
10/1/2013 4:00 AM,0.181,0.279,0.165,0.245,
10/1/2013 6:00 AM,0.181,0.278,0.164,0.244,
10/1/2013 8:00 AM,0.180,0.276,0.164,0.244,
10/1/2013 10:00 AM,0.179,0.274,0.166,0.241,
10/1/2013 12:00 PM,0.178,0.273,0.165,0.241,
10/1/2013 2:00 PM,0.178,0.277,0.164,0.240,
10/1/2013 4:00 PM,0.179,0.280,0.164,0.239,
10/1/2013 6:00 PM,0.180,0.282,0.164,0.240,
10/1/2013 8:00 PM,0.180,0.282,0.161,0.242,
10/1/2013 10:00 PM,0.179,0.280,0.157,0.242,
10/2/2013 12:00 AM,0.178,0.277,0.158,0.241,
10/2/2013 2:00 AM,0.178,0.277,0.156,0.241,
10/2/2013 4:00 AM,0.177,0.276,0.156,0.241,
10/2/2013 6:00 AM,0.177,0.276,0.154,0.241,
10/2/2013 8:00 AM,0.176,0.274,0.152,0.240,
10/2/2013 10:00 AM,0.175,0.273,0.153,0.240,
10/2/2013 12:00 PM,0.175,0.273,0.153,0.239,
10/2/2013 2:00 PM,0.175,0.273,0.155,0.237,
10/2/2013 4:00 PM,0.175,0.275,0.155,0.237,
10/2/2013 6:00 PM,0.175,0.277,0.153,0.239,
10/2/2013 8:00 PM,0.175,0.276,0.151,0.239,
10/2/2013 10:00 PM,0.174,0.275,0.148,0.239,
10/3/2013 12:00 AM,0.174,0.273,0.148,0.238,
10/3/2013 2:00 AM,0.174,0.271,0.148,0.238,
10/3/2013 4:00 AM,0.173,0.271,0.148,0.238,
10/3/2013 6:00 AM,0.173,0.270,0.147,0.237,
10/3/2013 8:00 AM,0.173,0.269,0.147,0.237,
10/3/2013 10:00 AM,0.173,0.267,0.147,0.236,
10/3/2013 12:00 PM,0.172,0.266,0.148,0.235,
10/3/2013 2:00 PM,0.172,0.270,0.150,0.235,
10/3/2013 4:00 PM,0.172,0.272,0.150,0.235,
10/3/2013 6:00 PM,0.172,0.272,0.147,0.236,
10/3/2013 8:00 PM,0.171,0.271,0.143,0.236,
10/3/2013 10:00 PM,0.171,0.270,0.143,0.236,
10/4/2013 12:00 AM,0.170,0.269,0.142,0.235,
10/4/2013 2:00 AM,0.170,0.268,0.142,0.235,
10/4/2013 4:00 AM,0.170,0.267,0.142,0.235,
10/4/2013 6:00 AM,0.170,0.266,0.141,0.234,
10/4/2013 8:00 AM,0.169,0.265,0.141,0.234,
10/4/2013 10:00 AM,0.169,0.264,0.142,0.234,
10/4/2013 12:00 PM,0.169,0.262,0.143,0.233,
10/4/2013 2:00 PM,0.169,0.264,0.144,0.233,
10/4/2013 4:00 PM,0.169,0.266,0.145,0.233,
10/4/2013 6:00 PM,0.170,0.268,0.143,0.233,
10/4/2013 8:00 PM,0.169,0.268,0.138,0.234,
10/4/2013 10:00 PM,0.169,0.267,0.133,0.234,
10/5/2013 12:00 AM,0.169,0.265,0.132,0.234,
10/5/2013 2:00 AM,0.169,0.264,0.131,0.233,
10/5/2013 4:00 AM,0.169,0.263,0.130,0.233,
10/5/2013 6:00 AM,0.169,0.261,0.130,0.233,
10/5/2013 8:00 AM,0.169,0.261,0.130,0.233,
10/5/2013 10:00 AM,0.167,0.257,0.137,0.231,
10/5/2013 12:00 PM,0.166,0.252,0.142,0.230,
10/5/2013 2:00 PM,0.166,0.258,0.143,0.230,
10/5/2013 4:00 PM,0.168,0.262,0.145,0.230,
10/5/2013 6:00 PM,0.168,0.264,0.143,0.230,
10/5/2013 8:00 PM,0.168,0.265,0.137,0.233,
10/5/2013 10:00 PM,0.166,0.264,0.133,0.233,
10/6/2013 12:00 AM,0.166,0.263,0.130,0.233,
10/6/2013 2:00 AM,0.166,0.262,0.128,0.232,
10/6/2013 4:00 AM,0.166,0.261,0.127,0.232,
10/6/2013 6:00 AM,0.166,0.260,0.126,0.232,
10/6/2013 8:00 AM,0.166,0.259,0.127,0.231,
10/6/2013 10:00 AM,0.165,0.255,0.134,0.229,
10/6/2013 12:00 PM,0.164,0.250,0.139,0.228,
10/6/2013 2:00 PM,0.165,0.256,0.142,0.228,
10/6/2013 4:00 PM,0.166,0.260,0.143,0.227,
10/6/2013 6:00 PM,0.167,0.262,0.142,0.228,
10/6/2013 8:00 PM,0.166,0.264,0.134,0.231,
10/6/2013 10:00 PM,0.165,0.264,0.128,0.231,
10/7/2013 12:00 AM,0.164,0.262,0.125,0.231,
10/7/2013 2:00 AM,0.164,0.261,0.124,0.230,
10/7/2013 4:00 AM,0.164,0.259,0.124,0.230,
10/7/2013 6:00 AM,0.164,0.259,0.124,0.230,
10/7/2013 8:00 AM,0.164,0.257,0.124,0.229,
10/7/2013 10:00 AM,0.163,0.254,0.132,0.227,
10/7/2013 12:00 PM,0.162,0.248,0.138,0.226,
10/7/2013 2:00 PM,0.164,0.255,0.140,0.225,
10/7/2013 4:00 PM,0.165,0.259,0.139,0.226,
10/7/2013 6:00 PM,0.165,0.261,0.136,0.227,
10/7/2013 8:00 PM,0.164,0.261,0.130,0.228,
10/7/2013 10:00 PM,0.162,0.261,0.126,0.229,
10/8/2013 12:00 AM,0.162,0.260,0.125,0.228,
10/8/2013 2:00 AM,0.162,0.258,0.125,0.228,
10/8/2013 4:00 AM,0.161,0.257,0.124,0.227,
10/8/2013 6:00 AM,0.161,0.257,0.124,0.227,
10/8/2013 8:00 AM,0.161,0.256,0.123,0.227,
10/8/2013 10:00 AM,0.161,0.253,0.127,0.226,
10/8/2013 12:00 PM,0.161,0.251,0.130,0.225,
10/8/2013 2:00 PM,0.161,0.251,0.134,0.224,
10/8/2013 4:00 PM,0.162,0.256,0.135,0.224,
10/8/2013 6:00 PM,0.162,0.258,0.134,0.224,
10/8/2013 8:00 PM,0.161,0.260,0.125,0.226,
10/8/2013 10:00 PM,0.160,0.258,0.122,0.226,
10/9/2013 12:00 AM,0.159,0.256,0.122,0.225,
10/9/2013 2:00 AM,0.159,0.255,0.121,0.225,
10/9/2013 4:00 AM,0.158,0.254,0.120,0.225,
10/9/2013 6:00 AM,0.158,0.254,0.120,0.225,
10/9/2013 8:00 AM,0.158,0.253,0.119,0.224,
10/9/2013 10:00 AM,0.158,0.251,0.122,0.224,
10/9/2013 12:00 PM,0.158,0.245,0.126,0.222,
10/9/2013 2:00 PM,0.159,0.248,0.129,0.222,
10/9/2013 4:00 PM,0.159,0.251,0.130,0.222,
10/9/2013 6:00 PM,0.159,0.254,0.125,0.223,
10/9/2013 8:00 PM,0.158,0.254,0.123,0.223,
10/9/2013 10:00 PM,0.158,0.253,0.122,0.223,
10/10/2013 12:00 AM,0.157,0.253,0.120,0.223,
10/10/2013 2:00 AM,0.156,0.251,0.121,0.222,
10/10/2013 4:00 AM,0.156,0.250,0.125,0.222,
10/10/2013 6:00 AM,0.156,0.250,0.123,0.221,
10/10/2013 8:00 AM,0.163,0.246,0.154,0.217,
10/10/2013 10:00 AM,0.169,0.255,0.169,0.216,
10/10/2013 12:00 PM,0.172,0.263,0.174,0.221,
10/10/2013 2:00 PM,0.218,0.301,0.236,0.288,
10/10/2013 4:00 PM,0.245,0.310,0.258,0.323,
10/10/2013 6:00 PM,0.253,0.310,0.260,0.323,
10/10/2013 8:00 PM,0.255,0.307,0.258,0.321,
10/10/2013 10:00 PM,0.254,0.304,0.259,0.319,
10/11/2013 12:00 AM,0.253,0.303,0.258,0.317,
10/11/2013 2:00 AM,0.252,0.301,0.258,0.315,
10/11/2013 4:00 AM,0.252,0.300,0.257,0.313,
10/11/2013 6:00 AM,0.252,0.299,0.257,0.312,
10/11/2013 8:00 AM,0.252,0.298,0.256,0.311,
10/11/2013 10:00 AM,0.252,0.297,0.256,0.311,
10/11/2013 12:00 PM,0.250,0.299,0.255,0.311,
10/11/2013 2:00 PM,0.248,0.302,0.253,0.311,
10/11/2013 4:00 PM,0.246,0.303,0.251,0.310,
10/11/2013 6:00 PM,0.244,0.302,0.249,0.309,
10/11/2013 8:00 PM,0.243,0.299,0.246,0.306,
10/11/2013 10:00 PM,0.241,0.296,0.245,0.304,
10/12/2013 12:00 AM,0.240,0.293,0.243,0.302,
10/12/2013 2:00 AM,0.239,0.292,0.242,0.301,
10/12/2013 4:00 AM,0.238,0.291,0.242,0.300,
10/12/2013 6:00 AM,0.238,0.290,0.241,0.299,
10/12/2013 8:00 AM,0.238,0.290,0.241,0.298,
10/12/2013 10:00 AM,0.237,0.290,0.240,0.298,
10/12/2013 12:00 PM,0.235,0.291,0.240,0.299,
10/12/2013 2:00 PM,0.234,0.295,0.239,0.299,
10/12/2013 4:00 PM,0.233,0.298,0.238,0.299,
10/12/2013 6:00 PM,0.232,0.297,0.237,0.298,
10/12/2013 8:00 PM,0.231,0.294,0.236,0.296,
10/12/2013 10:00 PM,0.230,0.292,0.236,0.295,
10/13/2013 12:00 AM,0.229,0.291,0.236,0.293,
10/13/2013 2:00 AM,0.229,0.290,0.235,0.292,
10/13/2013 4:00 AM,0.230,0.289,0.236,0.291,
10/13/2013 6:00 AM,0.228,0.288,0.235,0.291,
10/13/2013 8:00 AM,0.228,0.287,0.235,0.290,
10/13/2013 10:00 AM,0.228,0.287,0.235,0.290,
10/13/2013 12:00 PM,0.233,0.292,0.240,0.290,
10/13/2013 2:00 PM,0.240,0.302,0.249,0.299,
10/13/2013 4:00 PM,0.252,0.312,0.260,0.317,
10/13/2013 6:00 PM,0.260,0.313,0.262,0.321,
10/13/2013 8:00 PM,0.261,0.314,0.264,0.321,
10/13/2013 10:00 PM,0.262,0.312,0.265,0.320,
10/14/2013 12:00 AM,0.262,0.311,0.266,0.319,
10/14/2013 2:00 AM,0.262,0.310,0.266,0.318,
10/14/2013 4:00 AM,0.263,0.311,0.266,0.317,
10/14/2013 6:00 AM,0.265,0.314,0.267,0.318,
10/14/2013 8:00 AM,0.267,0.313,0.267,0.318,
10/14/2013 10:00 AM,0.267,0.312,0.268,0.318,
10/14/2013 12:00 PM,0.265,0.313,0.268,0.319,
10/14/2013 2:00 PM,0.264,0.314,0.267,0.319,
10/14/2013 4:00 PM,0.262,0.315,0.266,0.318,
10/14/2013 6:00 PM,0.261,0.314,0.265,0.317,
10/14/2013 8:00 PM,0.259,0.311,0.262,0.315,
10/14/2013 10:00 PM,0.257,0.308,0.261,0.313,
10/15/2013 12:00 AM,0.256,0.306,0.260,0.311,
10/15/2013 2:00 AM,0.255,0.304,0.259,0.310,
10/15/2013 4:00 AM,0.254,0.303,0.258,0.309,
10/15/2013 6:00 AM,0.253,0.302,0.258,0.308,
10/15/2013 8:00 AM,0.253,0.301,0.257,0.307,
10/15/2013 10:00 AM,0.252,0.301,0.257,0.307,
10/15/2013 12:00 PM,0.251,0.302,0.256,0.308,
10/15/2013 2:00 PM,0.250,0.304,0.255,0.308,
10/15/2013 4:00 PM,0.248,0.306,0.254,0.308,
10/15/2013 6:00 PM,0.247,0.306,0.252,0.306,
10/15/2013 8:00 PM,0.245,0.303,0.251,0.305,
10/15/2013 10:00 PM,0.245,0.301,0.250,0.303,
10/16/2013 12:00 AM,0.243,0.299,0.249,0.302,
10/16/2013 2:00 AM,0.242,0.297,0.248,0.300,
10/16/2013 4:00 AM,0.240,0.295,0.247,0.299,
10/16/2013 6:00 AM,0.238,0.294,0.245,0.299,
10/16/2013 8:00 AM,0.235,0.293,0.243,0.298,
10/16/2013 10:00 AM,0.233,0.292,0.245,0.298,
10/16/2013 12:00 PM,0.234,0.293,0.246,0.299,
10/16/2013 2:00 PM,0.235,0.299,0.245,0.299,
10/16/2013 4:00 PM,0.234,0.301,0.245,0.299,
10/16/2013 6:00 PM,0.234,0.301,0.244,0.298,
10/16/2013 8:00 PM,0.233,0.299,0.243,0.297,
10/16/2013 10:00 PM,0.233,0.297,0.242,0.295,
10/17/2013 12:00 AM,0.232,0.294,0.240,0.293,
10/17/2013 2:00 AM,0.231,0.292,0.240,0.292,
10/17/2013 4:00 AM,0.230,0.291,0.240,0.291,
10/17/2013 6:00 AM,0.228,0.290,0.238,0.291,
10/17/2013 8:00 AM,0.226,0.290,0.237,0.290,
10/17/2013 10:00 AM,0.226,0.289,0.239,0.290,
10/17/2013 12:00 PM,0.225,0.290,0.239,0.291,
10/17/2013 2:00 PM,0.225,0.295,0.237,0.292,
10/17/2013 4:00 PM,0.224,0.298,0.237,0.292,
10/17/2013 6:00 PM,0.224,0.299,0.237,0.291,
10/17/2013 8:00 PM,0.225,0.297,0.235,0.290,
10/17/2013 10:00 PM,0.224,0.294,0.234,0.289,
10/18/2013 12:00 AM,0.223,0.292,0.233,0.287,
10/18/2013 2:00 AM,0.223,0.290,0.232,0.286,
10/18/2013 4:00 AM,0.222,0.289,0.232,0.285,
10/18/2013 6:00 AM,0.221,0.288,0.231,0.284,
10/18/2013 8:00 AM,0.219,0.287,0.231,0.283,
10/18/2013 10:00 AM,0.219,0.286,0.232,0.283,
10/18/2013 12:00 PM,0.216,0.287,0.231,0.284,
10/18/2013 2:00 PM,0.216,0.291,0.229,0.285,
10/18/2013 4:00 PM,0.215,0.294,0.229,0.285,
10/18/2013 6:00 PM,0.217,0.295,0.230,0.285,
10/18/2013 8:00 PM,0.218,0.293,0.229,0.284,
10/18/2013 10:00 PM,0.217,0.291,0.227,0.283,
10/19/2013 12:00 AM,0.217,0.289,0.226,0.281,
10/19/2013 2:00 AM,0.216,0.288,0.225,0.280,
10/19/2013 4:00 AM,0.215,0.286,0.225,0.280,
10/19/2013 6:00 AM,0.214,0.285,0.225,0.279,
10/19/2013 8:00 AM,0.212,0.283,0.223,0.278,
10/19/2013 10:00 AM,0.212,0.283,0.225,0.278,
10/19/2013 12:00 PM,0.210,0.283,0.225,0.278,
10/19/2013 2:00 PM,0.210,0.289,0.223,0.279,
10/19/2013 4:00 PM,0.210,0.292,0.224,0.280,
10/19/2013 6:00 PM,0.212,0.293,0.225,0.280,
10/19/2013 8:00 PM,0.213,0.292,0.224,0.279,
10/19/2013 10:00 PM,0.213,0.290,0.223,0.278,
10/20/2013 12:00 AM,0.212,0.288,0.222,0.277,
10/20/2013 2:00 AM,0.212,0.287,0.221,0.276,
10/20/2013 4:00 AM,0.212,0.285,0.221,0.276,
10/20/2013 6:00 AM,0.211,0.285,0.220,0.275,
10/20/2013 8:00 AM,0.211,0.284,0.220,0.275,
10/20/2013 10:00 AM,0.210,0.283,0.220,0.274,
10/20/2013 12:00 PM,0.207,0.283,0.220,0.274,
10/20/2013 2:00 PM,0.206,0.286,0.218,0.274,
10/20/2013 4:00 PM,0.206,0.290,0.218,0.275,
10/20/2013 6:00 PM,0.208,0.291,0.220,0.275,
10/20/2013 8:00 PM,0.210,0.290,0.219,0.275,
10/20/2013 10:00 PM,0.210,0.288,0.217,0.274,
10/21/2013 12:00 AM,0.210,0.286,0.216,0.273,
10/21/2013 2:00 AM,0.209,0.285,0.215,0.272,
10/21/2013 4:00 AM,0.209,0.283,0.215,0.271,
10/21/2013 6:00 AM,0.208,0.283,0.215,0.271,
10/21/2013 8:00 AM,0.208,0.282,0.214,0.271,
10/21/2013 10:00 AM,0.207,0.281,0.214,0.270,
10/21/2013 12:00 PM,0.203,0.281,0.214,0.270,
10/21/2013 2:00 PM,0.203,0.285,0.212,0.271,
10/21/2013 4:00 PM,0.203,0.288,0.212,0.271,
10/21/2013 6:00 PM,0.204,0.290,0.216,0.271,
10/21/2013 8:00 PM,0.207,0.289,0.214,0.271,
10/21/2013 10:00 PM,0.207,0.287,0.212,0.271,
10/22/2013 12:00 AM,0.207,0.285,0.212,0.270,
10/22/2013 2:00 AM,0.206,0.283,0.211,0.269,
10/22/2013 4:00 AM,0.206,0.283,0.211,0.269,
10/22/2013 6:00 AM,0.206,0.282,0.211,0.268,
10/22/2013 8:00 AM,0.206,0.281,0.211,0.268,
10/22/2013 10:00 AM,0.204,0.279,0.211,0.267,
10/22/2013 12:00 PM,0.199,0.279,0.210,0.266,
10/22/2013 2:00 PM,0.200,0.283,0.208,0.269,
10/22/2013 4:00 PM,0.199,0.287,0.208,0.268,
10/22/2013 6:00 PM,0.201,0.289,0.212,0.270,
10/22/2013 8:00 PM,0.204,0.288,0.210,0.271,
10/22/2013 10:00 PM,0.204,0.285,0.209,0.269,
10/23/2013 12:00 AM,0.204,0.284,0.208,0.268,
10/23/2013 2:00 AM,0.203,0.283,0.207,0.268,
10/23/2013 4:00 AM,0.203,0.282,0.207,0.267,
10/23/2013 6:00 AM,0.203,0.281,0.206,0.266,
10/23/2013 8:00 AM,0.203,0.279,0.205,0.266,
10/23/2013 10:00 AM,0.201,0.277,0.206,0.265,
10/23/2013 12:00 PM,0.197,0.277,0.204,0.264,
10/23/2013 2:00 PM,0.197,0.282,0.203,0.266,
