H2M2_1,Port 1,Port 2,Port 3,Port 4,Port 5
2170 records,10HS Soil Moisture,10HS Soil Moisture,10HS Soil Moisture,10HS Soil Moisture,
Measurement Time,m³/m³ VWC,m³/m³ VWC,m³/m³ VWC,m³/m³ VWC,None
4/25/2013 2:00 PM,0.319,0.337,0.339,0.307,
4/25/2013 4:00 PM,0.328,0.355,0.356,0.320,
4/25/2013 6:00 PM,0.329,0.354,0.356,0.321,
4/25/2013 8:00 PM,0.329,0.352,0.355,0.321,
4/25/2013 10:00 PM,0.327,0.345,0.350,0.319,
4/26/2013 12:00 AM,0.325,0.342,0.346,0.317,
4/26/2013 2:00 AM,0.323,0.339,0.342,0.315,
4/26/2013 4:00 AM,0.322,0.337,0.341,0.313,
4/26/2013 6:00 AM,0.321,0.335,0.339,0.312,
4/26/2013 8:00 AM,0.320,0.334,0.337,0.311,
4/26/2013 10:00 AM,0.320,0.337,0.341,0.311,
4/26/2013 12:00 PM,0.322,0.343,0.347,0.313,
4/26/2013 2:00 PM,0.326,0.350,0.353,0.316,
4/26/2013 4:00 PM,0.330,0.355,0.359,0.319,
4/26/2013 6:00 PM,0.332,0.358,0.361,0.321,
4/26/2013 8:00 PM,0.332,0.353,0.358,0.321,
4/26/2013 10:00 PM,0.329,0.345,0.352,0.319,
4/27/2013 12:00 AM,0.327,0.342,0.349,0.316,
4/27/2013 2:00 AM,0.325,0.338,0.346,0.314,
4/27/2013 4:00 AM,0.323,0.335,0.343,0.312,
4/27/2013 6:00 AM,0.322,0.333,0.341,0.310,
4/27/2013 8:00 AM,0.321,0.332,0.339,0.309,
4/27/2013 10:00 AM,0.321,0.336,0.343,0.309,
4/27/2013 12:00 PM,0.323,0.342,0.348,0.312,
4/27/2013 2:00 PM,0.327,0.348,0.355,0.315,
4/27/2013 4:00 PM,0.331,0.354,0.360,0.318,
4/27/2013 6:00 PM,0.333,0.355,0.362,0.320,
4/27/2013 8:00 PM,0.332,0.350,0.359,0.320,
4/27/2013 10:00 PM,0.330,0.343,0.354,0.318,
4/28/2013 12:00 AM,0.328,0.339,0.351,0.315,
4/28/2013 2:00 AM,0.326,0.337,0.348,0.313,
4/28/2013 4:00 AM,0.324,0.335,0.346,0.312,
4/28/2013 6:00 AM,0.322,0.332,0.343,0.310,
4/28/2013 8:00 AM,0.321,0.331,0.342,0.308,
4/28/2013 10:00 AM,0.321,0.334,0.345,0.308,
4/28/2013 12:00 PM,0.323,0.339,0.350,0.311,
4/28/2013 2:00 PM,0.325,0.344,0.354,0.313,
4/28/2013 4:00 PM,0.328,0.346,0.357,0.315,
4/28/2013 6:00 PM,0.329,0.348,0.359,0.316,
4/28/2013 8:00 PM,0.329,0.345,0.357,0.316,
4/28/2013 10:00 PM,0.327,0.338,0.352,0.314,
4/29/2013 12:00 AM,0.324,0.334,0.348,0.312,
4/29/2013 2:00 AM,0.322,0.332,0.346,0.310,
4/29/2013 4:00 AM,0.321,0.330,0.343,0.308,
4/29/2013 6:00 AM,0.319,0.328,0.341,0.307,
4/29/2013 8:00 AM,0.318,0.326,0.339,0.305,
4/29/2013 10:00 AM,0.318,0.329,0.343,0.305,
4/29/2013 12:00 PM,0.319,0.334,0.347,0.307,
4/29/2013 2:00 PM,0.322,0.339,0.351,0.309,
4/29/2013 4:00 PM,0.324,0.342,0.355,0.311,
4/29/2013 6:00 PM,0.326,0.343,0.357,0.312,
4/29/2013 8:00 PM,0.325,0.339,0.355,0.312,
4/29/2013 10:00 PM,0.323,0.335,0.353,0.309,
4/30/2013 12:00 AM,0.322,0.331,0.350,0.308,
4/30/2013 2:00 AM,0.320,0.328,0.347,0.306,
4/30/2013 4:00 AM,0.318,0.326,0.344,0.304,
4/30/2013 6:00 AM,0.317,0.324,0.342,0.303,
4/30/2013 8:00 AM,0.316,0.322,0.340,0.301,
4/30/2013 10:00 AM,0.315,0.324,0.343,0.300,
4/30/2013 12:00 PM,0.316,0.328,0.347,0.301,
4/30/2013 2:00 PM,0.318,0.331,0.352,0.303,
4/30/2013 4:00 PM,0.324,0.331,0.355,0.305,
4/30/2013 6:00 PM,0.326,0.332,0.356,0.306,
4/30/2013 8:00 PM,0.324,0.327,0.351,0.305,
4/30/2013 10:00 PM,0.322,0.321,0.344,0.303,
5/1/2013 12:00 AM,0.320,0.317,0.339,0.300,
5/1/2013 2:00 AM,0.318,0.315,0.337,0.299,
5/1/2013 4:00 AM,0.317,0.313,0.335,0.298,
5/1/2013 6:00 AM,0.315,0.311,0.332,0.296,
5/1/2013 8:00 AM,0.314,0.310,0.331,0.295,
5/1/2013 10:00 AM,0.314,0.313,0.335,0.294,
5/1/2013 12:00 PM,0.314,0.317,0.340,0.296,
5/1/2013 2:00 PM,0.317,0.321,0.344,0.298,
5/1/2013 4:00 PM,0.318,0.323,0.347,0.299,
5/1/2013 6:00 PM,0.320,0.323,0.348,0.299,
5/1/2013 8:00 PM,0.320,0.320,0.345,0.299,
5/1/2013 10:00 PM,0.318,0.315,0.339,0.298,
5/2/2013 12:00 AM,0.317,0.312,0.335,0.296,
5/2/2013 2:00 AM,0.315,0.310,0.333,0.295,
5/2/2013 4:00 AM,0.314,0.308,0.331,0.293,
5/2/2013 6:00 AM,0.313,0.307,0.330,0.292,
5/2/2013 8:00 AM,0.312,0.306,0.328,0.291,
5/2/2013 10:00 AM,0.311,0.310,0.334,0.290,
5/2/2013 12:00 PM,0.313,0.315,0.340,0.293,
5/2/2013 2:00 PM,0.317,0.320,0.346,0.296,
5/2/2013 4:00 PM,0.320,0.324,0.351,0.299,
5/2/2013 6:00 PM,0.321,0.324,0.352,0.299,
5/2/2013 8:00 PM,0.320,0.321,0.348,0.299,
5/2/2013 10:00 PM,0.318,0.315,0.341,0.298,
5/3/2013 12:00 AM,0.316,0.311,0.336,0.296,
5/3/2013 2:00 AM,0.315,0.308,0.333,0.294,
5/3/2013 4:00 AM,0.313,0.306,0.331,0.292,
5/3/2013 6:00 AM,0.312,0.305,0.329,0.291,
5/3/2013 8:00 AM,0.311,0.304,0.328,0.290,
5/3/2013 10:00 AM,0.310,0.307,0.333,0.289,
5/3/2013 12:00 PM,0.312,0.312,0.340,0.291,
5/3/2013 2:00 PM,0.315,0.318,0.346,0.294,
5/3/2013 4:00 PM,0.318,0.323,0.351,0.296,
5/3/2013 6:00 PM,0.319,0.323,0.353,0.298,
5/3/2013 8:00 PM,0.319,0.320,0.350,0.299,
5/3/2013 10:00 PM,0.317,0.315,0.344,0.297,
5/4/2013 12:00 AM,0.315,0.311,0.339,0.296,
5/4/2013 2:00 AM,0.314,0.308,0.336,0.294,
5/4/2013 4:00 AM,0.312,0.306,0.333,0.292,
5/4/2013 6:00 AM,0.311,0.305,0.332,0.291,
5/4/2013 8:00 AM,0.310,0.304,0.331,0.290,
5/4/2013 10:00 AM,0.310,0.306,0.335,0.290,
5/4/2013 12:00 PM,0.311,0.311,0.340,0.291,
5/4/2013 2:00 PM,0.314,0.316,0.346,0.293,
5/4/2013 4:00 PM,0.317,0.320,0.351,0.296,
5/4/2013 6:00 PM,0.318,0.319,0.351,0.298,
5/4/2013 8:00 PM,0.318,0.315,0.348,0.298,
5/4/2013 10:00 PM,0.316,0.311,0.344,0.297,
5/5/2013 12:00 AM,0.314,0.309,0.341,0.295,
5/5/2013 2:00 AM,0.312,0.307,0.339,0.294,
5/5/2013 4:00 AM,0.312,0.304,0.338,0.293,
5/5/2013 6:00 AM,0.311,0.301,0.336,0.292,
5/5/2013 8:00 AM,0.311,0.300,0.335,0.291,
5/5/2013 10:00 AM,0.310,0.300,0.336,0.290,
5/5/2013 12:00 PM,0.311,0.303,0.341,0.290,
5/5/2013 2:00 PM,0.313,0.308,0.346,0.293,
5/5/2013 4:00 PM,0.316,0.312,0.350,0.295,
5/5/2013 6:00 PM,0.317,0.313,0.351,0.296,
5/5/2013 8:00 PM,0.317,0.310,0.349,0.296,
5/5/2013 10:00 PM,0.315,0.305,0.343,0.295,
5/6/2013 12:00 AM,0.313,0.302,0.340,0.293,
5/6/2013 2:00 AM,0.312,0.300,0.339,0.291,
5/6/2013 4:00 AM,0.311,0.299,0.338,0.290,
5/6/2013 6:00 AM,0.310,0.298,0.337,0.290,
5/6/2013 8:00 AM,0.309,0.297,0.335,0.289,
5/6/2013 10:00 AM,0.309,0.298,0.337,0.288,
5/6/2013 12:00 PM,0.310,0.300,0.341,0.288,
5/6/2013 2:00 PM,0.312,0.303,0.344,0.290,
5/6/2013 4:00 PM,0.313,0.305,0.346,0.291,
5/6/2013 6:00 PM,0.313,0.305,0.347,0.292,
5/6/2013 8:00 PM,0.313,0.303,0.344,0.292,
5/6/2013 10:00 PM,0.312,0.300,0.341,0.290,
5/7/2013 12:00 AM,0.311,0.299,0.339,0.290,
5/7/2013 2:00 AM,0.312,0.299,0.335,0.287,
5/7/2013 4:00 AM,0.310,0.298,0.333,0.284,
5/7/2013 6:00 AM,0.308,0.296,0.333,0.284,
5/7/2013 8:00 AM,0.307,0.295,0.333,0.285,
5/7/2013 10:00 AM,0.306,0.295,0.335,0.284,
5/7/2013 12:00 PM,0.307,0.297,0.338,0.285,
5/7/2013 2:00 PM,0.308,0.299,0.339,0.286,
5/7/2013 4:00 PM,0.309,0.300,0.342,0.287,
5/7/2013 6:00 PM,0.310,0.302,0.346,0.288,
5/7/2013 8:00 PM,0.310,0.301,0.344,0.288,
5/7/2013 10:00 PM,0.309,0.298,0.339,0.288,
5/8/2013 12:00 AM,0.307,0.296,0.337,0.287,
5/8/2013 2:00 AM,0.305,0.294,0.335,0.285,
5/8/2013 4:00 AM,0.304,0.292,0.332,0.284,
5/8/2013 6:00 AM,0.303,0.291,0.331,0.283,
5/8/2013 8:00 AM,0.302,0.290,0.330,0.282,
5/8/2013 10:00 AM,0.301,0.290,0.334,0.280,
5/8/2013 12:00 PM,0.303,0.295,0.339,0.283,
5/8/2013 2:00 PM,0.306,0.300,0.345,0.285,
5/8/2013 4:00 PM,0.308,0.303,0.348,0.287,
5/8/2013 6:00 PM,0.309,0.301,0.344,0.287,
5/8/2013 8:00 PM,0.307,0.298,0.343,0.285,
5/8/2013 10:00 PM,0.306,0.295,0.339,0.284,
5/9/2013 12:00 AM,0.305,0.293,0.336,0.283,
5/9/2013 2:00 AM,0.304,0.290,0.333,0.282,
5/9/2013 4:00 AM,0.302,0.289,0.331,0.281,
5/9/2013 6:00 AM,0.302,0.288,0.330,0.279,
5/9/2013 8:00 AM,0.301,0.287,0.330,0.279,
5/9/2013 10:00 AM,0.300,0.288,0.333,0.277,
5/9/2013 12:00 PM,0.302,0.292,0.339,0.279,
5/9/2013 2:00 PM,0.304,0.298,0.344,0.281,
5/9/2013 4:00 PM,0.307,0.301,0.349,0.283,
5/9/2013 6:00 PM,0.308,0.302,0.351,0.285,
5/9/2013 8:00 PM,0.308,0.299,0.348,0.285,
5/9/2013 10:00 PM,0.306,0.295,0.342,0.284,
5/10/2013 12:00 AM,0.304,0.291,0.339,0.283,
5/10/2013 2:00 AM,0.303,0.289,0.337,0.281,
5/10/2013 4:00 AM,0.302,0.287,0.335,0.280,
5/10/2013 6:00 AM,0.300,0.286,0.333,0.278,
5/10/2013 8:00 AM,0.299,0.284,0.332,0.277,
5/10/2013 10:00 AM,0.299,0.284,0.335,0.276,
5/10/2013 12:00 PM,0.300,0.289,0.340,0.277,
5/10/2013 2:00 PM,0.302,0.295,0.344,0.279,
5/10/2013 4:00 PM,0.305,0.299,0.348,0.281,
5/10/2013 6:00 PM,0.306,0.299,0.350,0.283,
5/10/2013 8:00 PM,0.306,0.297,0.347,0.282,
5/10/2013 10:00 PM,0.304,0.292,0.342,0.283,
5/11/2013 12:00 AM,0.302,0.289,0.338,0.280,
5/11/2013 2:00 AM,0.300,0.286,0.336,0.278,
5/11/2013 4:00 AM,0.299,0.284,0.333,0.277,
5/11/2013 6:00 AM,0.298,0.283,0.331,0.276,
5/11/2013 8:00 AM,0.296,0.281,0.329,0.274,
5/11/2013 10:00 AM,0.295,0.280,0.333,0.271,
5/11/2013 12:00 PM,0.297,0.285,0.338,0.273,
5/11/2013 2:00 PM,0.299,0.291,0.344,0.275,
5/11/2013 4:00 PM,0.301,0.296,0.348,0.278,
5/11/2013 6:00 PM,0.302,0.295,0.348,0.279,
5/11/2013 8:00 PM,0.302,0.293,0.346,0.279,
5/11/2013 10:00 PM,0.300,0.289,0.340,0.280,
5/12/2013 12:00 AM,0.299,0.285,0.336,0.277,
5/12/2013 2:00 AM,0.297,0.283,0.334,0.276,
5/12/2013 4:00 AM,0.296,0.280,0.330,0.275,
5/12/2013 6:00 AM,0.294,0.278,0.328,0.273,
5/12/2013 8:00 AM,0.292,0.277,0.328,0.271,
5/12/2013 10:00 AM,0.291,0.276,0.331,0.268,
5/12/2013 12:00 PM,0.293,0.280,0.336,0.270,
5/12/2013 2:00 PM,0.296,0.287,0.341,0.272,
5/12/2013 4:00 PM,0.298,0.291,0.345,0.274,
5/12/2013 6:00 PM,0.299,0.291,0.346,0.276,
5/12/2013 8:00 PM,0.298,0.289,0.344,0.277,
5/12/2013 10:00 PM,0.297,0.284,0.339,0.278,
5/13/2013 12:00 AM,0.295,0.281,0.335,0.275,
5/13/2013 2:00 AM,0.293,0.278,0.333,0.274,
5/13/2013 4:00 AM,0.291,0.276,0.330,0.273,
5/13/2013 6:00 AM,0.290,0.274,0.328,0.271,
5/13/2013 8:00 AM,0.289,0.272,0.327,0.270,
5/13/2013 10:00 AM,0.287,0.271,0.329,0.265,
5/13/2013 12:00 PM,0.288,0.276,0.334,0.267,
5/13/2013 2:00 PM,0.290,0.282,0.339,0.269,
5/13/2013 4:00 PM,0.293,0.286,0.342,0.270,
5/13/2013 6:00 PM,0.293,0.286,0.343,0.271,
5/13/2013 8:00 PM,0.292,0.283,0.341,0.272,
5/13/2013 10:00 PM,0.291,0.279,0.336,0.273,
5/14/2013 12:00 AM,0.289,0.275,0.332,0.271,
5/14/2013 2:00 AM,0.287,0.272,0.329,0.269,
5/14/2013 4:00 AM,0.285,0.270,0.327,0.266,
5/14/2013 6:00 AM,0.283,0.268,0.324,0.266,
5/14/2013 8:00 AM,0.283,0.266,0.323,0.264,
5/14/2013 10:00 AM,0.281,0.264,0.326,0.260,
5/14/2013 12:00 PM,0.282,0.268,0.330,0.262,
5/14/2013 2:00 PM,0.283,0.273,0.334,0.263,
5/14/2013 4:00 PM,0.286,0.278,0.338,0.265,
5/14/2013 6:00 PM,0.287,0.278,0.340,0.267,
5/14/2013 8:00 PM,0.286,0.276,0.338,0.267,
5/14/2013 10:00 PM,0.285,0.271,0.333,0.268,
5/15/2013 12:00 AM,0.282,0.268,0.330,0.265,
5/15/2013 2:00 AM,0.281,0.266,0.328,0.264,
5/15/2013 4:00 AM,0.279,0.264,0.326,0.263,
5/15/2013 6:00 AM,0.278,0.262,0.323,0.261,
5/15/2013 8:00 AM,0.277,0.261,0.322,0.260,
5/15/2013 10:00 AM,0.276,0.259,0.323,0.257,
5/15/2013 12:00 PM,0.276,0.260,0.327,0.257,
5/15/2013 2:00 PM,0.277,0.266,0.331,0.259,
5/15/2013 4:00 PM,0.280,0.271,0.336,0.261,
5/15/2013 6:00 PM,0.281,0.271,0.336,0.261,
5/15/2013 8:00 PM,0.280,0.268,0.332,0.261,
5/15/2013 10:00 PM,0.277,0.265,0.328,0.260,
5/16/2013 12:00 AM,0.276,0.262,0.326,0.259,
5/16/2013 2:00 AM,0.275,0.260,0.323,0.258,
5/16/2013 4:00 AM,0.273,0.258,0.320,0.257,
5/16/2013 6:00 AM,0.272,0.256,0.319,0.256,
5/16/2013 8:00 AM,0.271,0.255,0.318,0.254,
5/16/2013 10:00 AM,0.270,0.252,0.319,0.249,
5/16/2013 12:00 PM,0.271,0.255,0.323,0.251,
5/16/2013 2:00 PM,0.272,0.260,0.328,0.252,
5/16/2013 4:00 PM,0.275,0.262,0.329,0.255,
5/16/2013 6:00 PM,0.274,0.259,0.328,0.253,
5/16/2013 8:00 PM,0.274,0.259,0.325,0.254,
5/16/2013 10:00 PM,0.272,0.256,0.322,0.254,
5/17/2013 12:00 AM,0.271,0.254,0.320,0.253,
5/17/2013 2:00 AM,0.271,0.252,0.318,0.251,
5/17/2013 4:00 AM,0.269,0.251,0.317,0.251,
5/17/2013 6:00 AM,0.268,0.250,0.316,0.250,
5/17/2013 8:00 AM,0.268,0.249,0.315,0.249,
5/17/2013 10:00 AM,0.267,0.248,0.314,0.247,
5/17/2013 12:00 PM,0.269,0.248,0.315,0.242,
5/17/2013 2:00 PM,0.270,0.250,0.315,0.238,
5/17/2013 4:00 PM,0.273,0.249,0.312,0.230,
5/17/2013 6:00 PM,0.276,0.249,0.317,0.241,
5/17/2013 8:00 PM,0.277,0.259,0.314,0.249,
5/17/2013 10:00 PM,0.283,0.267,0.332,0.271,
5/18/2013 12:00 AM,0.291,0.282,0.338,0.292,
5/18/2013 2:00 AM,0.294,0.285,0.337,0.283,
5/18/2013 4:00 AM,0.295,0.287,0.336,0.278,
5/18/2013 6:00 AM,0.296,0.288,0.336,0.288,
5/18/2013 8:00 AM,0.296,0.289,0.329,0.277,
5/18/2013 10:00 AM,0.295,0.293,0.323,0.286,
5/18/2013 12:00 PM,0.296,0.296,0.338,0.289,
5/18/2013 2:00 PM,0.299,0.300,0.344,0.290,
5/18/2013 4:00 PM,0.301,0.302,0.345,0.289,
5/18/2013 6:00 PM,0.300,0.301,0.345,0.290,
5/18/2013 8:00 PM,0.299,0.299,0.343,0.290,
5/18/2013 10:00 PM,0.297,0.295,0.338,0.289,
5/19/2013 12:00 AM,0.295,0.292,0.335,0.287,
5/19/2013 2:00 AM,0.294,0.290,0.332,0.287,
5/19/2013 4:00 AM,0.293,0.288,0.330,0.285,
5/19/2013 6:00 AM,0.292,0.287,0.328,0.284,
5/19/2013 8:00 AM,0.291,0.286,0.327,0.283,
5/19/2013 10:00 AM,0.291,0.287,0.331,0.283,
5/19/2013 12:00 PM,0.293,0.292,0.335,0.284,
5/19/2013 2:00 PM,0.296,0.298,0.342,0.286,
5/19/2013 4:00 PM,0.299,0.301,0.346,0.289,
5/19/2013 6:00 PM,0.299,0.299,0.345,0.289,
5/19/2013 8:00 PM,0.299,0.297,0.343,0.288,
5/19/2013 10:00 PM,0.298,0.292,0.338,0.287,
5/20/2013 12:00 AM,0.296,0.290,0.335,0.286,
5/20/2013 2:00 AM,0.294,0.287,0.331,0.284,
5/20/2013 4:00 AM,0.293,0.286,0.330,0.283,
5/20/2013 6:00 AM,0.293,0.285,0.329,0.283,
5/20/2013 8:00 AM,0.292,0.285,0.328,0.282,
5/20/2013 10:00 AM,0.292,0.285,0.329,0.282,
5/20/2013 12:00 PM,0.293,0.288,0.333,0.282,
5/20/2013 2:00 PM,0.296,0.294,0.341,0.285,
5/20/2013 4:00 PM,0.299,0.299,0.346,0.287,
5/20/2013 6:00 PM,0.301,0.299,0.347,0.288,
5/20/2013 8:00 PM,0.301,0.296,0.345,0.287,
5/20/2013 10:00 PM,0.299,0.291,0.339,0.287,
5/21/2013 12:00 AM,0.297,0.287,0.335,0.285,
5/21/2013 2:00 AM,0.295,0.285,0.332,0.283,
5/21/2013 4:00 AM,0.294,0.283,0.329,0.283,
5/21/2013 6:00 AM,0.293,0.282,0.327,0.281,
5/21/2013 8:00 AM,0.292,0.280,0.326,0.280,
5/21/2013 10:00 AM,0.291,0.281,0.330,0.277,
5/21/2013 12:00 PM,0.294,0.287,0.336,0.281,
5/21/2013 2:00 PM,0.298,0.292,0.342,0.286,
5/21/2013 4:00 PM,0.299,0.292,0.344,0.285,
5/21/2013 6:00 PM,0.300,0.290,0.344,0.286,
5/21/2013 8:00 PM,0.299,0.288,0.343,0.284,
5/21/2013 10:00 PM,0.298,0.285,0.338,0.283,
5/22/2013 12:00 AM,0.296,0.282,0.336,0.282,
5/22/2013 2:00 AM,0.294,0.280,0.333,0.280,
5/22/2013 4:00 AM,0.293,0.278,0.331,0.278,
5/22/2013 6:00 AM,0.292,0.277,0.329,0.278,
5/22/2013 8:00 AM,0.290,0.276,0.328,0.277,
5/22/2013 10:00 AM,0.290,0.275,0.328,0.276,
5/22/2013 12:00 PM,0.290,0.275,0.330,0.276,
5/22/2013 2:00 PM,0.290,0.277,0.333,0.277,
5/22/2013 4:00 PM,0.290,0.280,0.336,0.278,
5/22/2013 6:00 PM,0.291,0.279,0.335,0.279,
5/22/2013 8:00 PM,0.290,0.275,0.331,0.278,
5/22/2013 10:00 PM,0.288,0.271,0.328,0.276,
5/23/2013 12:00 AM,0.287,0.269,0.324,0.274,
5/23/2013 2:00 AM,0.285,0.266,0.321,0.273,
5/23/2013 4:00 AM,0.284,0.265,0.319,0.271,
5/23/2013 6:00 AM,0.283,0.264,0.318,0.270,
5/23/2013 8:00 AM,0.282,0.263,0.317,0.269,
5/23/2013 10:00 AM,0.281,0.261,0.321,0.267,
5/23/2013 12:00 PM,0.283,0.266,0.328,0.270,
5/23/2013 2:00 PM,0.287,0.273,0.333,0.272,
5/23/2013 4:00 PM,0.290,0.277,0.339,0.275,
5/23/2013 6:00 PM,0.292,0.279,0.339,0.276,
5/23/2013 8:00 PM,0.291,0.275,0.333,0.275,
5/23/2013 10:00 PM,0.289,0.271,0.329,0.273,
5/24/2013 12:00 AM,0.287,0.268,0.327,0.272,
5/24/2013 2:00 AM,0.286,0.266,0.323,0.271,
5/24/2013 4:00 AM,0.284,0.264,0.319,0.270,
5/24/2013 6:00 AM,0.283,0.262,0.317,0.269,
5/24/2013 8:00 AM,0.282,0.260,0.316,0.267,
5/24/2013 10:00 AM,0.280,0.258,0.321,0.263,
5/24/2013 12:00 PM,0.283,0.263,0.327,0.266,
5/24/2013 2:00 PM,0.286,0.270,0.333,0.270,
5/24/2013 4:00 PM,0.290,0.275,0.338,0.272,
5/24/2013 6:00 PM,0.291,0.275,0.340,0.274,
5/24/2013 8:00 PM,0.291,0.272,0.337,0.273,
5/24/2013 10:00 PM,0.290,0.268,0.332,0.274,
5/25/2013 12:00 AM,0.288,0.264,0.328,0.272,
5/25/2013 2:00 AM,0.286,0.262,0.326,0.271,
5/25/2013 4:00 AM,0.285,0.261,0.323,0.271,
5/25/2013 6:00 AM,0.284,0.259,0.321,0.270,
5/25/2013 8:00 AM,0.283,0.257,0.320,0.268,
5/25/2013 10:00 AM,0.281,0.254,0.323,0.264,
5/25/2013 12:00 PM,0.283,0.259,0.329,0.266,
5/25/2013 2:00 PM,0.287,0.266,0.332,0.268,
5/25/2013 4:00 PM,0.290,0.269,0.335,0.269,
5/25/2013 6:00 PM,0.292,0.269,0.336,0.271,
5/25/2013 8:00 PM,0.292,0.268,0.335,0.272,
5/25/2013 10:00 PM,0.290,0.264,0.330,0.273,
5/26/2013 12:00 AM,0.288,0.261,0.327,0.271,
5/26/2013 2:00 AM,0.286,0.258,0.324,0.270,
5/26/2013 4:00 AM,0.285,0.256,0.321,0.268,
5/26/2013 6:00 AM,0.283,0.255,0.319,0.267,
5/26/2013 8:00 AM,0.283,0.253,0.318,0.266,
5/26/2013 10:00 AM,0.282,0.252,0.320,0.264,
5/26/2013 12:00 PM,0.283,0.254,0.323,0.264,
5/26/2013 2:00 PM,0.285,0.258,0.328,0.265,
5/26/2013 4:00 PM,0.288,0.261,0.331,0.266,
5/26/2013 6:00 PM,0.290,0.262,0.332,0.268,
5/26/2013 8:00 PM,0.290,0.260,0.330,0.268,
5/26/2013 10:00 PM,0.288,0.257,0.327,0.267,
5/27/2013 12:00 AM,0.286,0.255,0.324,0.266,
5/27/2013 2:00 AM,0.285,0.253,0.322,0.266,
5/27/2013 4:00 AM,0.283,0.251,0.319,0.265,
5/27/2013 6:00 AM,0.282,0.249,0.316,0.264,
5/27/2013 8:00 AM,0.280,0.247,0.315,0.261,
5/27/2013 10:00 AM,0.279,0.243,0.316,0.258,
5/27/2013 12:00 PM,0.280,0.246,0.321,0.260,
5/27/2013 2:00 PM,0.283,0.252,0.326,0.261,
5/27/2013 4:00 PM,0.286,0.257,0.330,0.261,
5/27/2013 6:00 PM,0.288,0.258,0.331,0.264,
5/27/2013 8:00 PM,0.287,0.254,0.328,0.265,
5/27/2013 10:00 PM,0.285,0.251,0.323,0.264,
5/28/2013 12:00 AM,0.283,0.248,0.320,0.261,
5/28/2013 2:00 AM,0.282,0.246,0.318,0.260,
5/28/2013 4:00 AM,0.281,0.245,0.317,0.259,
5/28/2013 6:00 AM,0.280,0.244,0.316,0.258,
5/28/2013 8:00 AM,0.281,0.244,0.313,0.251,
5/28/2013 10:00 AM,0.283,0.246,0.310,0.243,
5/28/2013 12:00 PM,0.281,0.245,0.311,0.250,
5/28/2013 2:00 PM,0.282,0.246,0.309,0.241,
5/28/2013 4:00 PM,0.280,0.244,0.317,0.252,
5/28/2013 6:00 PM,0.284,0.247,0.319,0.253,
5/28/2013 8:00 PM,0.288,0.245,0.327,0.251,
5/28/2013 10:00 PM,0.286,0.252,0.313,0.249,
5/29/2013 12:00 AM,0.285,0.254,0.309,0.254,
5/29/2013 2:00 AM,0.283,0.253,0.314,0.258,
5/29/2013 4:00 AM,0.281,0.250,0.318,0.258,
5/29/2013 6:00 AM,0.281,0.248,0.317,0.257,
5/29/2013 8:00 AM,0.280,0.247,0.316,0.256,
5/29/2013 10:00 AM,0.278,0.245,0.319,0.253,
5/29/2013 12:00 PM,0.280,0.248,0.323,0.254,
5/29/2013 2:00 PM,0.283,0.254,0.327,0.256,
5/29/2013 4:00 PM,0.285,0.256,0.331,0.257,
5/29/2013 6:00 PM,0.286,0.258,0.331,0.260,
5/29/2013 8:00 PM,0.285,0.255,0.328,0.259,
5/29/2013 10:00 PM,0.284,0.252,0.324,0.260,
5/30/2013 12:00 AM,0.282,0.249,0.320,0.259,
5/30/2013 2:00 AM,0.281,0.247,0.318,0.258,
5/30/2013 4:00 AM,0.280,0.245,0.316,0.256,
5/30/2013 6:00 AM,0.278,0.244,0.314,0.256,
5/30/2013 8:00 AM,0.277,0.243,0.313,0.254,
5/30/2013 10:00 AM,0.277,0.241,0.316,0.251,
5/30/2013 12:00 PM,0.278,0.242,0.319,0.252,
5/30/2013 2:00 PM,0.281,0.248,0.324,0.254,
5/30/2013 4:00 PM,0.284,0.253,0.330,0.256,
5/30/2013 6:00 PM,0.287,0.255,0.332,0.259,
5/30/2013 8:00 PM,0.287,0.253,0.331,0.260,
5/30/2013 10:00 PM,0.286,0.250,0.326,0.262,
5/31/2013 12:00 AM,0.283,0.246,0.321,0.260,
5/31/2013 2:00 AM,0.282,0.243,0.319,0.259,
5/31/2013 4:00 AM,0.280,0.241,0.316,0.257,
5/31/2013 6:00 AM,0.279,0.240,0.314,0.256,
5/31/2013 8:00 AM,0.277,0.237,0.312,0.254,
5/31/2013 10:00 AM,0.276,0.233,0.315,0.250,
5/31/2013 12:00 PM,0.278,0.237,0.320,0.252,
5/31/2013 2:00 PM,0.282,0.244,0.326,0.253,
5/31/2013 4:00 PM,0.285,0.249,0.330,0.255,
5/31/2013 6:00 PM,0.287,0.250,0.331,0.257,
5/31/2013 8:00 PM,0.287,0.247,0.329,0.258,
5/31/2013 10:00 PM,0.284,0.243,0.323,0.259,
6/1/2013 12:00 AM,0.282,0.239,0.319,0.258,
6/1/2013 2:00 AM,0.280,0.237,0.317,0.256,
6/1/2013 4:00 AM,0.278,0.235,0.314,0.255,
6/1/2013 6:00 AM,0.277,0.233,0.312,0.253,
6/1/2013 8:00 AM,0.276,0.231,0.311,0.251,
6/1/2013 10:00 AM,0.275,0.226,0.313,0.246,
6/1/2013 12:00 PM,0.277,0.229,0.318,0.249,
6/1/2013 2:00 PM,0.280,0.237,0.324,0.251,
6/1/2013 4:00 PM,0.284,0.242,0.328,0.253,
6/1/2013 6:00 PM,0.286,0.244,0.329,0.255,
6/1/2013 8:00 PM,0.285,0.240,0.327,0.254,
6/1/2013 10:00 PM,0.283,0.237,0.322,0.256,
6/2/2013 12:00 AM,0.282,0.234,0.319,0.256,
6/2/2013 2:00 AM,0.279,0.231,0.316,0.254,
6/2/2013 4:00 AM,0.278,0.228,0.314,0.252,
6/2/2013 6:00 AM,0.277,0.226,0.312,0.251,
6/2/2013 8:00 AM,0.276,0.225,0.310,0.249,
6/2/2013 10:00 AM,0.274,0.218,0.311,0.242,
6/2/2013 12:00 PM,0.276,0.223,0.317,0.245,
6/2/2013 2:00 PM,0.280,0.230,0.323,0.245,
6/2/2013 4:00 PM,0.283,0.234,0.326,0.246,
6/2/2013 6:00 PM,0.285,0.233,0.328,0.248,
6/2/2013 8:00 PM,0.286,0.232,0.327,0.250,
6/2/2013 10:00 PM,0.284,0.230,0.323,0.251,
6/3/2013 12:00 AM,0.282,0.226,0.319,0.251,
6/3/2013 2:00 AM,0.279,0.223,0.315,0.248,
6/3/2013 4:00 AM,0.277,0.220,0.313,0.247,
6/3/2013 6:00 AM,0.276,0.218,0.311,0.246,
6/3/2013 8:00 AM,0.274,0.215,0.309,0.244,
6/3/2013 10:00 AM,0.272,0.210,0.308,0.238,
6/3/2013 12:00 PM,0.273,0.212,0.312,0.239,
6/3/2013 2:00 PM,0.277,0.217,0.317,0.240,
6/3/2013 4:00 PM,0.280,0.222,0.321,0.241,
6/3/2013 6:00 PM,0.282,0.222,0.322,0.242,
6/3/2013 8:00 PM,0.282,0.220,0.321,0.245,
6/3/2013 10:00 PM,0.280,0.216,0.316,0.247,
6/4/2013 12:00 AM,0.277,0.212,0.312,0.246,
6/4/2013 2:00 AM,0.275,0.209,0.309,0.245,
6/4/2013 4:00 AM,0.273,0.207,0.307,0.243,
6/4/2013 6:00 AM,0.272,0.205,0.305,0.242,
6/4/2013 8:00 AM,0.270,0.203,0.302,0.239,
6/4/2013 10:00 AM,0.268,0.197,0.302,0.231,
6/4/2013 12:00 PM,0.271,0.202,0.308,0.234,
6/4/2013 2:00 PM,0.274,0.208,0.313,0.236,
6/4/2013 4:00 PM,0.277,0.212,0.317,0.237,
6/4/2013 6:00 PM,0.279,0.213,0.319,0.240,
6/4/2013 8:00 PM,0.279,0.211,0.317,0.240,
6/4/2013 10:00 PM,0.277,0.207,0.312,0.241,
6/5/2013 12:00 AM,0.275,0.202,0.309,0.239,
6/5/2013 2:00 AM,0.273,0.199,0.306,0.239,
6/5/2013 4:00 AM,0.271,0.197,0.304,0.237,
6/5/2013 6:00 AM,0.270,0.196,0.302,0.236,
6/5/2013 8:00 AM,0.268,0.194,0.300,0.233,
6/5/2013 10:00 AM,0.267,0.191,0.299,0.226,
6/5/2013 12:00 PM,0.268,0.194,0.304,0.228,
6/5/2013 2:00 PM,0.271,0.200,0.309,0.229,
6/5/2013 4:00 PM,0.275,0.205,0.313,0.231,
6/5/2013 6:00 PM,0.277,0.204,0.314,0.233,
6/5/2013 8:00 PM,0.277,0.203,0.313,0.231,
6/5/2013 10:00 PM,0.275,0.199,0.310,0.236,
6/6/2013 12:00 AM,0.273,0.195,0.306,0.235,
6/6/2013 2:00 AM,0.271,0.192,0.303,0.233,
6/6/2013 4:00 AM,0.269,0.190,0.301,0.231,
6/6/2013 6:00 AM,0.267,0.188,0.299,0.231,
6/6/2013 8:00 AM,0.266,0.186,0.297,0.227,
6/6/2013 10:00 AM,0.263,0.183,0.295,0.217,
6/6/2013 12:00 PM,0.266,0.189,0.301,0.222,
6/6/2013 2:00 PM,0.269,0.195,0.306,0.222,
6/6/2013 4:00 PM,0.273,0.199,0.310,0.224,
6/6/2013 6:00 PM,0.275,0.199,0.311,0.226,
6/6/2013 8:00 PM,0.274,0.196,0.310,0.228,
6/6/2013 10:00 PM,0.272,0.192,0.307,0.229,
6/7/2013 12:00 AM,0.271,0.189,0.303,0.229,
6/7/2013 2:00 AM,0.268,0.185,0.300,0.227,
6/7/2013 4:00 AM,0.266,0.183,0.298,0.225,
6/7/2013 6:00 AM,0.265,0.182,0.297,0.225,
6/7/2013 8:00 AM,0.263,0.180,0.294,0.221,
6/7/2013 10:00 AM,0.261,0.179,0.292,0.213,
6/7/2013 12:00 PM,0.263,0.184,0.297,0.216,
6/7/2013 2:00 PM,0.266,0.189,0.302,0.217,
6/7/2013 4:00 PM,0.270,0.192,0.305,0.218,
6/7/2013 6:00 PM,0.272,0.192,0.306,0.219,
6/7/2013 8:00 PM,0.272,0.189,0.306,0.221,
6/7/2013 10:00 PM,0.270,0.185,0.303,0.225,
6/8/2013 12:00 AM,0.268,0.181,0.300,0.223,
6/8/2013 2:00 AM,0.266,0.178,0.297,0.220,
6/8/2013 4:00 AM,0.264,0.177,0.295,0.216,
6/8/2013 6:00 AM,0.263,0.175,0.293,0.214,
6/8/2013 8:00 AM,0.261,0.174,0.291,0.212,
6/8/2013 10:00 AM,0.260,0.173,0.290,0.208,
6/8/2013 12:00 PM,0.261,0.177,0.293,0.209,
6/8/2013 2:00 PM,0.263,0.182,0.298,0.210,
6/8/2013 4:00 PM,0.266,0.185,0.300,0.211,
6/8/2013 6:00 PM,0.268,0.186,0.301,0.211,
6/8/2013 8:00 PM,0.268,0.184,0.300,0.210,
6/8/2013 10:00 PM,0.267,0.178,0.299,0.214,
6/9/2013 12:00 AM,0.264,0.174,0.295,0.213,
6/9/2013 2:00 AM,0.262,0.171,0.291,0.210,
6/9/2013 4:00 AM,0.260,0.169,0.290,0.209,
6/9/2013 6:00 AM,0.258,0.167,0.288,0.208,
6/9/2013 8:00 AM,0.256,0.166,0.285,0.205,
6/9/2013 10:00 AM,0.254,0.166,0.283,0.198,
6/9/2013 12:00 PM,0.256,0.172,0.287,0.201,
6/9/2013 2:00 PM,0.260,0.177,0.293,0.202,
6/9/2013 4:00 PM,0.263,0.181,0.296,0.203,
6/9/2013 6:00 PM,0.265,0.182,0.297,0.204,
6/9/2013 8:00 PM,0.265,0.176,0.297,0.209,
6/9/2013 10:00 PM,0.262,0.170,0.293,0.205,
6/10/2013 12:00 AM,0.260,0.167,0.289,0.199,
6/10/2013 2:00 AM,0.259,0.165,0.288,0.199,
6/10/2013 4:00 AM,0.257,0.164,0.287,0.198,
6/10/2013 6:00 AM,0.256,0.162,0.285,0.197,
6/10/2013 8:00 AM,0.254,0.161,0.283,0.194,
6/10/2013 10:00 AM,0.252,0.162,0.280,0.191,
6/10/2013 12:00 PM,0.253,0.164,0.281,0.190,
6/10/2013 2:00 PM,0.256,0.165,0.282,0.189,
6/10/2013 4:00 PM,0.257,0.165,0.282,0.187,
6/10/2013 6:00 PM,0.258,0.165,0.282,0.188,
6/10/2013 8:00 PM,0.258,0.162,0.282,0.187,
6/10/2013 10:00 PM,0.256,0.158,0.282,0.186,
6/11/2013 12:00 AM,0.254,0.153,0.279,0.183,
6/11/2013 2:00 AM,0.252,0.151,0.277,0.181,
6/11/2013 4:00 AM,0.250,0.148,0.276,0.179,
6/11/2013 6:00 AM,0.249,0.147,0.275,0.179,
6/11/2013 8:00 AM,0.247,0.147,0.272,0.177,
6/11/2013 10:00 AM,0.245,0.148,0.269,0.175,
6/11/2013 12:00 PM,0.247,0.152,0.271,0.177,
6/11/2013 2:00 PM,0.250,0.156,0.275,0.178,
6/11/2013 4:00 PM,0.253,0.158,0.277,0.178,
6/11/2013 6:00 PM,0.255,0.158,0.278,0.178,
6/11/2013 8:00 PM,0.255,0.154,0.277,0.178,
6/11/2013 10:00 PM,0.253,0.150,0.276,0.177,
6/12/2013 12:00 AM,0.251,0.147,0.273,0.174,
6/12/2013 2:00 AM,0.249,0.145,0.272,0.174,
6/12/2013 4:00 AM,0.247,0.143,0.271,0.173,
6/12/2013 6:00 AM,0.245,0.142,0.270,0.172,
6/12/2013 8:00 AM,0.244,0.140,0.267,0.170,
6/12/2013 10:00 AM,0.242,0.143,0.262,0.169,
6/12/2013 12:00 PM,0.244,0.148,0.267,0.172,
6/12/2013 2:00 PM,0.246,0.151,0.269,0.172,
6/12/2013 4:00 PM,0.250,0.153,0.270,0.172,
6/12/2013 6:00 PM,0.251,0.152,0.270,0.170,
6/12/2013 8:00 PM,0.251,0.147,0.268,0.167,
6/12/2013 10:00 PM,0.249,0.142,0.269,0.166,
6/13/2013 12:00 AM,0.246,0.138,0.269,0.167,
6/13/2013 2:00 AM,0.244,0.136,0.267,0.165,
6/13/2013 4:00 AM,0.242,0.134,0.266,0.164,
6/13/2013 6:00 AM,0.240,0.134,0.265,0.163,
6/13/2013 8:00 AM,0.238,0.133,0.262,0.162,
6/13/2013 10:00 AM,0.237,0.137,0.257,0.162,
6/13/2013 12:00 PM,0.239,0.142,0.260,0.163,
6/13/2013 2:00 PM,0.241,0.145,0.264,0.163,
6/13/2013 4:00 PM,0.244,0.147,0.266,0.162,
6/13/2013 6:00 PM,0.245,0.143,0.266,0.159,
6/13/2013 8:00 PM,0.245,0.138,0.262,0.156,
6/13/2013 10:00 PM,0.243,0.134,0.261,0.156,
6/14/2013 12:00 AM,0.240,0.130,0.259,0.155,
6/14/2013 2:00 AM,0.239,0.128,0.257,0.153,
6/14/2013 4:00 AM,0.236,0.126,0.255,0.152,
6/14/2013 6:00 AM,0.234,0.124,0.253,0.150,
6/14/2013 8:00 AM,0.233,0.123,0.251,0.148,
6/14/2013 10:00 AM,0.231,0.127,0.245,0.149,
6/14/2013 12:00 PM,0.232,0.133,0.247,0.151,
6/14/2013 2:00 PM,0.237,0.139,0.253,0.153,
6/14/2013 4:00 PM,0.241,0.142,0.256,0.155,
6/14/2013 6:00 PM,0.243,0.142,0.257,0.155,
6/14/2013 8:00 PM,0.243,0.139,0.258,0.154,
6/14/2013 10:00 PM,0.242,0.132,0.259,0.153,
6/15/2013 12:00 AM,0.239,0.127,0.256,0.151,
6/15/2013 2:00 AM,0.236,0.125,0.252,0.149,
6/15/2013 4:00 AM,0.234,0.123,0.250,0.147,
6/15/2013 6:00 AM,0.232,0.122,0.249,0.147,
6/15/2013 8:00 AM,0.230,0.121,0.246,0.145,
6/15/2013 10:00 AM,0.229,0.124,0.242,0.145,
6/15/2013 12:00 PM,0.230,0.130,0.241,0.147,
6/15/2013 2:00 PM,0.234,0.137,0.246,0.149,
6/15/2013 4:00 PM,0.239,0.140,0.250,0.151,
6/15/2013 6:00 PM,0.241,0.142,0.251,0.151,
6/15/2013 8:00 PM,0.241,0.138,0.254,0.152,
6/15/2013 10:00 PM,0.239,0.131,0.255,0.151,
6/16/2013 12:00 AM,0.236,0.126,0.253,0.148,
6/16/2013 2:00 AM,0.233,0.124,0.251,0.147,
6/16/2013 4:00 AM,0.231,0.122,0.248,0.146,
6/16/2013 6:00 AM,0.230,0.121,0.247,0.145,
6/16/2013 8:00 AM,0.228,0.121,0.244,0.144,
6/16/2013 10:00 AM,0.226,0.128,0.235,0.145,
6/16/2013 12:00 PM,0.229,0.134,0.240,0.147,
6/16/2013 2:00 PM,0.234,0.138,0.245,0.148,
6/16/2013 4:00 PM,0.239,0.140,0.248,0.149,
6/16/2013 6:00 PM,0.241,0.140,0.248,0.148,
6/16/2013 8:00 PM,0.241,0.138,0.249,0.148,
6/16/2013 10:00 PM,0.240,0.130,0.253,0.148,
6/17/2013 12:00 AM,0.237,0.125,0.249,0.146,
6/17/2013 2:00 AM,0.234,0.122,0.246,0.144,
6/17/2013 4:00 AM,0.232,0.121,0.244,0.143,
6/17/2013 6:00 AM,0.230,0.120,0.242,0.142,
6/17/2013 8:00 AM,0.228,0.119,0.240,0.141,
6/17/2013 10:00 AM,0.226,0.125,0.231,0.142,
6/17/2013 12:00 PM,0.228,0.131,0.234,0.143,
6/17/2013 2:00 PM,0.233,0.136,0.240,0.145,
6/17/2013 4:00 PM,0.238,0.140,0.243,0.147,
6/17/2013 6:00 PM,0.240,0.140,0.245,0.147,
6/17/2013 8:00 PM,0.240,0.136,0.245,0.146,
6/17/2013 10:00 PM,0.239,0.128,0.249,0.145,
6/18/2013 12:00 AM,0.235,0.122,0.246,0.142,
6/18/2013 2:00 AM,0.232,0.120,0.242,0.140,
6/18/2013 4:00 AM,0.229,0.118,0.239,0.139,
6/18/2013 6:00 AM,0.227,0.117,0.238,0.138,
6/18/2013 8:00 AM,0.225,0.117,0.234,0.137,
6/18/2013 10:00 AM,0.224,0.124,0.225,0.138,
6/18/2013 12:00 PM,0.226,0.130,0.228,0.140,
6/18/2013 2:00 PM,0.231,0.134,0.234,0.142,
6/18/2013 4:00 PM,0.235,0.137,0.240,0.143,
6/18/2013 6:00 PM,0.238,0.137,0.241,0.143,
6/18/2013 8:00 PM,0.237,0.132,0.244,0.143,
6/18/2013 10:00 PM,0.234,0.125,0.247,0.142,
6/19/2013 12:00 AM,0.230,0.121,0.240,0.138,
6/19/2013 2:00 AM,0.226,0.118,0.234,0.132,
6/19/2013 4:00 AM,0.225,0.113,0.238,0.130,
6/19/2013 6:00 AM,0.223,0.110,0.237,0.129,
6/19/2013 8:00 AM,0.220,0.110,0.233,0.128,
6/19/2013 10:00 AM,0.218,0.115,0.224,0.129,
6/19/2013 12:00 PM,0.221,0.121,0.223,0.129,
6/19/2013 2:00 PM,0.225,0.123,0.228,0.131,
6/19/2013 4:00 PM,0.228,0.123,0.229,0.130,
6/19/2013 6:00 PM,0.229,0.124,0.228,0.128,
6/19/2013 8:00 PM,0.228,0.119,0.226,0.126,
6/19/2013 10:00 PM,0.225,0.113,0.227,0.122,
6/20/2013 12:00 AM,0.222,0.108,0.225,0.121,
6/20/2013 2:00 AM,0.219,0.105,0.224,0.120,
6/20/2013 4:00 AM,0.216,0.103,0.222,0.119,
6/20/2013 6:00 AM,0.214,0.102,0.221,0.118,
6/20/2013 8:00 AM,0.212,0.102,0.218,0.117,
6/20/2013 10:00 AM,0.211,0.108,0.210,0.120,
6/20/2013 12:00 PM,0.213,0.115,0.211,0.122,
6/20/2013 2:00 PM,0.218,0.121,0.216,0.125,
6/20/2013 4:00 PM,0.224,0.126,0.220,0.126,
6/20/2013 6:00 PM,0.227,0.126,0.222,0.126,
6/20/2013 8:00 PM,0.227,0.123,0.224,0.126,
6/20/2013 10:00 PM,0.225,0.114,0.227,0.126,
6/21/2013 12:00 AM,0.222,0.110,0.224,0.123,
6/21/2013 2:00 AM,0.219,0.107,0.220,0.120,
6/21/2013 4:00 AM,0.217,0.105,0.218,0.119,
6/21/2013 6:00 AM,0.215,0.104,0.217,0.118,
6/21/2013 8:00 AM,0.212,0.103,0.214,0.117,
6/21/2013 10:00 AM,0.211,0.109,0.207,0.120,
6/21/2013 12:00 PM,0.213,0.115,0.209,0.122,
6/21/2013 2:00 PM,0.217,0.121,0.212,0.124,
6/21/2013 4:00 PM,0.223,0.126,0.217,0.126,
6/21/2013 6:00 PM,0.226,0.126,0.219,0.125,
6/21/2013 8:00 PM,0.226,0.122,0.220,0.124,
6/21/2013 10:00 PM,0.225,0.115,0.223,0.123,
6/22/2013 12:00 AM,0.222,0.110,0.221,0.121,
6/22/2013 2:00 AM,0.219,0.107,0.218,0.119,
6/22/2013 4:00 AM,0.217,0.105,0.216,0.117,
6/22/2013 6:00 AM,0.215,0.103,0.215,0.117,
6/22/2013 8:00 AM,0.212,0.102,0.212,0.116,
6/22/2013 10:00 AM,0.211,0.108,0.205,0.118,
6/22/2013 12:00 PM,0.212,0.115,0.206,0.120,
6/22/2013 2:00 PM,0.218,0.122,0.212,0.123,
6/22/2013 4:00 PM,0.224,0.126,0.216,0.124,
6/22/2013 6:00 PM,0.228,0.128,0.218,0.125,
6/22/2013 8:00 PM,0.228,0.124,0.219,0.125,
6/22/2013 10:00 PM,0.226,0.115,0.224,0.124,
6/23/2013 12:00 AM,0.222,0.109,0.220,0.122,
6/23/2013 2:00 AM,0.219,0.107,0.217,0.120,
6/23/2013 4:00 AM,0.216,0.105,0.214,0.118,
6/23/2013 6:00 AM,0.214,0.103,0.212,0.117,
6/23/2013 8:00 AM,0.212,0.104,0.210,0.117,
6/23/2013 10:00 AM,0.210,0.110,0.202,0.120,
6/23/2013 12:00 PM,0.213,0.117,0.205,0.122,
6/23/2013 2:00 PM,0.218,0.122,0.209,0.125,
6/23/2013 4:00 PM,0.225,0.126,0.215,0.127,
6/23/2013 6:00 PM,0.226,0.126,0.214,0.126,
6/23/2013 8:00 PM,0.227,0.122,0.217,0.127,
6/23/2013 10:00 PM,0.224,0.115,0.219,0.125,
6/24/2013 12:00 AM,0.220,0.112,0.215,0.122,
6/24/2013 2:00 AM,0.218,0.110,0.214,0.122,
6/24/2013 4:00 AM,0.216,0.107,0.212,0.119,
6/24/2013 6:00 AM,0.214,0.105,0.211,0.117,
6/24/2013 8:00 AM,0.212,0.105,0.208,0.117,
6/24/2013 10:00 AM,0.211,0.110,0.201,0.119,
6/24/2013 12:00 PM,0.213,0.117,0.203,0.121,
6/24/2013 2:00 PM,0.217,0.121,0.206,0.122,
6/24/2013 4:00 PM,0.221,0.119,0.210,0.122,
6/24/2013 6:00 PM,0.221,0.117,0.210,0.120,
6/24/2013 8:00 PM,0.221,0.113,0.211,0.119,
6/24/2013 10:00 PM,0.219,0.110,0.211,0.115,
6/25/2013 12:00 AM,0.216,0.107,0.209,0.115,
6/25/2013 2:00 AM,0.214,0.107,0.207,0.114,
6/25/2013 4:00 AM,0.212,0.106,0.205,0.113,
6/25/2013 6:00 AM,0.212,0.105,0.205,0.112,
6/25/2013 8:00 AM,0.210,0.105,0.203,0.112,
6/25/2013 10:00 AM,0.209,0.110,0.197,0.114,
6/25/2013 12:00 PM,0.211,0.116,0.199,0.117,
6/25/2013 2:00 PM,0.216,0.122,0.205,0.120,
6/25/2013 4:00 PM,0.222,0.126,0.209,0.122,
6/25/2013 6:00 PM,0.225,0.126,0.212,0.122,
6/25/2013 8:00 PM,0.226,0.121,0.212,0.121,
6/25/2013 10:00 PM,0.224,0.115,0.212,0.120,
6/26/2013 12:00 AM,0.221,0.111,0.211,0.118,
6/26/2013 2:00 AM,0.218,0.109,0.209,0.117,
6/26/2013 4:00 AM,0.217,0.107,0.208,0.115,
6/26/2013 6:00 AM,0.215,0.107,0.206,0.115,
6/26/2013 8:00 AM,0.213,0.106,0.203,0.114,
6/26/2013 10:00 AM,0.211,0.113,0.196,0.117,
6/26/2013 12:00 PM,0.213,0.118,0.199,0.119,
6/26/2013 2:00 PM,0.218,0.122,0.204,0.121,
6/26/2013 4:00 PM,0.223,0.127,0.207,0.122,
6/26/2013 6:00 PM,0.226,0.129,0.209,0.122,
6/26/2013 8:00 PM,0.227,0.124,0.212,0.123,
6/26/2013 10:00 PM,0.225,0.117,0.212,0.121,
6/27/2013 12:00 AM,0.222,0.113,0.210,0.119,
6/27/2013 2:00 AM,0.219,0.111,0.207,0.117,
6/27/2013 4:00 AM,0.217,0.110,0.206,0.116,
6/27/2013 6:00 AM,0.215,0.108,0.204,0.115,
6/27/2013 8:00 AM,0.213,0.108,0.202,0.115,
6/27/2013 10:00 AM,0.212,0.113,0.196,0.117,
6/27/2013 12:00 PM,0.214,0.119,0.198,0.119,
6/27/2013 2:00 PM,0.218,0.124,0.202,0.120,
6/27/2013 4:00 PM,0.223,0.127,0.205,0.122,
6/27/2013 6:00 PM,0.226,0.128,0.207,0.122,
6/27/2013 8:00 PM,0.226,0.125,0.208,0.122,
6/27/2013 10:00 PM,0.225,0.117,0.210,0.121,
6/28/2013 12:00 AM,0.222,0.113,0.208,0.119,
6/28/2013 2:00 AM,0.218,0.111,0.204,0.117,
6/28/2013 4:00 AM,0.216,0.110,0.203,0.116,
6/28/2013 6:00 AM,0.214,0.108,0.201,0.115,
6/28/2013 8:00 AM,0.212,0.108,0.198,0.115,
6/28/2013 10:00 AM,0.211,0.113,0.193,0.117,
6/28/2013 12:00 PM,0.212,0.117,0.195,0.117,
6/28/2013 2:00 PM,0.217,0.122,0.198,0.120,
6/28/2013 4:00 PM,0.222,0.126,0.202,0.121,
6/28/2013 6:00 PM,0.225,0.126,0.203,0.121,
6/28/2013 8:00 PM,0.225,0.121,0.204,0.120,
6/28/2013 10:00 PM,0.223,0.115,0.205,0.119,
6/29/2013 12:00 AM,0.219,0.112,0.202,0.117,
6/29/2013 2:00 AM,0.217,0.110,0.199,0.116,
6/29/2013 4:00 AM,0.214,0.107,0.199,0.115,
6/29/2013 6:00 AM,0.212,0.105,0.198,0.114,
6/29/2013 8:00 AM,0.210,0.105,0.194,0.113,
6/29/2013 10:00 AM,0.208,0.111,0.191,0.117,
6/29/2013 12:00 PM,0.211,0.116,0.193,0.119,
6/29/2013 2:00 PM,0.215,0.122,0.197,0.120,
6/29/2013 4:00 PM,0.221,0.126,0.199,0.121,
6/29/2013 6:00 PM,0.223,0.127,0.201,0.120,
6/29/2013 8:00 PM,0.224,0.122,0.203,0.121,
6/29/2013 10:00 PM,0.223,0.114,0.204,0.119,
6/30/2013 12:00 AM,0.219,0.110,0.200,0.117,
6/30/2013 2:00 AM,0.216,0.109,0.197,0.115,
6/30/2013 4:00 AM,0.214,0.107,0.196,0.114,
6/30/2013 6:00 AM,0.212,0.105,0.194,0.113,
6/30/2013 8:00 AM,0.210,0.105,0.192,0.112,
6/30/2013 10:00 AM,0.208,0.110,0.187,0.113,
6/30/2013 12:00 PM,0.209,0.115,0.189,0.115,
6/30/2013 2:00 PM,0.213,0.120,0.192,0.116,
6/30/2013 4:00 PM,0.218,0.123,0.195,0.117,
6/30/2013 6:00 PM,0.220,0.123,0.196,0.117,
6/30/2013 8:00 PM,0.219,0.120,0.198,0.118,
6/30/2013 10:00 PM,0.217,0.113,0.197,0.117,
7/1/2013 12:00 AM,0.213,0.107,0.195,0.115,
7/1/2013 2:00 AM,0.210,0.104,0.194,0.113,
7/1/2013 4:00 AM,0.206,0.102,0.192,0.111,
7/1/2013 6:00 AM,0.203,0.102,0.190,0.110,
7/1/2013 8:00 AM,0.202,0.102,0.187,0.110,
7/1/2013 10:00 AM,0.199,0.108,0.182,0.113,
7/1/2013 12:00 PM,0.202,0.115,0.185,0.114,
7/1/2013 2:00 PM,0.209,0.120,0.189,0.115,
7/1/2013 4:00 PM,0.214,0.123,0.192,0.117,
7/1/2013 6:00 PM,0.216,0.122,0.193,0.115,
7/1/2013 8:00 PM,0.217,0.116,0.194,0.115,
7/1/2013 10:00 PM,0.215,0.109,0.194,0.114,
7/2/2013 12:00 AM,0.212,0.106,0.191,0.113,
7/2/2013 2:00 AM,0.209,0.105,0.189,0.111,
7/2/2013 4:00 AM,0.207,0.103,0.188,0.110,
7/2/2013 6:00 AM,0.205,0.101,0.187,0.109,
7/2/2013 8:00 AM,0.202,0.101,0.185,0.108,
7/2/2013 10:00 AM,0.200,0.107,0.181,0.110,
7/2/2013 12:00 PM,0.202,0.111,0.183,0.113,
7/2/2013 2:00 PM,0.206,0.115,0.186,0.114,
7/2/2013 4:00 PM,0.211,0.119,0.189,0.115,
7/2/2013 6:00 PM,0.213,0.120,0.190,0.115,
7/2/2013 8:00 PM,0.214,0.115,0.190,0.115,
7/2/2013 10:00 PM,0.213,0.108,0.190,0.113,
7/3/2013 12:00 AM,0.210,0.106,0.187,0.111,
7/3/2013 2:00 AM,0.207,0.104,0.185,0.110,
7/3/2013 4:00 AM,0.205,0.102,0.183,0.109,
7/3/2013 6:00 AM,0.203,0.101,0.183,0.108,
7/3/2013 8:00 AM,0.201,0.101,0.180,0.107,
7/3/2013 10:00 AM,0.199,0.104,0.179,0.109,
7/3/2013 12:00 PM,0.199,0.109,0.179,0.110,
7/3/2013 2:00 PM,0.203,0.114,0.181,0.112,
7/3/2013 4:00 PM,0.208,0.118,0.184,0.113,
7/3/2013 6:00 PM,0.212,0.119,0.187,0.114,
7/3/2013 8:00 PM,0.213,0.113,0.188,0.113,
7/3/2013 10:00 PM,0.211,0.107,0.186,0.110,
7/4/2013 12:00 AM,0.207,0.105,0.183,0.109,
7/4/2013 2:00 AM,0.210,0.109,0.184,0.105,
7/4/2013 4:00 AM,0.212,0.117,0.185,0.099,
7/4/2013 6:00 AM,0.204,0.113,0.191,0.106,
7/4/2013 8:00 AM,0.199,0.108,0.188,0.107,
7/4/2013 10:00 AM,0.196,0.111,0.184,0.108,
7/4/2013 12:00 PM,0.197,0.115,0.184,0.110,
7/4/2013 2:00 PM,0.202,0.120,0.187,0.113,
7/4/2013 4:00 PM,0.208,0.122,0.190,0.114,
7/4/2013 6:00 PM,0.212,0.121,0.191,0.114,
7/4/2013 8:00 PM,0.212,0.116,0.192,0.113,
7/4/2013 10:00 PM,0.210,0.109,0.191,0.111,
7/5/2013 12:00 AM,0.206,0.106,0.184,0.104,
7/5/2013 2:00 AM,0.217,0.120,0.192,0.102,
7/5/2013 4:00 AM,0.215,0.138,0.198,0.099,
7/5/2013 6:00 AM,0.208,0.133,0.203,0.107,
7/5/2013 8:00 AM,0.205,0.130,0.199,0.107,
7/5/2013 10:00 AM,0.203,0.130,0.193,0.108,
7/5/2013 12:00 PM,0.205,0.132,0.193,0.107,
7/5/2013 2:00 PM,0.211,0.134,0.196,0.110,
7/5/2013 4:00 PM,0.217,0.132,0.202,0.113,
7/5/2013 6:00 PM,0.218,0.124,0.201,0.110,
7/5/2013 8:00 PM,0.215,0.120,0.196,0.105,
7/5/2013 10:00 PM,0.211,0.114,0.194,0.106,
7/6/2013 12:00 AM,0.209,0.110,0.195,0.111,
7/6/2013 2:00 AM,0.207,0.108,0.193,0.110,
7/6/2013 4:00 AM,0.205,0.107,0.192,0.110,
7/6/2013 6:00 AM,0.204,0.107,0.191,0.110,
7/6/2013 8:00 AM,0.203,0.108,0.189,0.110,
7/6/2013 10:00 AM,0.202,0.115,0.185,0.113,
7/6/2013 12:00 PM,0.206,0.119,0.189,0.115,
7/6/2013 2:00 PM,0.212,0.123,0.192,0.117,
7/6/2013 4:00 PM,0.216,0.124,0.194,0.119,
7/6/2013 6:00 PM,0.219,0.120,0.196,0.117,
7/6/2013 8:00 PM,0.217,0.115,0.190,0.111,
7/6/2013 10:00 PM,0.208,0.107,0.178,0.107,
7/7/2013 12:00 AM,0.204,0.104,0.174,0.105,
7/7/2013 2:00 AM,0.201,0.102,0.173,0.104,
7/7/2013 4:00 AM,0.199,0.101,0.172,0.103,
7/7/2013 6:00 AM,0.197,0.100,0.171,0.103,
7/7/2013 8:00 AM,0.195,0.101,0.169,0.102,
7/7/2013 10:00 AM,0.194,0.107,0.167,0.105,
7/7/2013 12:00 PM,0.197,0.115,0.171,0.107,
7/7/2013 2:00 PM,0.206,0.120,0.177,0.110,
7/7/2013 4:00 PM,0.212,0.121,0.180,0.110,
7/7/2013 6:00 PM,0.217,0.116,0.180,0.109,
7/7/2013 8:00 PM,0.211,0.112,0.173,0.108,
7/7/2013 10:00 PM,0.209,0.109,0.170,0.107,
7/8/2013 12:00 AM,0.206,0.107,0.172,0.104,
7/8/2013 2:00 AM,0.204,0.106,0.170,0.103,
7/8/2013 4:00 AM,0.202,0.105,0.169,0.102,
7/8/2013 6:00 AM,0.200,0.103,0.169,0.102,
7/8/2013 8:00 AM,0.198,0.103,0.167,0.102,
7/8/2013 10:00 AM,0.195,0.110,0.165,0.104,
7/8/2013 12:00 PM,0.199,0.116,0.170,0.106,
7/8/2013 2:00 PM,0.207,0.120,0.177,0.108,
7/8/2013 4:00 PM,0.212,0.124,0.180,0.109,
7/8/2013 6:00 PM,0.215,0.124,0.183,0.109,
7/8/2013 8:00 PM,0.216,0.119,0.181,0.109,
7/8/2013 10:00 PM,0.214,0.111,0.178,0.107,
7/9/2013 12:00 AM,0.210,0.106,0.175,0.105,
7/9/2013 2:00 AM,0.206,0.104,0.172,0.104,
7/9/2013 4:00 AM,0.203,0.103,0.170,0.103,
7/9/2013 6:00 AM,0.200,0.102,0.169,0.102,
7/9/2013 8:00 AM,0.197,0.102,0.167,0.102,
7/9/2013 10:00 AM,0.196,0.106,0.166,0.103,
7/9/2013 12:00 PM,0.198,0.113,0.169,0.105,
7/9/2013 2:00 PM,0.205,0.118,0.175,0.107,
7/9/2013 4:00 PM,0.211,0.122,0.180,0.108,
7/9/2013 6:00 PM,0.214,0.122,0.182,0.107,
7/9/2013 8:00 PM,0.214,0.118,0.179,0.107,
7/9/2013 10:00 PM,0.212,0.108,0.177,0.106,
7/10/2013 12:00 AM,0.208,0.104,0.173,0.103,
7/10/2013 2:00 AM,0.203,0.102,0.170,0.102,
7/10/2013 4:00 AM,0.200,0.099,0.169,0.101,
7/10/2013 6:00 AM,0.197,0.097,0.167,0.100,
7/10/2013 8:00 AM,0.194,0.098,0.165,0.099,
7/10/2013 10:00 AM,0.192,0.107,0.163,0.102,
7/10/2013 12:00 PM,0.196,0.113,0.168,0.103,
7/10/2013 2:00 PM,0.203,0.117,0.175,0.105,
7/10/2013 4:00 PM,0.209,0.120,0.179,0.106,
7/10/2013 6:00 PM,0.211,0.118,0.180,0.106,
7/10/2013 8:00 PM,0.212,0.114,0.177,0.105,
7/10/2013 10:00 PM,0.210,0.105,0.173,0.103,
7/11/2013 12:00 AM,0.205,0.101,0.169,0.101,
7/11/2013 2:00 AM,0.201,0.098,0.168,0.100,
7/11/2013 4:00 AM,0.197,0.096,0.166,0.099,
7/11/2013 6:00 AM,0.194,0.096,0.164,0.098,
7/11/2013 8:00 AM,0.193,0.096,0.164,0.098,
7/11/2013 10:00 AM,0.192,0.099,0.162,0.098,
7/11/2013 12:00 PM,0.191,0.102,0.162,0.099,
7/11/2013 2:00 PM,0.192,0.108,0.166,0.102,
7/11/2013 4:00 PM,0.197,0.107,0.169,0.105,
7/11/2013 6:00 PM,0.199,0.104,0.166,0.105,
7/11/2013 8:00 PM,0.197,0.100,0.164,0.101,
7/11/2013 10:00 PM,0.196,0.097,0.161,0.099,
7/12/2013 12:00 AM,0.194,0.096,0.159,0.099,
7/12/2013 2:00 AM,0.192,0.095,0.158,0.098,
7/12/2013 4:00 AM,0.191,0.095,0.158,0.098,
7/12/2013 6:00 AM,0.190,0.093,0.157,0.098,
7/12/2013 8:00 AM,0.188,0.094,0.156,0.098,
7/12/2013 10:00 AM,0.186,0.099,0.156,0.099,
7/12/2013 12:00 PM,0.189,0.105,0.159,0.101,
7/12/2013 2:00 PM,0.194,0.110,0.163,0.102,
7/12/2013 4:00 PM,0.199,0.113,0.165,0.101,
7/12/2013 6:00 PM,0.201,0.111,0.165,0.100,
7/12/2013 8:00 PM,0.202,0.107,0.164,0.099,
7/12/2013 10:00 PM,0.199,0.101,0.161,0.097,
7/13/2013 12:00 AM,0.196,0.099,0.159,0.096,
7/13/2013 2:00 AM,0.193,0.097,0.156,0.095,
7/13/2013 4:00 AM,0.191,0.096,0.156,0.094,
7/13/2013 6:00 AM,0.190,0.096,0.155,0.094,
7/13/2013 8:00 AM,0.189,0.096,0.155,0.094,
7/13/2013 10:00 AM,0.185,0.102,0.155,0.096,
7/13/2013 12:00 PM,0.188,0.109,0.159,0.098,
7/13/2013 2:00 PM,0.197,0.112,0.164,0.100,
7/13/2013 4:00 PM,0.202,0.112,0.166,0.101,
7/13/2013 6:00 PM,0.203,0.110,0.165,0.100,
7/13/2013 8:00 PM,0.203,0.105,0.163,0.099,
7/13/2013 10:00 PM,0.198,0.102,0.159,0.098,
7/14/2013 12:00 AM,0.196,0.098,0.156,0.096,
7/14/2013 2:00 AM,0.192,0.096,0.155,0.095,
7/14/2013 4:00 AM,0.190,0.095,0.153,0.094,
7/14/2013 6:00 AM,0.187,0.093,0.153,0.093,
7/14/2013 8:00 AM,0.185,0.093,0.152,0.093,
7/14/2013 10:00 AM,0.182,0.102,0.152,0.096,
7/14/2013 12:00 PM,0.187,0.108,0.157,0.098,
7/14/2013 2:00 PM,0.194,0.113,0.164,0.101,
7/14/2013 4:00 PM,0.201,0.116,0.168,0.102,
7/14/2013 6:00 PM,0.206,0.115,0.170,0.102,
7/14/2013 8:00 PM,0.207,0.104,0.177,0.101,
7/14/2013 10:00 PM,0.204,0.097,0.175,0.098,
7/15/2013 12:00 AM,0.200,0.093,0.174,0.096,
7/15/2013 2:00 AM,0.196,0.090,0.173,0.095,
7/15/2013 4:00 AM,0.193,0.089,0.172,0.094,
7/15/2013 6:00 AM,0.191,0.089,0.170,0.094,
7/15/2013 8:00 AM,0.189,0.090,0.168,0.094,
7/15/2013 10:00 AM,0.188,0.096,0.166,0.096,
7/15/2013 12:00 PM,0.191,0.105,0.168,0.099,
7/15/2013 2:00 PM,0.197,0.108,0.172,0.100,
7/15/2013 4:00 PM,0.204,0.112,0.174,0.102,
7/15/2013 6:00 PM,0.207,0.112,0.175,0.102,
7/15/2013 8:00 PM,0.209,0.106,0.177,0.102,
7/15/2013 10:00 PM,0.206,0.100,0.174,0.099,
7/16/2013 12:00 AM,0.200,0.096,0.169,0.094,
7/16/2013 2:00 AM,0.197,0.095,0.169,0.093,
7/16/2013 4:00 AM,0.194,0.093,0.168,0.093,
7/16/2013 6:00 AM,0.192,0.091,0.168,0.093,
7/16/2013 8:00 AM,0.190,0.090,0.166,0.092,
7/16/2013 10:00 AM,0.186,0.098,0.161,0.093,
7/16/2013 12:00 PM,0.189,0.102,0.161,0.093,
7/16/2013 2:00 PM,0.193,0.105,0.164,0.094,
7/16/2013 4:00 PM,0.195,0.105,0.166,0.095,
7/16/2013 6:00 PM,0.197,0.102,0.166,0.095,
7/16/2013 8:00 PM,0.195,0.103,0.163,0.094,
7/16/2013 10:00 PM,0.191,0.098,0.159,0.089,
7/17/2013 12:00 AM,0.189,0.095,0.157,0.088,
7/17/2013 2:00 AM,0.187,0.093,0.159,0.090,
7/17/2013 4:00 AM,0.184,0.092,0.159,0.090,
7/17/2013 6:00 AM,0.182,0.092,0.158,0.089,
7/17/2013 8:00 AM,0.180,0.093,0.158,0.090,
7/17/2013 10:00 AM,0.178,0.100,0.158,0.093,
7/17/2013 12:00 PM,0.183,0.105,0.162,0.095,
7/17/2013 2:00 PM,0.190,0.109,0.166,0.096,
7/17/2013 4:00 PM,0.196,0.111,0.170,0.098,
7/17/2013 6:00 PM,0.199,0.111,0.172,0.098,
7/17/2013 8:00 PM,0.201,0.107,0.169,0.097,
7/17/2013 10:00 PM,0.197,0.100,0.164,0.095,
7/18/2013 12:00 AM,0.194,0.096,0.162,0.093,
7/18/2013 2:00 AM,0.190,0.093,0.161,0.092,
7/18/2013 4:00 AM,0.187,0.091,0.160,0.090,
7/18/2013 6:00 AM,0.184,0.091,0.159,0.089,
7/18/2013 8:00 AM,0.182,0.092,0.158,0.089,
7/18/2013 10:00 AM,0.180,0.098,0.156,0.092,
7/18/2013 12:00 PM,0.183,0.105,0.160,0.093,
7/18/2013 2:00 PM,0.189,0.108,0.165,0.097,
7/18/2013 4:00 PM,0.196,0.110,0.168,0.096,
7/18/2013 6:00 PM,0.200,0.110,0.168,0.096,
7/18/2013 8:00 PM,0.201,0.106,0.168,0.096,
7/18/2013 10:00 PM,0.197,0.097,0.165,0.094,
7/19/2013 12:00 AM,0.193,0.093,0.162,0.092,
7/19/2013 2:00 AM,0.189,0.089,0.161,0.090,
7/19/2013 4:00 AM,0.185,0.086,0.160,0.089,
7/19/2013 6:00 AM,0.182,0.085,0.158,0.088,
7/19/2013 8:00 AM,0.178,0.085,0.156,0.086,
7/19/2013 10:00 AM,0.175,0.093,0.154,0.089,
7/19/2013 12:00 PM,0.179,0.101,0.158,0.091,
7/19/2013 2:00 PM,0.187,0.106,0.163,0.093,
7/19/2013 4:00 PM,0.194,0.109,0.167,0.095,
7/19/2013 6:00 PM,0.197,0.110,0.169,0.095,
7/19/2013 8:00 PM,0.197,0.106,0.168,0.095,
7/19/2013 10:00 PM,0.194,0.096,0.166,0.093,
7/20/2013 12:00 AM,0.189,0.091,0.163,0.091,
7/20/2013 2:00 AM,0.184,0.089,0.161,0.089,
7/20/2013 4:00 AM,0.180,0.086,0.159,0.089,
7/20/2013 6:00 AM,0.177,0.084,0.158,0.087,
7/20/2013 8:00 AM,0.174,0.085,0.156,0.087,
7/20/2013 10:00 AM,0.171,0.094,0.155,0.089,
7/20/2013 12:00 PM,0.175,0.102,0.158,0.092,
7/20/2013 2:00 PM,0.183,0.105,0.164,0.093,
7/20/2013 4:00 PM,0.189,0.109,0.166,0.094,
7/20/2013 6:00 PM,0.194,0.107,0.167,0.095,
7/20/2013 8:00 PM,0.193,0.102,0.164,0.095,
7/20/2013 10:00 PM,0.191,0.095,0.161,0.093,
7/21/2013 12:00 AM,0.186,0.089,0.158,0.091,
7/21/2013 2:00 AM,0.182,0.086,0.157,0.089,
7/21/2013 4:00 AM,0.178,0.086,0.155,0.089,
7/21/2013 6:00 AM,0.175,0.086,0.155,0.088,
7/21/2013 8:00 AM,0.173,0.085,0.153,0.087,
7/21/2013 10:00 AM,0.170,0.094,0.152,0.090,
7/21/2013 12:00 PM,0.175,0.101,0.156,0.092,
7/21/2013 2:00 PM,0.182,0.106,0.161,0.094,
7/21/2013 4:00 PM,0.190,0.110,0.165,0.095,
7/21/2013 6:00 PM,0.193,0.110,0.168,0.093,
7/21/2013 8:00 PM,0.195,0.105,0.165,0.094,
7/21/2013 10:00 PM,0.192,0.095,0.161,0.093,
7/22/2013 12:00 AM,0.186,0.090,0.158,0.090,
7/22/2013 2:00 AM,0.182,0.087,0.156,0.089,
7/22/2013 4:00 AM,0.178,0.086,0.155,0.088,
7/22/2013 6:00 AM,0.175,0.083,0.154,0.087,
7/22/2013 8:00 AM,0.172,0.082,0.152,0.086,
7/22/2013 10:00 AM,0.168,0.093,0.150,0.089,
7/22/2013 12:00 PM,0.173,0.100,0.155,0.091,
7/22/2013 2:00 PM,0.179,0.105,0.161,0.093,
7/22/2013 4:00 PM,0.186,0.109,0.165,0.095,
7/22/2013 6:00 PM,0.191,0.110,0.166,0.095,
7/22/2013 8:00 PM,0.192,0.105,0.164,0.095,
7/22/2013 10:00 PM,0.189,0.096,0.159,0.093,
7/23/2013 12:00 AM,0.183,0.090,0.158,0.090,
7/23/2013 2:00 AM,0.179,0.087,0.157,0.088,
7/23/2013 4:00 AM,0.175,0.084,0.156,0.086,
7/23/2013 6:00 AM,0.173,0.082,0.154,0.085,
7/23/2013 8:00 AM,0.169,0.082,0.152,0.084,
7/23/2013 10:00 AM,0.166,0.089,0.150,0.087,
7/23/2013 12:00 PM,0.169,0.095,0.154,0.089,
7/23/2013 2:00 PM,0.174,0.102,0.158,0.090,
7/23/2013 4:00 PM,0.181,0.104,0.162,0.093,
7/23/2013 6:00 PM,0.185,0.103,0.163,0.092,
7/23/2013 8:00 PM,0.184,0.097,0.161,0.089,
7/23/2013 10:00 PM,0.182,0.089,0.159,0.088,
7/24/2013 12:00 AM,0.176,0.085,0.155,0.086,
7/24/2013 2:00 AM,0.172,0.083,0.153,0.086,
7/24/2013 4:00 AM,0.170,0.082,0.153,0.084,
7/24/2013 6:00 AM,0.168,0.081,0.152,0.083,
7/24/2013 8:00 AM,0.166,0.081,0.150,0.082,
7/24/2013 10:00 AM,0.164,0.089,0.150,0.085,
7/24/2013 12:00 PM,0.167,0.095,0.153,0.086,
7/24/2013 2:00 PM,0.172,0.099,0.158,0.089,
7/24/2013 4:00 PM,0.177,0.101,0.160,0.090,
7/24/2013 6:00 PM,0.181,0.102,0.161,0.089,
7/24/2013 8:00 PM,0.182,0.095,0.160,0.089,
7/24/2013 10:00 PM,0.178,0.089,0.157,0.087,
7/25/2013 12:00 AM,0.174,0.086,0.155,0.086,
7/25/2013 2:00 AM,0.171,0.084,0.153,0.085,
7/25/2013 4:00 AM,0.168,0.082,0.152,0.084,
7/25/2013 6:00 AM,0.166,0.081,0.151,0.083,
7/25/2013 8:00 AM,0.164,0.080,0.150,0.082,
7/25/2013 10:00 AM,0.161,0.089,0.148,0.085,
7/25/2013 12:00 PM,0.165,0.095,0.152,0.086,
7/25/2013 2:00 PM,0.170,0.099,0.156,0.089,
7/25/2013 4:00 PM,0.176,0.102,0.159,0.090,
7/25/2013 6:00 PM,0.180,0.102,0.161,0.089,
7/25/2013 8:00 PM,0.180,0.098,0.159,0.089,
7/25/2013 10:00 PM,0.178,0.089,0.157,0.087,
7/26/2013 12:00 AM,0.173,0.084,0.155,0.085,
7/26/2013 2:00 AM,0.169,0.082,0.152,0.083,
7/26/2013 4:00 AM,0.166,0.082,0.151,0.082,
7/26/2013 6:00 AM,0.163,0.080,0.150,0.082,
7/26/2013 8:00 AM,0.161,0.081,0.148,0.082,
7/26/2013 10:00 AM,0.159,0.090,0.148,0.085,
7/26/2013 12:00 PM,0.164,0.097,0.152,0.087,
7/26/2013 2:00 PM,0.170,0.102,0.157,0.089,
7/26/2013 4:00 PM,0.177,0.104,0.161,0.090,
7/26/2013 6:00 PM,0.178,0.103,0.161,0.089,
7/26/2013 8:00 PM,0.179,0.099,0.160,0.089,
7/26/2013 10:00 PM,0.178,0.090,0.157,0.087,
7/27/2013 12:00 AM,0.173,0.087,0.153,0.086,
7/27/2013 2:00 AM,0.169,0.086,0.152,0.085,
7/27/2013 4:00 AM,0.168,0.086,0.152,0.084,
7/27/2013 6:00 AM,0.167,0.085,0.152,0.084,
7/27/2013 8:00 AM,0.165,0.085,0.152,0.084,
7/27/2013 10:00 AM,0.165,0.086,0.152,0.084,
7/27/2013 12:00 PM,0.164,0.086,0.152,0.084,
7/27/2013 2:00 PM,0.164,0.088,0.152,0.085,
7/27/2013 4:00 PM,0.165,0.086,0.152,0.085,
7/27/2013 6:00 PM,0.165,0.089,0.152,0.085,
7/27/2013 8:00 PM,0.167,0.089,0.153,0.086,
7/27/2013 10:00 PM,0.167,0.086,0.153,0.085,
7/28/2013 12:00 AM,0.165,0.083,0.152,0.083,
7/28/2013 2:00 AM,0.162,0.082,0.151,0.082,
7/28/2013 4:00 AM,0.161,0.081,0.150,0.082,
7/28/2013 6:00 AM,0.159,0.079,0.150,0.081,
7/28/2013 8:00 AM,0.158,0.080,0.148,0.081,
7/28/2013 10:00 AM,0.157,0.088,0.148,0.084,
7/28/2013 12:00 PM,0.161,0.094,0.151,0.086,
7/28/2013 2:00 PM,0.166,0.099,0.155,0.088,
7/28/2013 4:00 PM,0.173,0.103,0.159,0.089,
7/28/2013 6:00 PM,0.179,0.104,0.171,0.093,
7/28/2013 8:00 PM,0.179,0.118,0.188,0.091,
7/28/2013 10:00 PM,0.173,0.109,0.184,0.091,
7/29/2013 12:00 AM,0.169,0.102,0.178,0.088,
7/29/2013 2:00 AM,0.166,0.099,0.177,0.086,
7/29/2013 4:00 AM,0.165,0.097,0.174,0.085,
7/29/2013 6:00 AM,0.165,0.095,0.173,0.084,
7/29/2013 8:00 AM,0.164,0.094,0.172,0.084,
7/29/2013 10:00 AM,0.164,0.096,0.171,0.085,
7/29/2013 12:00 PM,0.164,0.099,0.171,0.086,
7/29/2013 2:00 PM,0.168,0.099,0.173,0.087,
7/29/2013 4:00 PM,0.169,0.099,0.173,0.086,
7/29/2013 6:00 PM,0.173,0.102,0.174,0.089,
7/29/2013 8:00 PM,0.176,0.098,0.175,0.089,
7/29/2013 10:00 PM,0.175,0.093,0.174,0.088,
7/30/2013 12:00 AM,0.171,0.090,0.172,0.087,
7/30/2013 2:00 AM,0.168,0.089,0.171,0.086,
7/30/2013 4:00 AM,0.165,0.086,0.170,0.086,
7/30/2013 6:00 AM,0.162,0.084,0.168,0.085,
7/30/2013 8:00 AM,0.161,0.084,0.167,0.084,
7/30/2013 10:00 AM,0.158,0.093,0.165,0.086,
7/30/2013 12:00 PM,0.164,0.099,0.168,0.087,
7/30/2013 2:00 PM,0.170,0.103,0.172,0.089,
7/30/2013 4:00 PM,0.178,0.106,0.175,0.091,
7/30/2013 6:00 PM,0.181,0.105,0.177,0.092,
7/30/2013 8:00 PM,0.176,0.100,0.177,0.093,
7/30/2013 10:00 PM,0.173,0.093,0.176,0.092,
7/31/2013 12:00 AM,0.168,0.089,0.173,0.089,
7/31/2013 2:00 AM,0.164,0.088,0.170,0.088,
7/31/2013 4:00 AM,0.161,0.087,0.169,0.087,
7/31/2013 6:00 AM,0.158,0.085,0.168,0.086,
7/31/2013 8:00 AM,0.155,0.085,0.167,0.086,
7/31/2013 10:00 AM,0.155,0.093,0.165,0.088,
7/31/2013 12:00 PM,0.163,0.099,0.168,0.088,
7/31/2013 2:00 PM,0.170,0.102,0.172,0.090,
7/31/2013 4:00 PM,0.179,0.105,0.175,0.090,
7/31/2013 6:00 PM,0.183,0.105,0.176,0.089,
7/31/2013 8:00 PM,0.183,0.101,0.175,0.089,
7/31/2013 10:00 PM,0.179,0.093,0.174,0.088,
8/1/2013 12:00 AM,0.174,0.089,0.172,0.086,
8/1/2013 2:00 AM,0.172,0.087,0.169,0.085,
8/1/2013 4:00 AM,0.169,0.086,0.168,0.084,
8/1/2013 6:00 AM,0.167,0.084,0.167,0.083,
8/1/2013 8:00 AM,0.165,0.083,0.166,0.082,
8/1/2013 10:00 AM,0.163,0.089,0.165,0.084,
8/1/2013 12:00 PM,0.166,0.094,0.167,0.085,
8/1/2013 2:00 PM,0.172,0.098,0.170,0.087,
8/1/2013 4:00 PM,0.178,0.100,0.173,0.087,
8/1/2013 6:00 PM,0.181,0.099,0.174,0.087,
8/1/2013 8:00 PM,0.178,0.095,0.173,0.089,
8/1/2013 10:00 PM,0.166,0.086,0.170,0.090,
8/2/2013 12:00 AM,0.161,0.081,0.168,0.086,
8/2/2013 2:00 AM,0.156,0.078,0.165,0.085,
8/2/2013 4:00 AM,0.150,0.074,0.164,0.083,
8/2/2013 6:00 AM,0.146,0.073,0.161,0.082,
8/2/2013 8:00 AM,0.143,0.073,0.159,0.082,
8/2/2013 10:00 AM,0.142,0.080,0.159,0.084,
8/2/2013 12:00 PM,0.147,0.087,0.161,0.086,
8/2/2013 2:00 PM,0.154,0.092,0.165,0.088,
8/2/2013 4:00 PM,0.161,0.095,0.168,0.089,
8/2/2013 6:00 PM,0.165,0.095,0.169,0.089,
8/2/2013 8:00 PM,0.165,0.092,0.169,0.089,
8/2/2013 10:00 PM,0.162,0.083,0.168,0.087,
8/3/2013 12:00 AM,0.156,0.081,0.165,0.085,
8/3/2013 2:00 AM,0.151,0.078,0.162,0.083,
8/3/2013 4:00 AM,0.147,0.077,0.159,0.082,
8/3/2013 6:00 AM,0.144,0.074,0.158,0.082,
8/3/2013 8:00 AM,0.142,0.073,0.156,0.080,
8/3/2013 10:00 AM,0.141,0.081,0.155,0.083,
8/3/2013 12:00 PM,0.147,0.088,0.158,0.085,
8/3/2013 2:00 PM,0.155,0.093,0.162,0.087,
8/3/2013 4:00 PM,0.163,0.095,0.166,0.088,
8/3/2013 6:00 PM,0.168,0.095,0.168,0.087,
8/3/2013 8:00 PM,0.166,0.091,0.167,0.087,
8/3/2013 10:00 PM,0.163,0.083,0.166,0.085,
8/4/2013 12:00 AM,0.158,0.080,0.162,0.083,
8/4/2013 2:00 AM,0.153,0.078,0.161,0.082,
8/4/2013 4:00 AM,0.150,0.076,0.159,0.082,
8/4/2013 6:00 AM,0.146,0.074,0.158,0.081,
8/4/2013 8:00 AM,0.143,0.073,0.156,0.080,
8/4/2013 10:00 AM,0.143,0.082,0.155,0.082,
8/4/2013 12:00 PM,0.148,0.090,0.159,0.085,
8/4/2013 2:00 PM,0.158,0.096,0.163,0.086,
8/4/2013 4:00 PM,0.165,0.096,0.166,0.087,
8/4/2013 6:00 PM,0.169,0.096,0.168,0.087,
8/4/2013 8:00 PM,0.168,0.093,0.167,0.087,
8/4/2013 10:00 PM,0.164,0.084,0.166,0.086,
8/5/2013 12:00 AM,0.159,0.082,0.162,0.083,
8/5/2013 2:00 AM,0.156,0.080,0.161,0.082,
8/5/2013 4:00 AM,0.151,0.077,0.160,0.082,
8/5/2013 6:00 AM,0.148,0.076,0.159,0.081,
8/5/2013 8:00 AM,0.146,0.075,0.157,0.080,
8/5/2013 10:00 AM,0.145,0.084,0.156,0.082,
8/5/2013 12:00 PM,0.151,0.086,0.159,0.083,
8/5/2013 2:00 PM,0.156,0.093,0.161,0.085,
8/5/2013 4:00 PM,0.162,0.095,0.164,0.086,
8/5/2013 6:00 PM,0.166,0.096,0.166,0.087,
8/5/2013 8:00 PM,0.168,0.091,0.167,0.086,
8/5/2013 10:00 PM,0.166,0.084,0.165,0.085,
8/6/2013 12:00 AM,0.161,0.080,0.163,0.083,
8/6/2013 2:00 AM,0.156,0.078,0.161,0.082,
8/6/2013 4:00 AM,0.149,0.076,0.158,0.081,
8/6/2013 6:00 AM,0.146,0.075,0.157,0.080,
8/6/2013 8:00 AM,0.144,0.075,0.156,0.079,
8/6/2013 10:00 AM,0.144,0.082,0.156,0.082,
8/6/2013 12:00 PM,0.146,0.089,0.159,0.084,
8/6/2013 2:00 PM,0.152,0.093,0.162,0.086,
8/6/2013 4:00 PM,0.159,0.097,0.165,0.087,
8/6/2013 6:00 PM,0.164,0.098,0.167,0.088,
8/6/2013 8:00 PM,0.161,0.093,0.166,0.088,
8/6/2013 10:00 PM,0.147,0.082,0.164,0.086,
8/7/2013 12:00 AM,0.141,0.077,0.161,0.083,
8/7/2013 2:00 AM,0.135,0.074,0.159,0.082,
8/7/2013 4:00 AM,0.132,0.073,0.157,0.081,
8/7/2013 6:00 AM,0.129,0.072,0.155,0.080,
8/7/2013 8:00 AM,0.126,0.070,0.154,0.080,
8/7/2013 10:00 AM,0.130,0.080,0.153,0.082,
8/7/2013 12:00 PM,0.138,0.088,0.157,0.084,
8/7/2013 2:00 PM,0.146,0.093,0.161,0.087,
8/7/2013 4:00 PM,0.153,0.096,0.165,0.089,
8/7/2013 6:00 PM,0.158,0.096,0.166,0.088,
8/7/2013 8:00 PM,0.164,0.091,0.165,0.087,
8/7/2013 10:00 PM,0.164,0.085,0.163,0.083,
8/8/2013 12:00 AM,0.160,0.082,0.161,0.082,
8/8/2013 2:00 AM,0.162,0.081,0.159,0.081,
8/8/2013 4:00 AM,0.159,0.079,0.158,0.080,
8/8/2013 6:00 AM,0.158,0.078,0.157,0.080,
8/8/2013 8:00 AM,0.156,0.077,0.156,0.080,
8/8/2013 10:00 AM,0.154,0.082,0.156,0.081,
8/8/2013 12:00 PM,0.157,0.088,0.158,0.082,
8/8/2013 2:00 PM,0.160,0.089,0.160,0.083,
8/8/2013 4:00 PM,0.162,0.093,0.162,0.084,
8/8/2013 6:00 PM,0.161,0.091,0.160,0.078,
8/8/2013 8:00 PM,0.158,0.087,0.156,0.070,
8/8/2013 10:00 PM,0.155,0.080,0.157,0.068,
8/9/2013 12:00 AM,0.152,0.078,0.156,0.066,
8/9/2013 2:00 AM,0.149,0.077,0.155,0.066,
8/9/2013 4:00 AM,0.146,0.074,0.155,0.064,
8/9/2013 6:00 AM,0.143,0.073,0.153,0.063,
8/9/2013 8:00 AM,0.139,0.069,0.152,0.063,
8/9/2013 10:00 AM,0.138,0.078,0.150,0.065,
8/9/2013 12:00 PM,0.143,0.086,0.153,0.069,
8/9/2013 2:00 PM,0.150,0.090,0.157,0.074,
8/9/2013 4:00 PM,0.155,0.091,0.159,0.078,
8/9/2013 6:00 PM,0.157,0.090,0.160,0.078,
8/9/2013 8:00 PM,0.158,0.086,0.160,0.078,
8/9/2013 10:00 PM,0.153,0.078,0.158,0.073,
8/10/2013 12:00 AM,0.149,0.076,0.157,0.071,
8/10/2013 2:00 AM,0.147,0.074,0.156,0.070,
8/10/2013 4:00 AM,0.144,0.074,0.155,0.069,
8/10/2013 6:00 AM,0.142,0.072,0.155,0.069,
8/10/2013 8:00 AM,0.139,0.069,0.153,0.069,
8/10/2013 10:00 AM,0.138,0.075,0.152,0.070,
8/10/2013 12:00 PM,0.142,0.083,0.153,0.074,
8/10/2013 2:00 PM,0.147,0.087,0.156,0.076,
8/10/2013 4:00 PM,0.152,0.089,0.159,0.074,
8/10/2013 6:00 PM,0.156,0.089,0.161,0.074,
8/10/2013 8:00 PM,0.154,0.085,0.161,0.074,
8/10/2013 10:00 PM,0.148,0.078,0.159,0.070,
8/11/2013 12:00 AM,0.145,0.074,0.157,0.067,
8/11/2013 2:00 AM,0.142,0.073,0.155,0.066,
8/11/2013 4:00 AM,0.140,0.071,0.155,0.064,
8/11/2013 6:00 AM,0.136,0.069,0.153,0.063,
8/11/2013 8:00 AM,0.133,0.066,0.153,0.063,
8/11/2013 10:00 AM,0.134,0.074,0.151,0.065,
8/11/2013 12:00 PM,0.139,0.081,0.153,0.069,
8/11/2013 2:00 PM,0.145,0.086,0.157,0.071,
8/11/2013 4:00 PM,0.151,0.087,0.160,0.073,
8/11/2013 6:00 PM,0.148,0.087,0.160,0.075,
8/11/2013 8:00 PM,0.144,0.084,0.160,0.076,
8/11/2013 10:00 PM,0.136,0.074,0.160,0.073,
8/12/2013 12:00 AM,0.131,0.072,0.157,0.070,
8/12/2013 2:00 AM,0.128,0.071,0.155,0.069,
8/12/2013 4:00 AM,0.128,0.070,0.154,0.069,
8/12/2013 6:00 AM,0.125,0.069,0.153,0.068,
8/12/2013 8:00 AM,0.120,0.066,0.153,0.066,
8/12/2013 10:00 AM,0.122,0.074,0.152,0.069,
8/12/2013 12:00 PM,0.130,0.082,0.154,0.070,
8/12/2013 2:00 PM,0.138,0.086,0.157,0.074,
8/12/2013 4:00 PM,0.143,0.086,0.161,0.076,
8/12/2013 6:00 PM,0.146,0.087,0.162,0.074,
8/12/2013 8:00 PM,0.144,0.083,0.160,0.074,
8/12/2013 10:00 PM,0.140,0.074,0.157,0.072,
8/13/2013 12:00 AM,0.132,0.070,0.154,0.070,
8/13/2013 2:00 AM,0.128,0.069,0.152,0.069,
8/13/2013 4:00 AM,0.123,0.065,0.152,0.067,
8/13/2013 6:00 AM,0.120,0.064,0.150,0.066,
8/13/2013 8:00 AM,0.118,0.064,0.149,0.065,
8/13/2013 10:00 AM,0.122,0.074,0.148,0.069,
8/13/2013 12:00 PM,0.128,0.082,0.152,0.070,
8/13/2013 2:00 PM,0.135,0.086,0.156,0.074,
8/13/2013 4:00 PM,0.141,0.089,0.160,0.074,
8/13/2013 6:00 PM,0.146,0.089,0.161,0.075,
8/13/2013 8:00 PM,0.144,0.083,0.160,0.074,
8/13/2013 10:00 PM,0.138,0.074,0.158,0.071,
8/14/2013 12:00 AM,0.130,0.069,0.156,0.068,
8/14/2013 2:00 AM,0.128,0.069,0.154,0.067,
8/14/2013 4:00 AM,0.125,0.067,0.153,0.066,
8/14/2013 6:00 AM,0.121,0.064,0.152,0.065,
8/14/2013 8:00 AM,0.118,0.064,0.150,0.064,
8/14/2013 10:00 AM,0.120,0.072,0.149,0.068,
8/14/2013 12:00 PM,0.128,0.081,0.152,0.069,
8/14/2013 2:00 PM,0.136,0.086,0.156,0.072,
8/14/2013 4:00 PM,0.142,0.088,0.160,0.074,
8/14/2013 6:00 PM,0.145,0.087,0.161,0.074,
8/14/2013 8:00 PM,0.144,0.083,0.161,0.073,
8/14/2013 10:00 PM,0.137,0.074,0.158,0.069,
8/15/2013 12:00 AM,0.131,0.069,0.155,0.067,
8/15/2013 2:00 AM,0.126,0.066,0.153,0.065,
8/15/2013 4:00 AM,0.122,0.064,0.152,0.064,
8/15/2013 6:00 AM,0.116,0.061,0.151,0.064,
8/15/2013 8:00 AM,0.113,0.060,0.149,0.063,
8/15/2013 10:00 AM,0.117,0.071,0.148,0.066,
8/15/2013 12:00 PM,0.125,0.081,0.152,0.069,
8/15/2013 2:00 PM,0.133,0.085,0.156,0.071,
8/15/2013 4:00 PM,0.139,0.087,0.159,0.073,
8/15/2013 6:00 PM,0.142,0.086,0.161,0.072,
8/15/2013 8:00 PM,0.141,0.083,0.161,0.072,
8/15/2013 10:00 PM,0.134,0.073,0.159,0.069,
8/16/2013 12:00 AM,0.128,0.069,0.156,0.066,
8/16/2013 2:00 AM,0.123,0.065,0.154,0.064,
8/16/2013 4:00 AM,0.119,0.064,0.152,0.063,
8/16/2013 6:00 AM,0.115,0.062,0.151,0.063,
8/16/2013 8:00 AM,0.113,0.062,0.149,0.063,
8/16/2013 10:00 AM,0.117,0.071,0.149,0.066,
8/16/2013 12:00 PM,0.126,0.081,0.152,0.069,
8/16/2013 2:00 PM,0.136,0.086,0.157,0.071,
8/16/2013 4:00 PM,0.142,0.087,0.161,0.074,
8/16/2013 6:00 PM,0.146,0.088,0.161,0.074,
8/16/2013 8:00 PM,0.142,0.082,0.159,0.072,
8/16/2013 10:00 PM,0.136,0.074,0.158,0.069,
8/17/2013 12:00 AM,0.132,0.071,0.156,0.067,
8/17/2013 2:00 AM,0.128,0.070,0.154,0.066,
8/17/2013 4:00 AM,0.124,0.068,0.153,0.066,
8/17/2013 6:00 AM,0.121,0.065,0.152,0.065,
8/17/2013 8:00 AM,0.120,0.065,0.151,0.064,
8/17/2013 10:00 AM,0.123,0.074,0.150,0.067,
8/17/2013 12:00 PM,0.129,0.082,0.153,0.069,
8/17/2013 2:00 PM,0.137,0.086,0.157,0.071,
8/17/2013 4:00 PM,0.143,0.088,0.160,0.073,
8/17/2013 6:00 PM,0.145,0.086,0.161,0.073,
8/17/2013 8:00 PM,0.145,0.082,0.157,0.073,
8/17/2013 10:00 PM,0.138,0.075,0.156,0.069,
8/18/2013 12:00 AM,0.136,0.074,0.154,0.068,
8/18/2013 2:00 AM,0.136,0.073,0.153,0.067,
8/18/2013 4:00 AM,0.135,0.071,0.152,0.065,
8/18/2013 6:00 AM,0.133,0.070,0.152,0.065,
8/18/2013 8:00 AM,0.128,0.069,0.151,0.065,
8/18/2013 10:00 AM,0.129,0.076,0.150,0.068,
8/18/2013 12:00 PM,0.134,0.084,0.153,0.070,
8/18/2013 2:00 PM,0.140,0.087,0.157,0.073,
8/18/2013 4:00 PM,0.144,0.089,0.161,0.074,
8/18/2013 6:00 PM,0.148,0.089,0.162,0.074,
8/18/2013 8:00 PM,0.147,0.086,0.161,0.073,
8/18/2013 10:00 PM,0.140,0.074,0.159,0.069,
8/19/2013 12:00 AM,0.133,0.069,0.157,0.066,
8/19/2013 2:00 AM,0.129,0.068,0.155,0.064,
8/19/2013 4:00 AM,0.124,0.066,0.153,0.064,
8/19/2013 6:00 AM,0.121,0.064,0.152,0.062,
8/19/2013 8:00 AM,0.120,0.064,0.151,0.062,
8/19/2013 10:00 AM,0.124,0.075,0.150,0.066,
8/19/2013 12:00 PM,0.131,0.084,0.154,0.069,
8/19/2013 2:00 PM,0.137,0.085,0.158,0.071,
8/19/2013 4:00 PM,0.143,0.089,0.161,0.074,
8/19/2013 6:00 PM,0.144,0.086,0.162,0.074,
8/19/2013 8:00 PM,0.143,0.081,0.161,0.072,
8/19/2013 10:00 PM,0.138,0.075,0.159,0.069,
8/20/2013 12:00 AM,0.138,0.074,0.157,0.069,
8/20/2013 2:00 AM,0.134,0.071,0.156,0.067,
8/20/2013 4:00 AM,0.132,0.069,0.155,0.066,
8/20/2013 6:00 AM,0.130,0.069,0.153,0.065,
8/20/2013 8:00 AM,0.129,0.070,0.153,0.065,
8/20/2013 10:00 AM,0.130,0.074,0.153,0.066,
8/20/2013 12:00 PM,0.133,0.080,0.154,0.069,
8/20/2013 2:00 PM,0.136,0.080,0.156,0.069,
8/20/2013 4:00 PM,0.140,0.083,0.157,0.070,
8/20/2013 6:00 PM,0.142,0.085,0.159,0.072,
8/20/2013 8:00 PM,0.142,0.080,0.159,0.071,
8/20/2013 10:00 PM,0.134,0.074,0.158,0.071,
8/21/2013 12:00 AM,0.128,0.073,0.156,0.069,
8/21/2013 2:00 AM,0.125,0.071,0.155,0.068,
8/21/2013 4:00 AM,0.122,0.069,0.154,0.067,
8/21/2013 6:00 AM,0.120,0.069,0.153,0.066,
8/21/2013 8:00 AM,0.119,0.068,0.152,0.065,
8/21/2013 10:00 AM,0.121,0.076,0.151,0.069,
8/21/2013 12:00 PM,0.127,0.084,0.153,0.071,
8/21/2013 2:00 PM,0.134,0.088,0.158,0.074,
8/21/2013 4:00 PM,0.140,0.089,0.161,0.075,
8/21/2013 6:00 PM,0.144,0.089,0.162,0.075,
8/21/2013 8:00 PM,0.143,0.086,0.161,0.074,
8/21/2013 10:00 PM,0.136,0.077,0.160,0.072,
8/22/2013 12:00 AM,0.131,0.075,0.158,0.072,
8/22/2013 2:00 AM,0.157,0.086,0.153,0.066,
8/22/2013 4:00 AM,0.138,0.080,0.156,0.069,
8/22/2013 6:00 AM,0.129,0.077,0.155,0.069,
8/22/2013 8:00 AM,0.126,0.076,0.154,0.069,
8/22/2013 10:00 AM,0.126,0.079,0.152,0.073,
8/22/2013 12:00 PM,0.129,0.087,0.154,0.074,
8/22/2013 2:00 PM,0.136,0.092,0.158,0.077,
8/22/2013 4:00 PM,0.142,0.094,0.162,0.079,
8/22/2013 6:00 PM,0.142,0.088,0.162,0.079,
8/22/2013 8:00 PM,0.177,0.112,0.171,0.087,
8/22/2013 10:00 PM,0.152,0.103,0.170,0.085,
8/23/2013 12:00 AM,0.144,0.098,0.165,0.082,
8/23/2013 2:00 AM,0.140,0.094,0.163,0.081,
8/23/2013 4:00 AM,0.137,0.091,0.162,0.081,
8/23/2013 6:00 AM,0.136,0.090,0.162,0.080,
8/23/2013 8:00 AM,0.134,0.089,0.162,0.080,
8/23/2013 10:00 AM,0.134,0.092,0.160,0.081,
8/23/2013 12:00 PM,0.138,0.097,0.161,0.083,
8/23/2013 2:00 PM,0.139,0.093,0.163,0.084,
8/23/2013 4:00 PM,0.138,0.093,0.163,0.085,
8/23/2013 6:00 PM,0.137,0.089,0.164,0.085,
8/23/2013 8:00 PM,0.135,0.086,0.164,0.083,
8/23/2013 10:00 PM,0.131,0.082,0.162,0.082,
8/24/2013 12:00 AM,0.128,0.081,0.161,0.081,
8/24/2013 2:00 AM,0.127,0.080,0.160,0.080,
8/24/2013 4:00 AM,0.126,0.079,0.159,0.079,
8/24/2013 6:00 AM,0.124,0.078,0.159,0.079,
8/24/2013 8:00 AM,0.123,0.078,0.158,0.078,
8/24/2013 10:00 AM,0.126,0.086,0.156,0.082,
8/24/2013 12:00 PM,0.132,0.094,0.160,0.084,
8/24/2013 2:00 PM,0.140,0.097,0.164,0.086,
8/24/2013 4:00 PM,0.173,0.124,0.178,0.093,
8/24/2013 6:00 PM,0.163,0.124,0.182,0.095,
8/24/2013 8:00 PM,0.155,0.117,0.176,0.093,
8/24/2013 10:00 PM,0.148,0.112,0.174,0.091,
8/25/2013 12:00 AM,0.144,0.109,0.173,0.090,
8/25/2013 2:00 AM,0.141,0.106,0.172,0.089,
8/25/2013 4:00 AM,0.140,0.105,0.171,0.089,
8/25/2013 6:00 AM,0.138,0.103,0.170,0.088,
8/25/2013 8:00 AM,0.136,0.102,0.169,0.087,
8/25/2013 10:00 AM,0.138,0.108,0.166,0.090,
8/25/2013 12:00 PM,0.143,0.114,0.169,0.093,
8/25/2013 2:00 PM,0.150,0.119,0.173,0.096,
8/25/2013 4:00 PM,0.153,0.118,0.175,0.096,
8/25/2013 6:00 PM,0.154,0.113,0.175,0.096,
8/25/2013 8:00 PM,0.152,0.107,0.174,0.093,
8/25/2013 10:00 PM,0.144,0.101,0.175,0.088,
8/26/2013 12:00 AM,0.140,0.096,0.173,0.083,
8/26/2013 2:00 AM,0.138,0.096,0.172,0.082,
8/26/2013 4:00 AM,0.140,0.096,0.171,0.083,
8/26/2013 6:00 AM,0.139,0.095,0.170,0.083,
8/26/2013 8:00 AM,0.138,0.095,0.170,0.082,
8/26/2013 10:00 AM,0.138,0.097,0.169,0.083,
8/26/2013 12:00 PM,0.142,0.102,0.170,0.085,
8/26/2013 2:00 PM,0.147,0.105,0.171,0.086,
8/26/2013 4:00 PM,0.150,0.107,0.173,0.087,
8/26/2013 6:00 PM,0.151,0.105,0.174,0.087,
8/26/2013 8:00 PM,0.150,0.101,0.174,0.086,
8/26/2013 10:00 PM,0.147,0.096,0.173,0.084,
8/27/2013 12:00 AM,0.143,0.094,0.172,0.083,
8/27/2013 2:00 AM,0.139,0.092,0.171,0.082,
8/27/2013 4:00 AM,0.136,0.090,0.169,0.081,
8/27/2013 6:00 AM,0.134,0.089,0.168,0.080,
8/27/2013 8:00 AM,0.132,0.088,0.168,0.079,
8/27/2013 10:00 AM,0.134,0.093,0.165,0.081,
8/27/2013 12:00 PM,0.140,0.099,0.168,0.083,
8/27/2013 2:00 PM,0.144,0.103,0.170,0.085,
8/27/2013 4:00 PM,0.148,0.104,0.172,0.090,
8/27/2013 6:00 PM,0.178,0.132,0.176,0.093,
8/27/2013 8:00 PM,0.168,0.139,0.180,0.097,
8/27/2013 10:00 PM,0.162,0.132,0.182,0.095,
8/28/2013 12:00 AM,0.159,0.130,0.180,0.095,
8/28/2013 2:00 AM,0.158,0.128,0.180,0.094,
8/28/2013 4:00 AM,0.156,0.127,0.179,0.093,
8/28/2013 6:00 AM,0.154,0.125,0.179,0.093,
8/28/2013 8:00 AM,0.152,0.123,0.178,0.092,
8/28/2013 10:00 AM,0.152,0.125,0.175,0.094,
8/28/2013 12:00 PM,0.156,0.129,0.177,0.096,
8/28/2013 2:00 PM,0.163,0.134,0.181,0.099,
8/28/2013 4:00 PM,0.172,0.136,0.184,0.100,
8/28/2013 6:00 PM,0.176,0.132,0.186,0.098,
8/28/2013 8:00 PM,0.177,0.126,0.184,0.094,
8/28/2013 10:00 PM,0.167,0.120,0.184,0.093,
8/29/2013 12:00 AM,0.162,0.117,0.183,0.092,
8/29/2013 2:00 AM,0.159,0.115,0.182,0.091,
8/29/2013 4:00 AM,0.156,0.113,0.180,0.090,
8/29/2013 6:00 AM,0.153,0.111,0.180,0.089,
8/29/2013 8:00 AM,0.151,0.109,0.179,0.089,
8/29/2013 10:00 AM,0.151,0.113,0.175,0.090,
8/29/2013 12:00 PM,0.156,0.121,0.177,0.093,
8/29/2013 2:00 PM,0.166,0.126,0.182,0.095,
8/29/2013 4:00 PM,0.173,0.128,0.185,0.097,
8/29/2013 6:00 PM,0.176,0.124,0.188,0.096,
8/29/2013 8:00 PM,0.174,0.120,0.187,0.095,
8/29/2013 10:00 PM,0.168,0.112,0.187,0.093,
8/30/2013 12:00 AM,0.162,0.107,0.185,0.091,
8/30/2013 2:00 AM,0.158,0.105,0.183,0.089,
8/30/2013 4:00 AM,0.155,0.103,0.181,0.088,
8/30/2013 6:00 AM,0.151,0.102,0.180,0.087,
8/30/2013 8:00 AM,0.150,0.102,0.178,0.086,
8/30/2013 10:00 AM,0.148,0.107,0.174,0.089,
8/30/2013 12:00 PM,0.155,0.115,0.177,0.090,
8/30/2013 2:00 PM,0.163,0.119,0.182,0.093,
8/30/2013 4:00 PM,0.171,0.122,0.184,0.094,
8/30/2013 6:00 PM,0.176,0.122,0.186,0.095,
8/30/2013 8:00 PM,0.174,0.117,0.186,0.094,
8/30/2013 10:00 PM,0.168,0.110,0.186,0.092,
8/31/2013 12:00 AM,0.162,0.105,0.184,0.091,
8/31/2013 2:00 AM,0.156,0.102,0.182,0.089,
8/31/2013 4:00 AM,0.152,0.100,0.179,0.088,
8/31/2013 6:00 AM,0.148,0.099,0.178,0.086,
8/31/2013 8:00 AM,0.145,0.097,0.177,0.086,
8/31/2013 10:00 AM,0.145,0.102,0.173,0.088,
8/31/2013 12:00 PM,0.151,0.110,0.174,0.089,
8/31/2013 2:00 PM,0.159,0.116,0.179,0.092,
8/31/2013 4:00 PM,0.166,0.115,0.183,0.092,
8/31/2013 6:00 PM,0.166,0.112,0.183,0.090,
8/31/2013 8:00 PM,0.164,0.107,0.183,0.089,
8/31/2013 10:00 PM,0.159,0.103,0.181,0.088,
9/1/2013 12:00 AM,0.154,0.100,0.179,0.086,
9/1/2013 2:00 AM,0.150,0.098,0.177,0.086,
9/1/2013 4:00 AM,0.148,0.096,0.176,0.084,
9/1/2013 6:00 AM,0.145,0.096,0.175,0.083,
9/1/2013 8:00 AM,0.143,0.095,0.174,0.083,
9/1/2013 10:00 AM,0.144,0.099,0.172,0.085,
9/1/2013 12:00 PM,0.148,0.105,0.173,0.086,
9/1/2013 2:00 PM,0.155,0.110,0.177,0.089,
9/1/2013 4:00 PM,0.159,0.111,0.179,0.089,
9/1/2013 6:00 PM,0.162,0.110,0.180,0.090,
9/1/2013 8:00 PM,0.161,0.107,0.180,0.089,
9/1/2013 10:00 PM,0.156,0.102,0.179,0.088,
9/2/2013 12:00 AM,0.153,0.100,0.177,0.087,
9/2/2013 2:00 AM,0.177,0.117,0.178,0.086,
9/2/2013 4:00 AM,0.164,0.113,0.179,0.087,
9/2/2013 6:00 AM,0.164,0.113,0.178,0.086,
9/2/2013 8:00 AM,0.173,0.117,0.175,0.084,
9/2/2013 10:00 AM,0.189,0.134,0.177,0.087,
9/2/2013 12:00 PM,0.168,0.129,0.181,0.089,
9/2/2013 2:00 PM,0.166,0.130,0.183,0.091,
9/2/2013 4:00 PM,0.170,0.132,0.184,0.093,
9/2/2013 6:00 PM,0.174,0.130,0.185,0.093,
9/2/2013 8:00 PM,0.172,0.124,0.187,0.093,
9/2/2013 10:00 PM,0.176,0.136,0.190,0.097,
9/3/2013 12:00 AM,0.234,0.243,0.218,0.119,
9/3/2013 2:00 AM,0.233,0.242,0.223,0.123,
9/3/2013 4:00 AM,0.231,0.245,0.230,0.130,
9/3/2013 6:00 AM,0.225,0.242,0.230,0.129,
9/3/2013 8:00 AM,0.225,0.241,0.230,0.129,
9/3/2013 10:00 AM,0.225,0.238,0.228,0.129,
9/3/2013 12:00 PM,0.226,0.234,0.230,0.131,
9/3/2013 2:00 PM,0.227,0.233,0.233,0.131,
9/3/2013 4:00 PM,0.227,0.233,0.231,0.127,
9/3/2013 6:00 PM,0.236,0.237,0.220,0.125,
9/3/2013 8:00 PM,0.226,0.231,0.230,0.128,
9/3/2013 10:00 PM,0.225,0.232,0.231,0.126,
9/4/2013 12:00 AM,0.223,0.230,0.229,0.125,
9/4/2013 2:00 AM,0.222,0.228,0.228,0.124,
9/4/2013 4:00 AM,0.221,0.227,0.227,0.124,
9/4/2013 6:00 AM,0.221,0.226,0.226,0.123,
9/4/2013 8:00 AM,0.220,0.225,0.226,0.123,
9/4/2013 10:00 AM,0.218,0.220,0.224,0.125,
9/4/2013 12:00 PM,0.221,0.221,0.228,0.127,
9/4/2013 2:00 PM,0.225,0.225,0.233,0.131,
9/4/2013 4:00 PM,0.231,0.230,0.236,0.134,
9/4/2013 6:00 PM,0.234,0.231,0.240,0.134,
9/4/2013 8:00 PM,0.233,0.230,0.241,0.132,
9/4/2013 10:00 PM,0.230,0.227,0.238,0.130,
9/5/2013 12:00 AM,0.228,0.225,0.236,0.128,
9/5/2013 2:00 AM,0.226,0.224,0.235,0.127,
9/5/2013 4:00 AM,0.225,0.222,0.233,0.126,
9/5/2013 6:00 AM,0.224,0.221,0.232,0.126,
9/5/2013 8:00 AM,0.223,0.220,0.232,0.125,
9/5/2013 10:00 AM,0.220,0.213,0.228,0.126,
9/5/2013 12:00 PM,0.222,0.214,0.231,0.129,
9/5/2013 2:00 PM,0.228,0.220,0.238,0.132,
9/5/2013 4:00 PM,0.234,0.226,0.241,0.135,
9/5/2013 6:00 PM,0.238,0.228,0.245,0.135,
9/5/2013 8:00 PM,0.238,0.225,0.247,0.134,
9/5/2013 10:00 PM,0.235,0.224,0.245,0.132,
9/6/2013 12:00 AM,0.232,0.219,0.241,0.129,
9/6/2013 2:00 AM,0.230,0.217,0.239,0.128,
9/6/2013 4:00 AM,0.228,0.215,0.237,0.126,
9/6/2013 6:00 AM,0.226,0.213,0.235,0.126,
9/6/2013 8:00 AM,0.225,0.212,0.234,0.125,
9/6/2013 10:00 AM,0.223,0.208,0.232,0.126,
9/6/2013 12:00 PM,0.223,0.208,0.233,0.128,
9/6/2013 2:00 PM,0.227,0.213,0.238,0.132,
9/6/2013 4:00 PM,0.236,0.221,0.244,0.133,
9/6/2013 6:00 PM,0.253,0.292,0.315,0.144,
9/6/2013 8:00 PM,0.254,0.308,0.334,0.145,
9/6/2013 10:00 PM,0.252,0.305,0.333,0.145,
9/7/2013 12:00 AM,0.249,0.300,0.335,0.143,
9/7/2013 2:00 AM,0.248,0.298,0.335,0.143,
9/7/2013 4:00 AM,0.248,0.297,0.335,0.142,
9/7/2013 6:00 AM,0.247,0.295,0.334,0.142,
9/7/2013 8:00 AM,0.246,0.294,0.334,0.142,
9/7/2013 10:00 AM,0.246,0.294,0.333,0.142,
9/7/2013 12:00 PM,0.252,0.302,0.336,0.145,
9/7/2013 2:00 PM,0.251,0.301,0.344,0.146,
9/7/2013 4:00 PM,0.252,0.303,0.347,0.147,
9/7/2013 6:00 PM,0.252,0.302,0.346,0.147,
9/7/2013 8:00 PM,0.248,0.298,0.341,0.144,
9/7/2013 10:00 PM,0.246,0.295,0.339,0.143,
9/8/2013 12:00 AM,0.245,0.293,0.337,0.143,
9/8/2013 2:00 AM,0.245,0.292,0.337,0.143,
9/8/2013 4:00 AM,0.245,0.292,0.336,0.143,
9/8/2013 6:00 AM,0.244,0.291,0.336,0.142,
9/8/2013 8:00 AM,0.244,0.290,0.336,0.142,
9/8/2013 10:00 AM,0.244,0.290,0.337,0.142,
9/8/2013 12:00 PM,0.245,0.294,0.342,0.143,
9/8/2013 2:00 PM,0.248,0.301,0.347,0.145,
9/8/2013 4:00 PM,0.250,0.306,0.351,0.147,
9/8/2013 6:00 PM,0.252,0.308,0.353,0.147,
9/8/2013 8:00 PM,0.252,0.304,0.348,0.145,
9/8/2013 10:00 PM,0.250,0.299,0.343,0.143,
9/9/2013 12:00 AM,0.248,0.295,0.339,0.142,
9/9/2013 2:00 AM,0.246,0.292,0.336,0.141,
9/9/2013 4:00 AM,0.245,0.290,0.333,0.140,
9/9/2013 6:00 AM,0.243,0.288,0.331,0.139,
9/9/2013 8:00 AM,0.242,0.286,0.330,0.139,
9/9/2013 10:00 AM,0.240,0.285,0.331,0.139,
9/9/2013 12:00 PM,0.242,0.290,0.337,0.142,
9/9/2013 2:00 PM,0.246,0.298,0.342,0.143,
9/9/2013 4:00 PM,0.250,0.306,0.349,0.146,
9/9/2013 6:00 PM,0.254,0.309,0.353,0.147,
9/9/2013 8:00 PM,0.254,0.303,0.347,0.145,
9/9/2013 10:00 PM,0.252,0.296,0.341,0.143,
9/10/2013 12:00 AM,0.249,0.291,0.336,0.142,
9/10/2013 2:00 AM,0.247,0.288,0.332,0.140,
9/10/2013 4:00 AM,0.246,0.285,0.330,0.139,
9/10/2013 6:00 AM,0.245,0.283,0.327,0.138,
9/10/2013 8:00 AM,0.243,0.281,0.325,0.137,
9/10/2013 10:00 AM,0.242,0.280,0.326,0.138,
9/10/2013 12:00 PM,0.243,0.283,0.330,0.140,
9/10/2013 2:00 PM,0.245,0.290,0.336,0.143,
9/10/2013 4:00 PM,0.249,0.299,0.343,0.147,
9/10/2013 6:00 PM,0.254,0.302,0.347,0.148,
9/10/2013 8:00 PM,0.255,0.298,0.343,0.147,
9/10/2013 10:00 PM,0.254,0.292,0.338,0.145,
9/11/2013 12:00 AM,0.252,0.289,0.336,0.144,
9/11/2013 2:00 AM,0.251,0.287,0.333,0.143,
9/11/2013 4:00 AM,0.250,0.284,0.331,0.142,
9/11/2013 6:00 AM,0.249,0.282,0.328,0.140,
9/11/2013 8:00 AM,0.248,0.279,0.327,0.140,
9/11/2013 10:00 AM,0.246,0.278,0.326,0.140,
9/11/2013 12:00 PM,0.251,0.279,0.327,0.140,
9/11/2013 2:00 PM,0.248,0.287,0.334,0.145,
9/11/2013 4:00 PM,0.252,0.296,0.341,0.147,
9/11/2013 6:00 PM,0.256,0.299,0.343,0.148,
9/11/2013 8:00 PM,0.255,0.294,0.339,0.147,
9/11/2013 10:00 PM,0.268,0.293,0.331,0.146,
9/12/2013 12:00 AM,0.259,0.285,0.330,0.146,
9/12/2013 2:00 AM,0.253,0.281,0.326,0.143,
9/12/2013 4:00 AM,0.251,0.277,0.323,0.142,
9/12/2013 6:00 AM,0.249,0.275,0.321,0.141,
9/12/2013 8:00 AM,0.248,0.273,0.319,0.140,
9/12/2013 10:00 AM,0.247,0.272,0.320,0.141,
9/12/2013 12:00 PM,0.248,0.276,0.326,0.143,
9/12/2013 2:00 PM,0.251,0.285,0.331,0.145,
9/12/2013 4:00 PM,0.253,0.286,0.330,0.144,
9/12/2013 6:00 PM,0.252,0.284,0.331,0.145,
9/12/2013 8:00 PM,0.253,0.284,0.330,0.145,
9/12/2013 10:00 PM,0.251,0.281,0.327,0.143,
9/13/2013 12:00 AM,0.250,0.278,0.324,0.142,
9/13/2013 2:00 AM,0.249,0.277,0.322,0.142,
9/13/2013 4:00 AM,0.248,0.275,0.321,0.141,
9/13/2013 6:00 AM,0.248,0.273,0.319,0.140,
9/13/2013 8:00 AM,0.250,0.272,0.317,0.139,
9/13/2013 10:00 AM,0.264,0.279,0.315,0.143,
9/13/2013 12:00 PM,0.268,0.293,0.332,0.169,
9/13/2013 2:00 PM,0.293,0.329,0.346,0.201,
9/13/2013 4:00 PM,0.294,0.333,0.354,0.195,
9/13/2013 6:00 PM,0.297,0.335,0.359,0.196,
9/13/2013 8:00 PM,0.297,0.331,0.355,0.196,
9/13/2013 10:00 PM,0.295,0.327,0.350,0.196,
9/14/2013 12:00 AM,0.294,0.325,0.347,0.195,
9/14/2013 2:00 AM,0.293,0.323,0.346,0.195,
9/14/2013 4:00 AM,0.292,0.322,0.344,0.194,
9/14/2013 6:00 AM,0.292,0.322,0.344,0.194,
9/14/2013 8:00 AM,0.293,0.322,0.344,0.194,
9/14/2013 10:00 AM,0.310,0.364,0.368,0.245,
9/14/2013 12:00 PM,0.367,0.399,0.399,0.381,
9/14/2013 2:00 PM,0.386,0.402,0.409,0.386,
9/14/2013 4:00 PM,0.382,0.395,0.423,0.384,
9/14/2013 6:00 PM,0.380,0.392,0.430,0.384,
9/14/2013 8:00 PM,0.376,0.386,0.422,0.381,
9/14/2013 10:00 PM,0.372,0.381,0.416,0.379,
9/15/2013 12:00 AM,0.370,0.379,0.412,0.377,
9/15/2013 2:00 AM,0.368,0.377,0.408,0.375,
9/15/2013 4:00 AM,0.366,0.375,0.406,0.373,
9/15/2013 6:00 AM,0.364,0.374,0.404,0.372,
9/15/2013 8:00 AM,0.363,0.373,0.402,0.371,
9/15/2013 10:00 AM,0.364,0.376,0.406,0.371,
9/15/2013 12:00 PM,0.367,0.380,0.413,0.373,
9/15/2013 2:00 PM,0.370,0.382,0.417,0.375,
9/15/2013 4:00 PM,0.372,0.384,0.421,0.375,
9/15/2013 6:00 PM,0.373,0.384,0.423,0.375,
9/15/2013 8:00 PM,0.371,0.380,0.416,0.374,
9/15/2013 10:00 PM,0.368,0.374,0.408,0.372,
9/16/2013 12:00 AM,0.366,0.372,0.405,0.370,
9/16/2013 2:00 AM,0.364,0.370,0.402,0.368,
9/16/2013 4:00 AM,0.364,0.370,0.401,0.367,
9/16/2013 6:00 AM,0.362,0.369,0.399,0.366,
9/16/2013 8:00 AM,0.361,0.367,0.397,0.365,
9/16/2013 10:00 AM,0.362,0.372,0.401,0.365,
9/16/2013 12:00 PM,0.365,0.377,0.408,0.367,
9/16/2013 2:00 PM,0.368,0.382,0.411,0.370,
9/16/2013 4:00 PM,0.372,0.386,0.420,0.373,
9/16/2013 6:00 PM,0.375,0.385,0.423,0.374,
9/16/2013 8:00 PM,0.372,0.379,0.415,0.372,
9/16/2013 10:00 PM,0.369,0.374,0.408,0.370,
9/17/2013 12:00 AM,0.367,0.372,0.405,0.368,
9/17/2013 2:00 AM,0.366,0.371,0.403,0.367,
9/17/2013 4:00 AM,0.365,0.370,0.401,0.366,
9/17/2013 6:00 AM,0.364,0.369,0.399,0.365,
9/17/2013 8:00 AM,0.362,0.367,0.397,0.364,
9/17/2013 10:00 AM,0.363,0.370,0.400,0.364,
9/17/2013 12:00 PM,0.366,0.375,0.408,0.366,
9/17/2013 2:00 PM,0.369,0.378,0.411,0.369,
9/17/2013 4:00 PM,0.372,0.379,0.414,0.370,
9/17/2013 6:00 PM,0.372,0.377,0.414,0.369,
9/17/2013 8:00 PM,0.370,0.373,0.407,0.367,
9/17/2013 10:00 PM,0.367,0.369,0.402,0.365,
9/18/2013 12:00 AM,0.364,0.365,0.397,0.362,
9/18/2013 2:00 AM,0.362,0.362,0.392,0.359,
9/18/2013 4:00 AM,0.359,0.359,0.387,0.357,
9/18/2013 6:00 AM,0.358,0.358,0.384,0.355,
9/18/2013 8:00 AM,0.356,0.356,0.381,0.352,
9/18/2013 10:00 AM,0.355,0.358,0.383,0.352,
9/18/2013 12:00 PM,0.356,0.363,0.390,0.354,
9/18/2013 2:00 PM,0.359,0.367,0.392,0.355,
9/18/2013 4:00 PM,0.362,0.370,0.399,0.357,
9/18/2013 6:00 PM,0.363,0.369,0.401,0.357,
9/18/2013 8:00 PM,0.362,0.364,0.393,0.356,
9/18/2013 10:00 PM,0.359,0.358,0.385,0.353,
9/19/2013 12:00 AM,0.356,0.355,0.381,0.351,
9/19/2013 2:00 AM,0.354,0.353,0.377,0.348,
9/19/2013 4:00 AM,0.352,0.351,0.374,0.347,
9/19/2013 6:00 AM,0.351,0.350,0.370,0.345,
9/19/2013 8:00 AM,0.349,0.348,0.368,0.343,
9/19/2013 10:00 AM,0.348,0.350,0.371,0.343,
9/19/2013 12:00 PM,0.350,0.355,0.379,0.346,
9/19/2013 2:00 PM,0.354,0.361,0.383,0.348,
9/19/2013 4:00 PM,0.357,0.364,0.392,0.350,
9/19/2013 6:00 PM,0.359,0.364,0.394,0.351,
9/19/2013 8:00 PM,0.358,0.358,0.386,0.350,
9/19/2013 10:00 PM,0.355,0.352,0.377,0.346,
9/20/2013 12:00 AM,0.352,0.348,0.371,0.343,
9/20/2013 2:00 AM,0.349,0.346,0.367,0.341,
9/20/2013 4:00 AM,0.347,0.344,0.364,0.339,
9/20/2013 6:00 AM,0.346,0.343,0.363,0.338,
9/20/2013 8:00 AM,0.344,0.342,0.361,0.337,
9/20/2013 10:00 AM,0.344,0.345,0.365,0.337,
9/20/2013 12:00 PM,0.346,0.351,0.374,0.340,
9/20/2013 2:00 PM,0.351,0.357,0.380,0.343,
9/20/2013 4:00 PM,0.355,0.361,0.389,0.346,
9/20/2013 6:00 PM,0.358,0.361,0.392,0.347,
9/20/2013 8:00 PM,0.356,0.356,0.384,0.346,
9/20/2013 10:00 PM,0.354,0.351,0.378,0.344,
9/21/2013 12:00 AM,0.352,0.348,0.374,0.342,
9/21/2013 2:00 AM,0.350,0.347,0.371,0.341,
9/21/2013 4:00 AM,0.348,0.345,0.368,0.339,
9/21/2013 6:00 AM,0.347,0.344,0.366,0.338,
9/21/2013 8:00 AM,0.346,0.342,0.364,0.337,
9/21/2013 10:00 AM,0.345,0.344,0.368,0.337,
9/21/2013 12:00 PM,0.347,0.350,0.376,0.339,
9/21/2013 2:00 PM,0.352,0.355,0.381,0.342,
9/21/2013 4:00 PM,0.355,0.359,0.388,0.344,
9/21/2013 6:00 PM,0.357,0.358,0.389,0.346,
9/21/2013 8:00 PM,0.356,0.354,0.384,0.345,
9/21/2013 10:00 PM,0.354,0.351,0.381,0.344,
9/22/2013 12:00 AM,0.353,0.349,0.378,0.342,
9/22/2013 2:00 AM,0.352,0.348,0.376,0.342,
9/22/2013 4:00 AM,0.350,0.346,0.372,0.341,
9/22/2013 6:00 AM,0.348,0.343,0.369,0.338,
9/22/2013 8:00 AM,0.347,0.341,0.367,0.337,
9/22/2013 10:00 AM,0.345,0.342,0.367,0.337,
9/22/2013 12:00 PM,0.346,0.344,0.373,0.338,
9/22/2013 2:00 PM,0.348,0.349,0.375,0.339,
9/22/2013 4:00 PM,0.351,0.352,0.383,0.341,
9/22/2013 6:00 PM,0.353,0.351,0.384,0.341,
9/22/2013 8:00 PM,0.351,0.346,0.377,0.339,
9/22/2013 10:00 PM,0.349,0.342,0.372,0.337,
9/23/2013 12:00 AM,0.347,0.339,0.367,0.335,
9/23/2013 2:00 AM,0.344,0.337,0.364,0.333,
9/23/2013 4:00 AM,0.343,0.335,0.361,0.331,
9/23/2013 6:00 AM,0.341,0.332,0.357,0.329,
9/23/2013 8:00 AM,0.339,0.331,0.355,0.328,
9/23/2013 10:00 AM,0.339,0.333,0.360,0.328,
9/23/2013 12:00 PM,0.341,0.337,0.367,0.330,
9/23/2013 2:00 PM,0.344,0.342,0.371,0.332,
9/23/2013 4:00 PM,0.348,0.346,0.379,0.333,
9/23/2013 6:00 PM,0.349,0.346,0.381,0.335,
9/23/2013 8:00 PM,0.348,0.341,0.373,0.335,
9/23/2013 10:00 PM,0.344,0.336,0.367,0.332,
9/24/2013 12:00 AM,0.342,0.333,0.362,0.331,
9/24/2013 2:00 AM,0.341,0.332,0.361,0.329,
9/24/2013 4:00 AM,0.339,0.330,0.358,0.328,
9/24/2013 6:00 AM,0.337,0.328,0.354,0.326,
9/24/2013 8:00 AM,0.336,0.327,0.352,0.324,
9/24/2013 10:00 AM,0.335,0.328,0.355,0.324,
9/24/2013 12:00 PM,0.337,0.332,0.363,0.327,
9/24/2013 2:00 PM,0.341,0.338,0.368,0.328,
9/24/2013 4:00 PM,0.344,0.341,0.375,0.330,
9/24/2013 6:00 PM,0.345,0.340,0.374,0.332,
9/24/2013 8:00 PM,0.344,0.337,0.371,0.333,
9/24/2013 10:00 PM,0.344,0.335,0.367,0.333,
9/25/2013 12:00 AM,0.346,0.332,0.363,0.332,
9/25/2013 2:00 AM,0.344,0.329,0.360,0.330,
9/25/2013 4:00 AM,0.343,0.328,0.358,0.329,
9/25/2013 6:00 AM,0.342,0.326,0.356,0.328,
9/25/2013 8:00 AM,0.341,0.324,0.354,0.326,
9/25/2013 10:00 AM,0.339,0.324,0.353,0.325,
9/25/2013 12:00 PM,0.339,0.324,0.354,0.324,
9/25/2013 2:00 PM,0.339,0.326,0.356,0.324,
9/25/2013 4:00 PM,0.339,0.327,0.358,0.324,
9/25/2013 6:00 PM,0.339,0.327,0.357,0.324,
9/25/2013 8:00 PM,0.339,0.324,0.355,0.323,
9/25/2013 10:00 PM,0.339,0.322,0.352,0.323,
9/26/2013 12:00 AM,0.338,0.321,0.350,0.322,
9/26/2013 2:00 AM,0.337,0.320,0.348,0.321,
9/26/2013 4:00 AM,0.336,0.319,0.347,0.320,
9/26/2013 6:00 AM,0.335,0.318,0.345,0.318,
9/26/2013 8:00 AM,0.335,0.317,0.343,0.317,
9/26/2013 10:00 AM,0.334,0.317,0.344,0.316,
9/26/2013 12:00 PM,0.334,0.318,0.347,0.316,
9/26/2013 2:00 PM,0.335,0.320,0.350,0.317,
9/26/2013 4:00 PM,0.336,0.321,0.352,0.317,
9/26/2013 6:00 PM,0.337,0.322,0.355,0.318,
9/26/2013 8:00 PM,0.337,0.320,0.351,0.318,
9/26/2013 10:00 PM,0.336,0.317,0.347,0.316,
9/27/2013 12:00 AM,0.334,0.315,0.343,0.314,
9/27/2013 2:00 AM,0.339,0.319,0.342,0.316,
9/27/2013 4:00 AM,0.333,0.317,0.343,0.312,
9/27/2013 6:00 AM,0.329,0.314,0.342,0.313,
9/27/2013 8:00 AM,0.330,0.313,0.341,0.309,
9/27/2013 10:00 AM,0.330,0.314,0.343,0.309,
9/27/2013 12:00 PM,0.329,0.315,0.345,0.308,
9/27/2013 2:00 PM,0.331,0.321,0.350,0.310,
9/27/2013 4:00 PM,0.333,0.323,0.354,0.311,
9/27/2013 6:00 PM,0.333,0.323,0.354,0.312,
9/27/2013 8:00 PM,0.333,0.319,0.348,0.312,
9/27/2013 10:00 PM,0.332,0.315,0.343,0.311,
9/28/2013 12:00 AM,0.330,0.313,0.341,0.309,
9/28/2013 2:00 AM,0.329,0.311,0.338,0.308,
9/28/2013 4:00 AM,0.328,0.310,0.336,0.307,
9/28/2013 6:00 AM,0.327,0.308,0.334,0.306,
9/28/2013 8:00 AM,0.326,0.307,0.332,0.305,
9/28/2013 10:00 AM,0.323,0.308,0.335,0.303,
9/28/2013 12:00 PM,0.324,0.313,0.342,0.304,
9/28/2013 2:00 PM,0.328,0.320,0.348,0.306,
9/28/2013 4:00 PM,0.331,0.324,0.354,0.308,
9/28/2013 6:00 PM,0.333,0.324,0.356,0.310,
9/28/2013 8:00 PM,0.334,0.319,0.351,0.311,
9/28/2013 10:00 PM,0.333,0.315,0.345,0.310,
9/29/2013 12:00 AM,0.331,0.312,0.342,0.308,
9/29/2013 2:00 AM,0.329,0.311,0.340,0.307,
9/29/2013 4:00 AM,0.328,0.309,0.339,0.306,
9/29/2013 6:00 AM,0.327,0.309,0.338,0.305,
9/29/2013 8:00 AM,0.327,0.309,0.340,0.304,
9/29/2013 10:00 AM,0.327,0.310,0.340,0.305,
9/29/2013 12:00 PM,0.327,0.311,0.342,0.304,
9/29/2013 2:00 PM,0.327,0.312,0.345,0.304,
9/29/2013 4:00 PM,0.327,0.313,0.347,0.304,
9/29/2013 6:00 PM,0.328,0.315,0.350,0.305,
9/29/2013 8:00 PM,0.328,0.315,0.349,0.306,
9/29/2013 10:00 PM,0.328,0.314,0.348,0.306,
9/30/2013 12:00 AM,0.328,0.313,0.347,0.306,
9/30/2013 2:00 AM,0.327,0.313,0.347,0.306,
9/30/2013 4:00 AM,0.327,0.312,0.346,0.306,
9/30/2013 6:00 AM,0.326,0.311,0.345,0.305,
9/30/2013 8:00 AM,0.323,0.311,0.344,0.307,
9/30/2013 10:00 AM,0.322,0.311,0.344,0.307,
9/30/2013 12:00 PM,0.321,0.312,0.347,0.307,
9/30/2013 2:00 PM,0.324,0.317,0.352,0.308,
9/30/2013 4:00 PM,0.328,0.321,0.357,0.309,
9/30/2013 6:00 PM,0.329,0.320,0.358,0.310,
9/30/2013 8:00 PM,0.328,0.316,0.352,0.310,
9/30/2013 10:00 PM,0.328,0.312,0.347,0.308,
10/1/2013 12:00 AM,0.328,0.308,0.343,0.305,
10/1/2013 2:00 AM,0.326,0.306,0.339,0.303,
10/1/2013 4:00 AM,0.324,0.303,0.337,0.302,
10/1/2013 6:00 AM,0.323,0.301,0.334,0.300,
10/1/2013 8:00 AM,0.322,0.299,0.332,0.299,
10/1/2013 10:00 AM,0.319,0.299,0.333,0.297,
10/1/2013 12:00 PM,0.319,0.303,0.339,0.299,
10/1/2013 2:00 PM,0.321,0.309,0.344,0.300,
10/1/2013 4:00 PM,0.324,0.314,0.351,0.302,
10/1/2013 6:00 PM,0.326,0.313,0.351,0.303,
10/1/2013 8:00 PM,0.326,0.309,0.346,0.302,
10/1/2013 10:00 PM,0.324,0.305,0.341,0.301,
10/2/2013 12:00 AM,0.323,0.302,0.338,0.299,
10/2/2013 2:00 AM,0.324,0.301,0.337,0.299,
10/2/2013 4:00 AM,0.323,0.299,0.335,0.297,
10/2/2013 6:00 AM,0.322,0.297,0.332,0.296,
10/2/2013 8:00 AM,0.321,0.296,0.330,0.294,
10/2/2013 10:00 AM,0.320,0.295,0.330,0.292,
10/2/2013 12:00 PM,0.319,0.296,0.333,0.291,
10/2/2013 2:00 PM,0.319,0.298,0.337,0.292,
10/2/2013 4:00 PM,0.321,0.301,0.341,0.293,
10/2/2013 6:00 PM,0.323,0.301,0.339,0.294,
10/2/2013 8:00 PM,0.322,0.299,0.337,0.293,
10/2/2013 10:00 PM,0.322,0.297,0.333,0.292,
10/3/2013 12:00 AM,0.320,0.294,0.330,0.291,
10/3/2013 2:00 AM,0.319,0.292,0.328,0.290,
10/3/2013 4:00 AM,0.318,0.290,0.326,0.289,
10/3/2013 6:00 AM,0.317,0.289,0.323,0.287,
10/3/2013 8:00 AM,0.316,0.288,0.322,0.286,
10/3/2013 10:00 AM,0.314,0.287,0.322,0.284,
10/3/2013 12:00 PM,0.313,0.288,0.326,0.284,
10/3/2013 2:00 PM,0.314,0.292,0.329,0.283,
10/3/2013 4:00 PM,0.316,0.296,0.332,0.283,
10/3/2013 6:00 PM,0.317,0.294,0.330,0.283,
10/3/2013 8:00 PM,0.316,0.291,0.326,0.281,
10/3/2013 10:00 PM,0.315,0.288,0.323,0.280,
10/4/2013 12:00 AM,0.314,0.286,0.321,0.280,
10/4/2013 2:00 AM,0.314,0.284,0.319,0.279,
10/4/2013 4:00 AM,0.313,0.283,0.317,0.278,
10/4/2013 6:00 AM,0.312,0.282,0.315,0.277,
10/4/2013 8:00 AM,0.311,0.281,0.314,0.277,
10/4/2013 10:00 AM,0.310,0.280,0.315,0.276,
10/4/2013 12:00 PM,0.310,0.281,0.318,0.276,
10/4/2013 2:00 PM,0.311,0.284,0.322,0.277,
10/4/2013 4:00 PM,0.314,0.288,0.326,0.279,
10/4/2013 6:00 PM,0.315,0.289,0.327,0.280,
10/4/2013 8:00 PM,0.316,0.286,0.322,0.281,
10/4/2013 10:00 PM,0.315,0.283,0.318,0.281,
10/5/2013 12:00 AM,0.313,0.281,0.315,0.279,
10/5/2013 2:00 AM,0.312,0.279,0.313,0.278,
10/5/2013 4:00 AM,0.311,0.277,0.310,0.277,
10/5/2013 6:00 AM,0.309,0.276,0.308,0.276,
10/5/2013 8:00 AM,0.308,0.275,0.307,0.274,
10/5/2013 10:00 AM,0.305,0.272,0.308,0.272,
10/5/2013 12:00 PM,0.305,0.275,0.313,0.271,
10/5/2013 2:00 PM,0.307,0.282,0.319,0.272,
10/5/2013 4:00 PM,0.311,0.288,0.324,0.274,
10/5/2013 6:00 PM,0.313,0.289,0.328,0.276,
10/5/2013 8:00 PM,0.314,0.286,0.323,0.278,
10/5/2013 10:00 PM,0.313,0.283,0.318,0.278,
10/6/2013 12:00 AM,0.312,0.280,0.315,0.277,
10/6/2013 2:00 AM,0.311,0.278,0.312,0.277,
10/6/2013 4:00 AM,0.310,0.276,0.310,0.275,
10/6/2013 6:00 AM,0.308,0.275,0.308,0.274,
10/6/2013 8:00 AM,0.307,0.273,0.306,0.272,
10/6/2013 10:00 AM,0.304,0.270,0.307,0.270,
10/6/2013 12:00 PM,0.304,0.272,0.312,0.270,
10/6/2013 2:00 PM,0.306,0.280,0.318,0.271,
10/6/2013 4:00 PM,0.310,0.286,0.324,0.272,
10/6/2013 6:00 PM,0.312,0.287,0.327,0.274,
10/6/2013 8:00 PM,0.314,0.284,0.322,0.277,
10/6/2013 10:00 PM,0.313,0.281,0.318,0.277,
10/7/2013 12:00 AM,0.311,0.278,0.314,0.276,
10/7/2013 2:00 AM,0.310,0.276,0.312,0.275,
10/7/2013 4:00 AM,0.308,0.274,0.310,0.273,
10/7/2013 6:00 AM,0.308,0.273,0.308,0.272,
10/7/2013 8:00 AM,0.306,0.272,0.307,0.271,
10/7/2013 10:00 AM,0.304,0.268,0.307,0.268,
10/7/2013 12:00 PM,0.303,0.270,0.313,0.268,
10/7/2013 2:00 PM,0.305,0.277,0.318,0.269,
10/7/2013 4:00 PM,0.309,0.282,0.322,0.271,
10/7/2013 6:00 PM,0.311,0.282,0.322,0.273,
10/7/2013 8:00 PM,0.312,0.280,0.319,0.274,
10/7/2013 10:00 PM,0.311,0.278,0.316,0.274,
10/8/2013 12:00 AM,0.309,0.276,0.314,0.273,
10/8/2013 2:00 AM,0.308,0.274,0.311,0.272,
10/8/2013 4:00 AM,0.307,0.272,0.310,0.271,
10/8/2013 6:00 AM,0.307,0.271,0.309,0.271,
10/8/2013 8:00 AM,0.306,0.271,0.308,0.270,
10/8/2013 10:00 AM,0.304,0.269,0.307,0.268,
10/8/2013 12:00 PM,0.304,0.270,0.310,0.266,
10/8/2013 2:00 PM,0.304,0.272,0.315,0.266,
10/8/2013 4:00 PM,0.306,0.276,0.318,0.267,
10/8/2013 6:00 PM,0.307,0.277,0.320,0.268,
10/8/2013 8:00 PM,0.309,0.276,0.317,0.270,
10/8/2013 10:00 PM,0.308,0.273,0.313,0.271,
10/9/2013 12:00 AM,0.307,0.271,0.310,0.269,
10/9/2013 2:00 AM,0.306,0.269,0.307,0.267,
10/9/2013 4:00 AM,0.305,0.268,0.306,0.266,
10/9/2013 6:00 AM,0.305,0.267,0.304,0.265,
10/9/2013 8:00 AM,0.304,0.266,0.303,0.263,
10/9/2013 10:00 AM,0.303,0.264,0.302,0.262,
10/9/2013 12:00 PM,0.301,0.263,0.305,0.260,
10/9/2013 2:00 PM,0.303,0.267,0.308,0.259,
10/9/2013 4:00 PM,0.304,0.270,0.312,0.261,
10/9/2013 6:00 PM,0.304,0.271,0.311,0.262,
10/9/2013 8:00 PM,0.301,0.270,0.309,0.263,
10/9/2013 10:00 PM,0.301,0.269,0.308,0.264,
10/10/2013 12:00 AM,0.302,0.268,0.307,0.264,
10/10/2013 2:00 AM,0.300,0.267,0.306,0.263,
10/10/2013 4:00 AM,0.299,0.266,0.304,0.264,
10/10/2013 6:00 AM,0.299,0.266,0.303,0.262,
10/10/2013 8:00 AM,0.304,0.263,0.302,0.265,
10/10/2013 10:00 AM,0.310,0.269,0.299,0.268,
10/10/2013 12:00 PM,0.310,0.272,0.303,0.271,
10/10/2013 2:00 PM,0.313,0.301,0.327,0.297,
10/10/2013 4:00 PM,0.326,0.314,0.331,0.303,
10/10/2013 6:00 PM,0.329,0.317,0.330,0.300,
10/10/2013 8:00 PM,0.329,0.316,0.332,0.294,
10/10/2013 10:00 PM,0.328,0.314,0.333,0.299,
10/11/2013 12:00 AM,0.324,0.313,0.332,0.298,
10/11/2013 2:00 AM,0.323,0.313,0.331,0.296,
10/11/2013 4:00 AM,0.322,0.312,0.330,0.295,
10/11/2013 6:00 AM,0.322,0.311,0.328,0.294,
10/11/2013 8:00 AM,0.321,0.310,0.327,0.293,
10/11/2013 10:00 AM,0.321,0.311,0.327,0.292,
10/11/2013 12:00 PM,0.323,0.314,0.332,0.293,
10/11/2013 2:00 PM,0.327,0.318,0.337,0.294,
10/11/2013 4:00 PM,0.331,0.322,0.343,0.296,
10/11/2013 6:00 PM,0.331,0.320,0.344,0.295,
10/11/2013 8:00 PM,0.330,0.315,0.337,0.294,
10/11/2013 10:00 PM,0.327,0.312,0.332,0.291,
10/12/2013 12:00 AM,0.326,0.310,0.329,0.290,
10/12/2013 2:00 AM,0.324,0.308,0.327,0.289,
10/12/2013 4:00 AM,0.323,0.308,0.326,0.288,
10/12/2013 6:00 AM,0.322,0.307,0.324,0.288,
10/12/2013 8:00 AM,0.322,0.306,0.323,0.287,
10/12/2013 10:00 AM,0.321,0.306,0.324,0.287,
10/12/2013 12:00 PM,0.323,0.310,0.329,0.288,
10/12/2013 2:00 PM,0.327,0.316,0.335,0.290,
10/12/2013 4:00 PM,0.330,0.321,0.341,0.291,
10/12/2013 6:00 PM,0.330,0.319,0.341,0.292,
10/12/2013 8:00 PM,0.329,0.315,0.336,0.291,
10/12/2013 10:00 PM,0.328,0.313,0.333,0.291,
10/13/2013 12:00 AM,0.328,0.311,0.332,0.290,
10/13/2013 2:00 AM,0.327,0.309,0.330,0.289,
10/13/2013 4:00 AM,0.326,0.308,0.329,0.290,
10/13/2013 6:00 AM,0.326,0.308,0.328,0.288,
10/13/2013 8:00 AM,0.324,0.307,0.327,0.288,
10/13/2013 10:00 AM,0.324,0.307,0.327,0.288,
10/13/2013 12:00 PM,0.332,0.314,0.324,0.291,
10/13/2013 2:00 PM,0.333,0.320,0.331,0.295,
10/13/2013 4:00 PM,0.339,0.327,0.339,0.299,
10/13/2013 6:00 PM,0.341,0.326,0.346,0.296,
10/13/2013 8:00 PM,0.342,0.325,0.346,0.297,
10/13/2013 10:00 PM,0.340,0.324,0.344,0.299,
10/14/2013 12:00 AM,0.338,0.323,0.343,0.298,
10/14/2013 2:00 AM,0.337,0.323,0.343,0.296,
10/14/2013 4:00 AM,0.342,0.323,0.342,0.292,
10/14/2013 6:00 AM,0.344,0.326,0.341,0.298,
10/14/2013 8:00 AM,0.343,0.324,0.341,0.293,
10/14/2013 10:00 AM,0.341,0.323,0.342,0.293,
10/14/2013 12:00 PM,0.341,0.327,0.346,0.295,
10/14/2013 2:00 PM,0.343,0.328,0.349,0.296,
10/14/2013 4:00 PM,0.345,0.331,0.354,0.297,
10/14/2013 6:00 PM,0.346,0.329,0.353,0.297,
10/14/2013 8:00 PM,0.343,0.326,0.346,0.295,
10/14/2013 10:00 PM,0.341,0.322,0.342,0.293,
10/15/2013 12:00 AM,0.339,0.321,0.339,0.292,
10/15/2013 2:00 AM,0.337,0.319,0.336,0.291,
10/15/2013 4:00 AM,0.336,0.318,0.334,0.290,
10/15/2013 6:00 AM,0.335,0.317,0.332,0.289,
10/15/2013 8:00 AM,0.333,0.316,0.331,0.288,
10/15/2013 10:00 AM,0.333,0.317,0.331,0.287,
10/15/2013 12:00 PM,0.334,0.320,0.335,0.288,
10/15/2013 2:00 PM,0.337,0.326,0.340,0.289,
10/15/2013 4:00 PM,0.339,0.330,0.347,0.290,
10/15/2013 6:00 PM,0.339,0.329,0.347,0.290,
10/15/2013 8:00 PM,0.339,0.325,0.343,0.290,
10/15/2013 10:00 PM,0.337,0.322,0.339,0.290,
10/16/2013 12:00 AM,0.336,0.320,0.336,0.288,
10/16/2013 2:00 AM,0.334,0.318,0.333,0.287,
10/16/2013 4:00 AM,0.332,0.317,0.331,0.286,
10/16/2013 6:00 AM,0.331,0.315,0.328,0.285,
10/16/2013 8:00 AM,0.330,0.314,0.327,0.283,
10/16/2013 10:00 AM,0.329,0.315,0.327,0.283,
10/16/2013 12:00 PM,0.330,0.320,0.332,0.284,
10/16/2013 2:00 PM,0.333,0.326,0.338,0.286,
10/16/2013 4:00 PM,0.336,0.330,0.344,0.287,
10/16/2013 6:00 PM,0.337,0.328,0.343,0.288,
10/16/2013 8:00 PM,0.336,0.324,0.340,0.288,
10/16/2013 10:00 PM,0.335,0.321,0.336,0.287,
10/17/2013 12:00 AM,0.333,0.319,0.333,0.285,
10/17/2013 2:00 AM,0.331,0.317,0.331,0.284,
10/17/2013 4:00 AM,0.330,0.316,0.330,0.283,
10/17/2013 6:00 AM,0.329,0.315,0.327,0.283,
10/17/2013 8:00 AM,0.328,0.314,0.326,0.282,
10/17/2013 10:00 AM,0.327,0.315,0.327,0.282,
10/17/2013 12:00 PM,0.328,0.319,0.332,0.283,
10/17/2013 2:00 PM,0.332,0.326,0.339,0.284,
10/17/2013 4:00 PM,0.336,0.331,0.346,0.286,
10/17/2013 6:00 PM,0.337,0.329,0.348,0.287,
10/17/2013 8:00 PM,0.337,0.324,0.342,0.288,
10/17/2013 10:00 PM,0.335,0.321,0.337,0.287,
10/18/2013 12:00 AM,0.333,0.318,0.334,0.285,
10/18/2013 2:00 AM,0.331,0.316,0.331,0.284,
10/18/2013 4:00 AM,0.330,0.314,0.329,0.283,
10/18/2013 6:00 AM,0.329,0.313,0.327,0.282,
10/18/2013 8:00 AM,0.328,0.312,0.325,0.282,
10/18/2013 10:00 AM,0.327,0.313,0.326,0.281,
10/18/2013 12:00 PM,0.327,0.317,0.331,0.281,
10/18/2013 2:00 PM,0.330,0.324,0.337,0.283,
10/18/2013 4:00 PM,0.333,0.329,0.344,0.284,
10/18/2013 6:00 PM,0.335,0.327,0.346,0.285,
10/18/2013 8:00 PM,0.334,0.322,0.339,0.286,
10/18/2013 10:00 PM,0.332,0.318,0.334,0.284,
10/19/2013 12:00 AM,0.331,0.315,0.331,0.283,
10/19/2013 2:00 AM,0.329,0.313,0.329,0.282,
10/19/2013 4:00 AM,0.328,0.312,0.327,0.281,
10/19/2013 6:00 AM,0.327,0.310,0.324,0.280,
10/19/2013 8:00 AM,0.325,0.309,0.323,0.279,
10/19/2013 10:00 AM,0.324,0.310,0.323,0.278,
10/19/2013 12:00 PM,0.325,0.315,0.329,0.280,
10/19/2013 2:00 PM,0.329,0.322,0.336,0.281,
10/19/2013 4:00 PM,0.332,0.327,0.342,0.283,
10/19/2013 6:00 PM,0.333,0.325,0.344,0.284,
10/19/2013 8:00 PM,0.333,0.321,0.338,0.285,
10/19/2013 10:00 PM,0.331,0.317,0.333,0.283,
10/20/2013 12:00 AM,0.330,0.314,0.330,0.283,
10/20/2013 2:00 AM,0.328,0.313,0.328,0.281,
10/20/2013 4:00 AM,0.327,0.311,0.327,0.280,
10/20/2013 6:00 AM,0.326,0.310,0.326,0.280,
10/20/2013 8:00 AM,0.325,0.309,0.324,0.279,
10/20/2013 10:00 AM,0.324,0.309,0.324,0.278,
10/20/2013 12:00 PM,0.324,0.312,0.328,0.278,
10/20/2013 2:00 PM,0.327,0.319,0.335,0.280,
10/20/2013 4:00 PM,0.330,0.323,0.341,0.282,
10/20/2013 6:00 PM,0.331,0.323,0.343,0.283,
10/20/2013 8:00 PM,0.332,0.319,0.338,0.283,
10/20/2013 10:00 PM,0.330,0.315,0.333,0.283,
10/21/2013 12:00 AM,0.328,0.313,0.330,0.281,
10/21/2013 2:00 AM,0.327,0.311,0.328,0.280,
10/21/2013 4:00 AM,0.325,0.309,0.326,0.279,
10/21/2013 6:00 AM,0.324,0.308,0.323,0.278,
10/21/2013 8:00 AM,0.323,0.306,0.322,0.277,
10/21/2013 10:00 AM,0.322,0.306,0.322,0.276,
10/21/2013 12:00 PM,0.322,0.311,0.328,0.277,
10/21/2013 2:00 PM,0.325,0.318,0.334,0.278,
10/21/2013 4:00 PM,0.329,0.323,0.341,0.281,
10/21/2013 6:00 PM,0.330,0.321,0.343,0.282,
10/21/2013 8:00 PM,0.329,0.316,0.336,0.283,
10/21/2013 10:00 PM,0.327,0.312,0.331,0.282,
10/22/2013 12:00 AM,0.326,0.310,0.328,0.280,
10/22/2013 2:00 AM,0.324,0.308,0.326,0.279,
10/22/2013 4:00 AM,0.323,0.306,0.324,0.278,
10/22/2013 6:00 AM,0.322,0.305,0.323,0.277,
10/22/2013 8:00 AM,0.321,0.304,0.322,0.277,
10/22/2013 10:00 AM,0.320,0.304,0.322,0.276,
10/22/2013 12:00 PM,0.320,0.309,0.327,0.277,
10/22/2013 2:00 PM,0.323,0.316,0.333,0.278,
10/22/2013 4:00 PM,0.327,0.321,0.340,0.280,
10/22/2013 6:00 PM,0.328,0.321,0.342,0.279,
10/22/2013 8:00 PM,0.327,0.316,0.335,0.281,
10/22/2013 10:00 PM,0.326,0.311,0.330,0.279,
10/23/2013 12:00 AM,0.323,0.308,0.327,0.277,
10/23/2013 2:00 AM,0.322,0.306,0.324,0.276,
10/23/2013 4:00 AM,0.321,0.304,0.323,0.275,
10/23/2013 6:00 AM,0.320,0.303,0.321,0.274,
10/23/2013 8:00 AM,0.318,0.301,0.319,0.273,
