HIM2_1,Port 1,Port 2,Port 3,Port 4,Port 5
2175 records,10HS Soil Moisture,10HS Soil Moisture,10HS Soil Moisture,10HS Soil Moisture,
Measurement Time,m³/m³ VWC,m³/m³ VWC,m³/m³ VWC,m³/m³ VWC,None
4/25/2013 12:00 PM,0.165,0.317,0.235,0.283,
4/25/2013 2:00 PM,0.175,0.323,0.237,0.281,
4/25/2013 4:00 PM,0.177,0.327,0.240,0.283,
4/25/2013 6:00 PM,0.179,0.328,0.244,0.285,
4/25/2013 8:00 PM,0.178,0.327,0.246,0.285,
4/25/2013 10:00 PM,0.170,0.325,0.247,0.287,
4/26/2013 12:00 AM,0.169,0.322,0.246,0.286,
4/26/2013 2:00 AM,0.164,0.321,0.245,0.285,
4/26/2013 4:00 AM,0.162,0.319,0.243,0.283,
4/26/2013 6:00 AM,0.161,0.318,0.242,0.283,
4/26/2013 8:00 AM,0.161,0.316,0.241,0.281,
4/26/2013 10:00 AM,0.169,0.317,0.239,0.279,
4/26/2013 12:00 PM,0.170,0.320,0.239,0.280,
4/26/2013 2:00 PM,0.172,0.324,0.238,0.282,
4/26/2013 4:00 PM,0.178,0.328,0.240,0.284,
4/26/2013 6:00 PM,0.179,0.330,0.243,0.286,
4/26/2013 8:00 PM,0.176,0.329,0.247,0.286,
4/26/2013 10:00 PM,0.170,0.326,0.248,0.288,
4/27/2013 12:00 AM,0.166,0.323,0.247,0.287,
4/27/2013 2:00 AM,0.164,0.321,0.245,0.286,
4/27/2013 4:00 AM,0.160,0.320,0.244,0.285,
4/27/2013 6:00 AM,0.159,0.318,0.243,0.284,
4/27/2013 8:00 AM,0.160,0.317,0.241,0.282,
4/27/2013 10:00 AM,0.168,0.317,0.239,0.279,
4/27/2013 12:00 PM,0.169,0.320,0.239,0.281,
4/27/2013 2:00 PM,0.170,0.324,0.239,0.283,
4/27/2013 4:00 PM,0.174,0.329,0.241,0.285,
4/27/2013 6:00 PM,0.175,0.331,0.244,0.287,
4/27/2013 8:00 PM,0.171,0.329,0.248,0.288,
4/27/2013 10:00 PM,0.165,0.327,0.248,0.289,
4/28/2013 12:00 AM,0.161,0.324,0.246,0.288,
4/28/2013 2:00 AM,0.158,0.322,0.245,0.287,
4/28/2013 4:00 AM,0.157,0.321,0.244,0.286,
4/28/2013 6:00 AM,0.154,0.319,0.243,0.286,
4/28/2013 8:00 AM,0.155,0.318,0.241,0.283,
4/28/2013 10:00 AM,0.161,0.318,0.239,0.281,
4/28/2013 12:00 PM,0.164,0.320,0.240,0.282,
4/28/2013 2:00 PM,0.167,0.323,0.240,0.283,
4/28/2013 4:00 PM,0.168,0.327,0.243,0.285,
4/28/2013 6:00 PM,0.169,0.327,0.243,0.284,
4/28/2013 8:00 PM,0.166,0.327,0.246,0.286,
4/28/2013 10:00 PM,0.164,0.324,0.249,0.288,
4/29/2013 12:00 AM,0.161,0.322,0.247,0.287,
4/29/2013 2:00 AM,0.159,0.320,0.245,0.285,
4/29/2013 4:00 AM,0.158,0.319,0.245,0.284,
4/29/2013 6:00 AM,0.156,0.317,0.243,0.283,
4/29/2013 8:00 AM,0.158,0.315,0.242,0.281,
4/29/2013 10:00 AM,0.159,0.315,0.240,0.279,
4/29/2013 12:00 PM,0.162,0.317,0.240,0.279,
4/29/2013 2:00 PM,0.164,0.320,0.240,0.280,
4/29/2013 4:00 PM,0.166,0.322,0.242,0.282,
4/29/2013 6:00 PM,0.167,0.324,0.245,0.283,
4/29/2013 8:00 PM,0.163,0.324,0.246,0.285,
4/29/2013 10:00 PM,0.159,0.322,0.246,0.287,
4/30/2013 12:00 AM,0.159,0.321,0.246,0.287,
4/30/2013 2:00 AM,0.159,0.319,0.245,0.286,
4/30/2013 4:00 AM,0.158,0.318,0.244,0.286,
4/30/2013 6:00 AM,0.158,0.316,0.244,0.284,
4/30/2013 8:00 AM,0.157,0.315,0.243,0.283,
4/30/2013 10:00 AM,0.155,0.314,0.240,0.281,
4/30/2013 12:00 PM,0.156,0.316,0.240,0.280,
4/30/2013 2:00 PM,0.158,0.319,0.240,0.281,
4/30/2013 4:00 PM,0.158,0.321,0.241,0.282,
4/30/2013 6:00 PM,0.156,0.322,0.241,0.283,
4/30/2013 8:00 PM,0.153,0.321,0.244,0.284,
4/30/2013 10:00 PM,0.152,0.318,0.244,0.284,
5/1/2013 12:00 AM,0.150,0.316,0.243,0.283,
5/1/2013 2:00 AM,0.148,0.313,0.242,0.283,
5/1/2013 4:00 AM,0.147,0.311,0.240,0.281,
5/1/2013 6:00 AM,0.145,0.310,0.239,0.279,
5/1/2013 8:00 AM,0.145,0.308,0.238,0.277,
5/1/2013 10:00 AM,0.145,0.308,0.236,0.276,
5/1/2013 12:00 PM,0.147,0.310,0.236,0.278,
5/1/2013 2:00 PM,0.148,0.313,0.235,0.279,
5/1/2013 4:00 PM,0.149,0.314,0.235,0.280,
5/1/2013 6:00 PM,0.149,0.315,0.237,0.282,
5/1/2013 8:00 PM,0.147,0.314,0.240,0.279,
5/1/2013 10:00 PM,0.143,0.312,0.241,0.281,
5/2/2013 12:00 AM,0.139,0.309,0.240,0.280,
5/2/2013 2:00 AM,0.133,0.307,0.237,0.279,
5/2/2013 4:00 AM,0.130,0.305,0.235,0.278,
5/2/2013 6:00 AM,0.129,0.304,0.234,0.277,
5/2/2013 8:00 AM,0.130,0.302,0.233,0.275,
5/2/2013 10:00 AM,0.136,0.302,0.231,0.272,
5/2/2013 12:00 PM,0.143,0.304,0.233,0.272,
5/2/2013 2:00 PM,0.147,0.308,0.233,0.274,
5/2/2013 4:00 PM,0.150,0.312,0.235,0.276,
5/2/2013 6:00 PM,0.148,0.314,0.237,0.277,
5/2/2013 8:00 PM,0.148,0.312,0.240,0.276,
5/2/2013 10:00 PM,0.142,0.310,0.242,0.279,
5/3/2013 12:00 AM,0.139,0.307,0.240,0.278,
5/3/2013 2:00 AM,0.136,0.305,0.238,0.277,
5/3/2013 4:00 AM,0.135,0.303,0.237,0.276,
5/3/2013 6:00 AM,0.134,0.301,0.236,0.275,
5/3/2013 8:00 AM,0.133,0.300,0.234,0.272,
5/3/2013 10:00 AM,0.136,0.300,0.232,0.270,
5/3/2013 12:00 PM,0.141,0.301,0.233,0.270,
5/3/2013 2:00 PM,0.143,0.305,0.231,0.271,
5/3/2013 4:00 PM,0.146,0.309,0.233,0.272,
5/3/2013 6:00 PM,0.145,0.311,0.236,0.275,
5/3/2013 8:00 PM,0.142,0.310,0.239,0.276,
5/3/2013 10:00 PM,0.138,0.309,0.240,0.277,
5/4/2013 12:00 AM,0.135,0.306,0.239,0.276,
5/4/2013 2:00 AM,0.132,0.304,0.238,0.275,
5/4/2013 4:00 AM,0.130,0.302,0.236,0.274,
5/4/2013 6:00 AM,0.130,0.301,0.235,0.272,
5/4/2013 8:00 AM,0.131,0.300,0.234,0.270,
5/4/2013 10:00 AM,0.134,0.299,0.233,0.269,
5/4/2013 12:00 PM,0.138,0.300,0.232,0.268,
5/4/2013 2:00 PM,0.142,0.303,0.231,0.270,
5/4/2013 4:00 PM,0.143,0.307,0.233,0.272,
5/4/2013 6:00 PM,0.141,0.309,0.237,0.274,
5/4/2013 8:00 PM,0.138,0.308,0.238,0.274,
5/4/2013 10:00 PM,0.134,0.306,0.240,0.276,
5/5/2013 12:00 AM,0.134,0.304,0.238,0.274,
5/5/2013 2:00 AM,0.132,0.303,0.237,0.274,
5/5/2013 4:00 AM,0.131,0.301,0.236,0.272,
5/5/2013 6:00 AM,0.130,0.300,0.235,0.272,
5/5/2013 8:00 AM,0.129,0.299,0.234,0.271,
5/5/2013 10:00 AM,0.130,0.299,0.233,0.270,
5/5/2013 12:00 PM,0.134,0.299,0.232,0.267,
5/5/2013 2:00 PM,0.137,0.300,0.231,0.268,
5/5/2013 4:00 PM,0.139,0.303,0.231,0.269,
5/5/2013 6:00 PM,0.138,0.305,0.234,0.271,
5/5/2013 8:00 PM,0.134,0.304,0.237,0.271,
5/5/2013 10:00 PM,0.128,0.303,0.239,0.274,
5/6/2013 12:00 AM,0.124,0.300,0.236,0.272,
5/6/2013 2:00 AM,0.124,0.299,0.234,0.271,
5/6/2013 4:00 AM,0.122,0.298,0.234,0.270,
5/6/2013 6:00 AM,0.122,0.297,0.233,0.269,
5/6/2013 8:00 AM,0.122,0.296,0.233,0.268,
5/6/2013 10:00 AM,0.124,0.295,0.231,0.266,
5/6/2013 12:00 PM,0.128,0.294,0.229,0.265,
5/6/2013 2:00 PM,0.129,0.297,0.231,0.268,
5/6/2013 4:00 PM,0.130,0.298,0.231,0.268,
5/6/2013 6:00 PM,0.130,0.299,0.233,0.269,
5/6/2013 8:00 PM,0.127,0.299,0.235,0.270,
5/6/2013 10:00 PM,0.125,0.297,0.235,0.270,
5/7/2013 12:00 AM,0.124,0.295,0.234,0.269,
5/7/2013 2:00 AM,0.124,0.292,0.234,0.269,
5/7/2013 4:00 AM,0.124,0.290,0.233,0.268,
5/7/2013 6:00 AM,0.123,0.289,0.233,0.268,
5/7/2013 8:00 AM,0.122,0.289,0.232,0.266,
5/7/2013 10:00 AM,0.123,0.289,0.229,0.264,
5/7/2013 12:00 PM,0.126,0.291,0.229,0.264,
5/7/2013 2:00 PM,0.126,0.292,0.230,0.266,
5/7/2013 4:00 PM,0.126,0.293,0.230,0.266,
5/7/2013 6:00 PM,0.128,0.294,0.228,0.265,
5/7/2013 8:00 PM,0.126,0.294,0.232,0.266,
5/7/2013 10:00 PM,0.122,0.293,0.234,0.269,
5/8/2013 12:00 AM,0.121,0.291,0.233,0.267,
5/8/2013 2:00 AM,0.120,0.290,0.232,0.267,
5/8/2013 4:00 AM,0.117,0.289,0.231,0.267,
5/8/2013 6:00 AM,0.115,0.287,0.230,0.266,
5/8/2013 8:00 AM,0.115,0.286,0.228,0.263,
5/8/2013 10:00 AM,0.120,0.285,0.227,0.260,
5/8/2013 12:00 PM,0.124,0.286,0.226,0.261,
5/8/2013 2:00 PM,0.127,0.289,0.226,0.262,
5/8/2013 4:00 PM,0.128,0.291,0.228,0.263,
5/8/2013 6:00 PM,0.123,0.292,0.233,0.266,
5/8/2013 8:00 PM,0.124,0.290,0.231,0.263,
5/8/2013 10:00 PM,0.120,0.290,0.233,0.265,
5/9/2013 12:00 AM,0.116,0.289,0.232,0.264,
5/9/2013 2:00 AM,0.115,0.287,0.231,0.263,
5/9/2013 4:00 AM,0.113,0.285,0.229,0.263,
5/9/2013 6:00 AM,0.111,0.284,0.228,0.261,
5/9/2013 8:00 AM,0.113,0.283,0.227,0.259,
5/9/2013 10:00 AM,0.117,0.282,0.225,0.256,
5/9/2013 12:00 PM,0.123,0.283,0.226,0.256,
5/9/2013 2:00 PM,0.127,0.286,0.225,0.257,
5/9/2013 4:00 PM,0.128,0.288,0.226,0.259,
5/9/2013 6:00 PM,0.126,0.290,0.228,0.260,
5/9/2013 8:00 PM,0.123,0.289,0.232,0.259,
5/9/2013 10:00 PM,0.114,0.288,0.233,0.263,
5/10/2013 12:00 AM,0.112,0.285,0.231,0.261,
5/10/2013 2:00 AM,0.110,0.284,0.230,0.260,
5/10/2013 4:00 AM,0.108,0.283,0.228,0.260,
5/10/2013 6:00 AM,0.107,0.282,0.227,0.258,
5/10/2013 8:00 AM,0.108,0.280,0.225,0.256,
5/10/2013 10:00 AM,0.114,0.279,0.224,0.253,
5/10/2013 12:00 PM,0.120,0.279,0.225,0.253,
5/10/2013 2:00 PM,0.124,0.282,0.223,0.254,
5/10/2013 4:00 PM,0.125,0.284,0.225,0.256,
5/10/2013 6:00 PM,0.123,0.285,0.226,0.256,
5/10/2013 8:00 PM,0.120,0.284,0.230,0.255,
5/10/2013 10:00 PM,0.113,0.283,0.232,0.259,
5/11/2013 12:00 AM,0.109,0.281,0.230,0.258,
5/11/2013 2:00 AM,0.107,0.279,0.228,0.256,
5/11/2013 4:00 AM,0.105,0.278,0.227,0.256,
5/11/2013 6:00 AM,0.103,0.277,0.226,0.255,
5/11/2013 8:00 AM,0.104,0.275,0.224,0.251,
5/11/2013 10:00 AM,0.110,0.272,0.222,0.248,
5/11/2013 12:00 PM,0.117,0.273,0.223,0.247,
5/11/2013 2:00 PM,0.121,0.276,0.220,0.248,
5/11/2013 4:00 PM,0.123,0.278,0.223,0.250,
5/11/2013 6:00 PM,0.123,0.280,0.226,0.251,
5/11/2013 8:00 PM,0.123,0.280,0.230,0.248,
5/11/2013 10:00 PM,0.109,0.279,0.229,0.255,
5/12/2013 12:00 AM,0.102,0.277,0.226,0.253,
5/12/2013 2:00 AM,0.099,0.276,0.224,0.253,
5/12/2013 4:00 AM,0.096,0.274,0.223,0.252,
5/12/2013 6:00 AM,0.094,0.272,0.221,0.250,
5/12/2013 8:00 AM,0.096,0.271,0.219,0.246,
5/12/2013 10:00 AM,0.105,0.268,0.218,0.241,
5/12/2013 12:00 PM,0.113,0.269,0.219,0.240,
5/12/2013 2:00 PM,0.118,0.271,0.217,0.242,
5/12/2013 4:00 PM,0.119,0.274,0.219,0.244,
5/12/2013 6:00 PM,0.119,0.275,0.222,0.245,
5/12/2013 8:00 PM,0.115,0.275,0.225,0.245,
5/12/2013 10:00 PM,0.109,0.274,0.226,0.250,
5/13/2013 12:00 AM,0.105,0.271,0.224,0.249,
5/13/2013 2:00 AM,0.103,0.270,0.223,0.248,
5/13/2013 4:00 AM,0.102,0.269,0.222,0.247,
5/13/2013 6:00 AM,0.100,0.267,0.220,0.245,
5/13/2013 8:00 AM,0.099,0.265,0.217,0.242,
5/13/2013 10:00 AM,0.105,0.262,0.215,0.237,
5/13/2013 12:00 PM,0.112,0.263,0.216,0.236,
5/13/2013 2:00 PM,0.117,0.266,0.214,0.236,
5/13/2013 4:00 PM,0.119,0.268,0.217,0.238,
5/13/2013 6:00 PM,0.117,0.270,0.219,0.239,
5/13/2013 8:00 PM,0.114,0.269,0.222,0.239,
5/13/2013 10:00 PM,0.105,0.268,0.224,0.245,
5/14/2013 12:00 AM,0.101,0.266,0.221,0.243,
5/14/2013 2:00 AM,0.099,0.264,0.219,0.242,
5/14/2013 4:00 AM,0.097,0.262,0.217,0.240,
5/14/2013 6:00 AM,0.096,0.261,0.216,0.240,
5/14/2013 8:00 AM,0.097,0.259,0.214,0.235,
5/14/2013 10:00 AM,0.103,0.256,0.212,0.231,
5/14/2013 12:00 PM,0.109,0.257,0.213,0.231,
5/14/2013 2:00 PM,0.115,0.258,0.211,0.231,
5/14/2013 4:00 PM,0.119,0.261,0.215,0.231,
5/14/2013 6:00 PM,0.116,0.262,0.217,0.233,
5/14/2013 8:00 PM,0.115,0.261,0.220,0.232,
5/14/2013 10:00 PM,0.107,0.261,0.222,0.239,
5/15/2013 12:00 AM,0.105,0.258,0.219,0.236,
5/15/2013 2:00 AM,0.105,0.256,0.218,0.236,
5/15/2013 4:00 AM,0.101,0.255,0.216,0.236,
5/15/2013 6:00 AM,0.098,0.254,0.214,0.235,
5/15/2013 8:00 AM,0.097,0.252,0.211,0.232,
5/15/2013 10:00 AM,0.099,0.250,0.209,0.228,
5/15/2013 12:00 PM,0.109,0.249,0.212,0.225,
5/15/2013 2:00 PM,0.115,0.251,0.210,0.224,
5/15/2013 4:00 PM,0.115,0.254,0.212,0.225,
5/15/2013 6:00 PM,0.113,0.257,0.214,0.228,
5/15/2013 8:00 PM,0.105,0.260,0.216,0.232,
5/15/2013 10:00 PM,0.097,0.258,0.213,0.233,
5/16/2013 12:00 AM,0.094,0.256,0.211,0.231,
5/16/2013 2:00 AM,0.093,0.254,0.211,0.231,
5/16/2013 4:00 AM,0.091,0.253,0.210,0.231,
5/16/2013 6:00 AM,0.091,0.251,0.209,0.229,
5/16/2013 8:00 AM,0.091,0.250,0.207,0.226,
5/16/2013 10:00 AM,0.096,0.246,0.204,0.221,
5/16/2013 12:00 PM,0.102,0.247,0.204,0.219,
5/16/2013 2:00 PM,0.105,0.249,0.203,0.220,
5/16/2013 4:00 PM,0.102,0.252,0.208,0.225,
5/16/2013 6:00 PM,0.099,0.251,0.208,0.225,
5/16/2013 8:00 PM,0.095,0.251,0.210,0.226,
5/16/2013 10:00 PM,0.090,0.249,0.208,0.226,
5/17/2013 12:00 AM,0.089,0.247,0.207,0.225,
5/17/2013 2:00 AM,0.089,0.246,0.207,0.224,
5/17/2013 4:00 AM,0.089,0.245,0.206,0.224,
5/17/2013 6:00 AM,0.087,0.244,0.205,0.224,
5/17/2013 8:00 AM,0.086,0.243,0.204,0.222,
5/17/2013 10:00 AM,0.086,0.242,0.203,0.221,
5/17/2013 12:00 PM,0.089,0.241,0.202,0.220,
5/17/2013 2:00 PM,0.089,0.241,0.204,0.222,
5/17/2013 4:00 PM,0.091,0.238,0.204,0.221,
5/17/2013 6:00 PM,0.105,0.236,0.206,0.217,
5/17/2013 8:00 PM,0.099,0.240,0.206,0.226,
5/17/2013 10:00 PM,0.138,0.252,0.233,0.236,
5/18/2013 12:00 AM,0.181,0.267,0.267,0.271,
5/18/2013 2:00 AM,0.186,0.271,0.273,0.276,
5/18/2013 4:00 AM,0.185,0.271,0.273,0.274,
5/18/2013 6:00 AM,0.190,0.272,0.277,0.278,
5/18/2013 8:00 AM,0.182,0.271,0.275,0.278,
5/18/2013 10:00 AM,0.166,0.272,0.272,0.279,
5/18/2013 12:00 PM,0.159,0.277,0.272,0.280,
5/18/2013 2:00 PM,0.155,0.279,0.269,0.282,
5/18/2013 4:00 PM,0.156,0.278,0.268,0.282,
5/18/2013 6:00 PM,0.150,0.279,0.266,0.281,
5/18/2013 8:00 PM,0.145,0.278,0.263,0.279,
5/18/2013 10:00 PM,0.141,0.276,0.261,0.280,
5/19/2013 12:00 AM,0.139,0.274,0.259,0.278,
5/19/2013 2:00 AM,0.137,0.272,0.258,0.277,
5/19/2013 4:00 AM,0.136,0.271,0.257,0.276,
5/19/2013 6:00 AM,0.137,0.270,0.256,0.275,
5/19/2013 8:00 AM,0.136,0.269,0.256,0.273,
5/19/2013 10:00 AM,0.137,0.269,0.256,0.273,
5/19/2013 12:00 PM,0.140,0.271,0.255,0.273,
5/19/2013 2:00 PM,0.142,0.275,0.255,0.274,
5/19/2013 4:00 PM,0.145,0.277,0.258,0.277,
5/19/2013 6:00 PM,0.144,0.277,0.259,0.277,
5/19/2013 8:00 PM,0.142,0.275,0.259,0.275,
5/19/2013 10:00 PM,0.138,0.273,0.258,0.276,
5/20/2013 12:00 AM,0.136,0.272,0.256,0.274,
5/20/2013 2:00 AM,0.132,0.271,0.254,0.273,
5/20/2013 4:00 AM,0.131,0.269,0.252,0.272,
5/20/2013 6:00 AM,0.131,0.268,0.252,0.271,
5/20/2013 8:00 AM,0.130,0.267,0.251,0.271,
5/20/2013 10:00 AM,0.131,0.267,0.251,0.270,
5/20/2013 12:00 PM,0.133,0.268,0.251,0.269,
5/20/2013 2:00 PM,0.139,0.271,0.252,0.271,
5/20/2013 4:00 PM,0.142,0.274,0.255,0.272,
5/20/2013 6:00 PM,0.142,0.275,0.256,0.273,
5/20/2013 8:00 PM,0.140,0.273,0.257,0.271,
5/20/2013 10:00 PM,0.136,0.272,0.257,0.273,
5/21/2013 12:00 AM,0.132,0.270,0.255,0.271,
5/21/2013 2:00 AM,0.130,0.269,0.253,0.270,
5/21/2013 4:00 AM,0.127,0.267,0.251,0.269,
5/21/2013 6:00 AM,0.126,0.266,0.250,0.268,
5/21/2013 8:00 AM,0.124,0.265,0.248,0.265,
5/21/2013 10:00 AM,0.128,0.263,0.248,0.264,
5/21/2013 12:00 PM,0.132,0.266,0.248,0.265,
5/21/2013 2:00 PM,0.136,0.269,0.248,0.267,
5/21/2013 4:00 PM,0.136,0.271,0.250,0.269,
5/21/2013 6:00 PM,0.135,0.271,0.250,0.270,
5/21/2013 8:00 PM,0.134,0.268,0.251,0.268,
5/21/2013 10:00 PM,0.129,0.267,0.251,0.269,
5/22/2013 12:00 AM,0.128,0.266,0.249,0.267,
5/22/2013 2:00 AM,0.127,0.264,0.248,0.265,
5/22/2013 4:00 AM,0.126,0.263,0.248,0.264,
5/22/2013 6:00 AM,0.124,0.263,0.247,0.264,
5/22/2013 8:00 AM,0.122,0.261,0.246,0.263,
5/22/2013 10:00 AM,0.122,0.260,0.244,0.262,
5/22/2013 12:00 PM,0.122,0.260,0.244,0.263,
5/22/2013 2:00 PM,0.124,0.260,0.244,0.264,
5/22/2013 4:00 PM,0.126,0.264,0.244,0.266,
5/22/2013 6:00 PM,0.124,0.266,0.247,0.269,
5/22/2013 8:00 PM,0.123,0.264,0.247,0.268,
5/22/2013 10:00 PM,0.120,0.262,0.246,0.267,
5/23/2013 12:00 AM,0.116,0.261,0.244,0.266,
5/23/2013 2:00 AM,0.117,0.259,0.243,0.265,
5/23/2013 4:00 AM,0.117,0.258,0.242,0.263,
5/23/2013 6:00 AM,0.116,0.257,0.241,0.262,
5/23/2013 8:00 AM,0.115,0.256,0.239,0.260,
5/23/2013 10:00 AM,0.114,0.255,0.237,0.258,
5/23/2013 12:00 PM,0.119,0.257,0.239,0.259,
5/23/2013 2:00 PM,0.123,0.261,0.236,0.261,
5/23/2013 4:00 PM,0.124,0.263,0.240,0.262,
5/23/2013 6:00 PM,0.124,0.265,0.244,0.264,
5/23/2013 8:00 PM,0.120,0.264,0.246,0.265,
5/23/2013 10:00 PM,0.117,0.262,0.245,0.263,
5/24/2013 12:00 AM,0.115,0.260,0.243,0.261,
5/24/2013 2:00 AM,0.115,0.259,0.243,0.261,
5/24/2013 4:00 AM,0.113,0.257,0.242,0.261,
5/24/2013 6:00 AM,0.110,0.256,0.240,0.259,
5/24/2013 8:00 AM,0.105,0.254,0.236,0.255,
5/24/2013 10:00 AM,0.110,0.251,0.236,0.253,
5/24/2013 12:00 PM,0.116,0.254,0.236,0.254,
5/24/2013 2:00 PM,0.120,0.257,0.234,0.256,
5/24/2013 4:00 PM,0.122,0.261,0.237,0.259,
5/24/2013 6:00 PM,0.122,0.262,0.240,0.260,
5/24/2013 8:00 PM,0.120,0.260,0.242,0.258,
5/24/2013 10:00 PM,0.115,0.259,0.244,0.262,
5/25/2013 12:00 AM,0.115,0.257,0.242,0.261,
5/25/2013 2:00 AM,0.112,0.256,0.240,0.260,
5/25/2013 4:00 AM,0.110,0.255,0.239,0.259,
5/25/2013 6:00 AM,0.108,0.253,0.238,0.257,
5/25/2013 8:00 AM,0.108,0.252,0.235,0.254,
5/25/2013 10:00 AM,0.112,0.249,0.234,0.251,
5/25/2013 12:00 PM,0.116,0.251,0.234,0.251,
5/25/2013 2:00 PM,0.120,0.256,0.233,0.253,
5/25/2013 4:00 PM,0.120,0.259,0.235,0.255,
5/25/2013 6:00 PM,0.119,0.261,0.237,0.256,
5/25/2013 8:00 PM,0.117,0.260,0.240,0.257,
5/25/2013 10:00 PM,0.113,0.258,0.240,0.259,
5/26/2013 12:00 AM,0.113,0.255,0.239,0.258,
5/26/2013 2:00 AM,0.110,0.253,0.238,0.256,
5/26/2013 4:00 AM,0.107,0.252,0.236,0.256,
5/26/2013 6:00 AM,0.106,0.251,0.235,0.256,
5/26/2013 8:00 AM,0.106,0.250,0.233,0.252,
5/26/2013 10:00 AM,0.108,0.248,0.231,0.250,
5/26/2013 12:00 PM,0.111,0.248,0.231,0.249,
5/26/2013 2:00 PM,0.115,0.251,0.231,0.250,
5/26/2013 4:00 PM,0.117,0.253,0.233,0.251,
5/26/2013 6:00 PM,0.116,0.255,0.236,0.253,
5/26/2013 8:00 PM,0.113,0.254,0.238,0.255,
5/26/2013 10:00 PM,0.110,0.253,0.238,0.254,
5/27/2013 12:00 AM,0.108,0.251,0.236,0.254,
5/27/2013 2:00 AM,0.106,0.250,0.235,0.254,
5/27/2013 4:00 AM,0.104,0.249,0.234,0.253,
5/27/2013 6:00 AM,0.101,0.247,0.233,0.252,
5/27/2013 8:00 AM,0.101,0.245,0.229,0.248,
5/27/2013 10:00 AM,0.105,0.243,0.229,0.246,
5/27/2013 12:00 PM,0.110,0.244,0.230,0.245,
5/27/2013 2:00 PM,0.114,0.247,0.227,0.247,
5/27/2013 4:00 PM,0.114,0.250,0.229,0.248,
5/27/2013 6:00 PM,0.112,0.251,0.233,0.250,
5/27/2013 8:00 PM,0.110,0.250,0.234,0.251,
5/27/2013 10:00 PM,0.105,0.248,0.234,0.251,
5/28/2013 12:00 AM,0.103,0.247,0.233,0.250,
5/28/2013 2:00 AM,0.102,0.245,0.232,0.248,
5/28/2013 4:00 AM,0.100,0.244,0.231,0.247,
5/28/2013 6:00 AM,0.099,0.243,0.230,0.246,
5/28/2013 8:00 AM,0.107,0.240,0.231,0.242,
5/28/2013 10:00 AM,0.125,0.237,0.232,0.236,
5/28/2013 12:00 PM,0.102,0.243,0.229,0.246,
5/28/2013 2:00 PM,0.113,0.242,0.230,0.246,
5/28/2013 4:00 PM,0.103,0.244,0.225,0.242,
5/28/2013 6:00 PM,0.117,0.242,0.231,0.242,
5/28/2013 8:00 PM,0.135,0.238,0.239,0.241,
5/28/2013 10:00 PM,0.126,0.240,0.238,0.248,
5/29/2013 12:00 AM,0.122,0.239,0.236,0.248,
5/29/2013 2:00 AM,0.108,0.240,0.234,0.249,
5/29/2013 4:00 AM,0.098,0.244,0.233,0.251,
5/29/2013 6:00 AM,0.096,0.244,0.233,0.250,
5/29/2013 8:00 AM,0.096,0.243,0.232,0.249,
5/29/2013 10:00 AM,0.101,0.243,0.232,0.247,
5/29/2013 12:00 PM,0.106,0.246,0.231,0.247,
5/29/2013 2:00 PM,0.109,0.250,0.230,0.248,
5/29/2013 4:00 PM,0.110,0.251,0.231,0.248,
5/29/2013 6:00 PM,0.107,0.252,0.235,0.251,
5/29/2013 8:00 PM,0.105,0.251,0.235,0.249,
5/29/2013 10:00 PM,0.100,0.249,0.235,0.250,
5/30/2013 12:00 AM,0.096,0.246,0.233,0.249,
5/30/2013 2:00 AM,0.094,0.245,0.231,0.247,
5/30/2013 4:00 AM,0.093,0.243,0.230,0.246,
5/30/2013 6:00 AM,0.091,0.241,0.229,0.245,
5/30/2013 8:00 AM,0.092,0.240,0.226,0.242,
5/30/2013 10:00 AM,0.095,0.240,0.225,0.241,
5/30/2013 12:00 PM,0.100,0.240,0.227,0.241,
5/30/2013 2:00 PM,0.107,0.243,0.225,0.242,
5/30/2013 4:00 PM,0.109,0.246,0.228,0.244,
5/30/2013 6:00 PM,0.107,0.247,0.230,0.245,
5/30/2013 8:00 PM,0.105,0.245,0.233,0.243,
5/30/2013 10:00 PM,0.100,0.245,0.234,0.248,
5/31/2013 12:00 AM,0.097,0.242,0.232,0.247,
5/31/2013 2:00 AM,0.095,0.240,0.231,0.246,
5/31/2013 4:00 AM,0.093,0.239,0.229,0.245,
5/31/2013 6:00 AM,0.092,0.238,0.228,0.243,
5/31/2013 8:00 AM,0.093,0.236,0.225,0.240,
5/31/2013 10:00 AM,0.097,0.233,0.225,0.239,
5/31/2013 12:00 PM,0.104,0.234,0.225,0.239,
5/31/2013 2:00 PM,0.107,0.238,0.223,0.240,
5/31/2013 4:00 PM,0.110,0.241,0.225,0.241,
5/31/2013 6:00 PM,0.107,0.242,0.227,0.243,
5/31/2013 8:00 PM,0.105,0.241,0.230,0.240,
5/31/2013 10:00 PM,0.099,0.240,0.232,0.246,
6/1/2013 12:00 AM,0.094,0.239,0.230,0.246,
6/1/2013 2:00 AM,0.091,0.237,0.227,0.245,
6/1/2013 4:00 AM,0.089,0.235,0.226,0.243,
6/1/2013 6:00 AM,0.086,0.233,0.224,0.242,
6/1/2013 8:00 AM,0.088,0.231,0.220,0.236,
6/1/2013 10:00 AM,0.096,0.227,0.221,0.234,
6/1/2013 12:00 PM,0.102,0.228,0.222,0.234,
6/1/2013 2:00 PM,0.109,0.232,0.219,0.236,
6/1/2013 4:00 PM,0.110,0.235,0.221,0.238,
6/1/2013 6:00 PM,0.106,0.238,0.225,0.240,
6/1/2013 8:00 PM,0.102,0.236,0.227,0.239,
6/1/2013 10:00 PM,0.097,0.236,0.230,0.244,
6/2/2013 12:00 AM,0.093,0.235,0.227,0.244,
6/2/2013 2:00 AM,0.090,0.233,0.225,0.243,
6/2/2013 4:00 AM,0.088,0.231,0.224,0.241,
6/2/2013 6:00 AM,0.086,0.230,0.222,0.240,
6/2/2013 8:00 AM,0.087,0.227,0.218,0.234,
6/2/2013 10:00 AM,0.094,0.221,0.218,0.231,
6/2/2013 12:00 PM,0.101,0.222,0.219,0.231,
6/2/2013 2:00 PM,0.106,0.226,0.216,0.232,
6/2/2013 4:00 PM,0.111,0.233,0.218,0.233,
6/2/2013 6:00 PM,0.111,0.235,0.221,0.235,
6/2/2013 8:00 PM,0.107,0.235,0.225,0.237,
6/2/2013 10:00 PM,0.104,0.234,0.226,0.240,
6/3/2013 12:00 AM,0.099,0.231,0.225,0.240,
6/3/2013 2:00 AM,0.097,0.229,0.224,0.238,
6/3/2013 4:00 AM,0.094,0.228,0.222,0.237,
6/3/2013 6:00 AM,0.091,0.227,0.220,0.236,
6/3/2013 8:00 AM,0.089,0.225,0.216,0.232,
6/3/2013 10:00 AM,0.093,0.219,0.216,0.230,
6/3/2013 12:00 PM,0.099,0.219,0.216,0.229,
6/3/2013 2:00 PM,0.103,0.223,0.212,0.230,
6/3/2013 4:00 PM,0.106,0.226,0.215,0.232,
6/3/2013 6:00 PM,0.103,0.228,0.216,0.233,
6/3/2013 8:00 PM,0.100,0.227,0.218,0.230,
6/3/2013 10:00 PM,0.093,0.227,0.221,0.237,
6/4/2013 12:00 AM,0.088,0.225,0.218,0.237,
6/4/2013 2:00 AM,0.085,0.224,0.215,0.235,
6/4/2013 4:00 AM,0.082,0.222,0.213,0.234,
6/4/2013 6:00 AM,0.082,0.220,0.212,0.232,
6/4/2013 8:00 AM,0.082,0.217,0.208,0.226,
6/4/2013 10:00 AM,0.091,0.210,0.209,0.223,
6/4/2013 12:00 PM,0.098,0.212,0.211,0.223,
6/4/2013 2:00 PM,0.103,0.214,0.208,0.224,
6/4/2013 4:00 PM,0.105,0.219,0.211,0.226,
6/4/2013 6:00 PM,0.105,0.221,0.213,0.228,
6/4/2013 8:00 PM,0.102,0.221,0.216,0.226,
6/4/2013 10:00 PM,0.096,0.221,0.218,0.232,
6/5/2013 12:00 AM,0.092,0.219,0.216,0.231,
6/5/2013 2:00 AM,0.087,0.218,0.213,0.230,
6/5/2013 4:00 AM,0.086,0.216,0.212,0.228,
6/5/2013 6:00 AM,0.084,0.214,0.210,0.228,
6/5/2013 8:00 AM,0.085,0.212,0.206,0.222,
6/5/2013 10:00 AM,0.091,0.205,0.207,0.218,
6/5/2013 12:00 PM,0.098,0.205,0.208,0.217,
6/5/2013 2:00 PM,0.102,0.209,0.205,0.219,
6/5/2013 4:00 PM,0.104,0.213,0.208,0.221,
6/5/2013 6:00 PM,0.102,0.215,0.210,0.223,
6/5/2013 8:00 PM,0.100,0.215,0.212,0.218,
6/5/2013 10:00 PM,0.093,0.216,0.215,0.228,
6/6/2013 12:00 AM,0.087,0.215,0.212,0.228,
6/6/2013 2:00 AM,0.082,0.213,0.209,0.226,
6/6/2013 4:00 AM,0.081,0.212,0.207,0.225,
6/6/2013 6:00 AM,0.079,0.210,0.205,0.223,
6/6/2013 8:00 AM,0.082,0.207,0.202,0.217,
6/6/2013 10:00 AM,0.091,0.198,0.203,0.212,
6/6/2013 12:00 PM,0.096,0.198,0.204,0.212,
6/6/2013 2:00 PM,0.102,0.203,0.202,0.213,
6/6/2013 4:00 PM,0.104,0.207,0.204,0.215,
6/6/2013 6:00 PM,0.102,0.211,0.208,0.218,
6/6/2013 8:00 PM,0.098,0.211,0.211,0.219,
6/6/2013 10:00 PM,0.093,0.212,0.211,0.223,
6/7/2013 12:00 AM,0.086,0.212,0.209,0.224,
6/7/2013 2:00 AM,0.081,0.210,0.206,0.222,
6/7/2013 4:00 AM,0.079,0.208,0.204,0.221,
6/7/2013 6:00 AM,0.077,0.206,0.202,0.220,
6/7/2013 8:00 AM,0.078,0.202,0.198,0.212,
6/7/2013 10:00 AM,0.089,0.193,0.199,0.207,
6/7/2013 12:00 PM,0.095,0.194,0.201,0.208,
6/7/2013 2:00 PM,0.100,0.198,0.198,0.208,
6/7/2013 4:00 PM,0.102,0.203,0.202,0.210,
6/7/2013 6:00 PM,0.101,0.206,0.204,0.212,
6/7/2013 8:00 PM,0.099,0.206,0.206,0.209,
6/7/2013 10:00 PM,0.092,0.208,0.208,0.219,
6/8/2013 12:00 AM,0.086,0.207,0.206,0.220,
6/8/2013 2:00 AM,0.083,0.204,0.203,0.217,
6/8/2013 4:00 AM,0.083,0.201,0.202,0.213,
6/8/2013 6:00 AM,0.082,0.201,0.201,0.213,
6/8/2013 8:00 AM,0.082,0.198,0.198,0.210,
6/8/2013 10:00 AM,0.086,0.192,0.197,0.206,
6/8/2013 12:00 PM,0.092,0.192,0.198,0.204,
6/8/2013 2:00 PM,0.097,0.195,0.195,0.205,
6/8/2013 4:00 PM,0.099,0.198,0.198,0.206,
6/8/2013 6:00 PM,0.098,0.202,0.200,0.209,
6/8/2013 8:00 PM,0.096,0.201,0.202,0.204,
6/8/2013 10:00 PM,0.088,0.203,0.204,0.215,
6/9/2013 12:00 AM,0.081,0.202,0.201,0.216,
6/9/2013 2:00 AM,0.078,0.200,0.198,0.214,
6/9/2013 4:00 AM,0.078,0.197,0.196,0.211,
6/9/2013 6:00 AM,0.076,0.196,0.194,0.211,
6/9/2013 8:00 AM,0.076,0.192,0.190,0.203,
6/9/2013 10:00 AM,0.086,0.184,0.192,0.196,
6/9/2013 12:00 PM,0.092,0.185,0.193,0.196,
6/9/2013 2:00 PM,0.098,0.190,0.192,0.197,
6/9/2013 4:00 PM,0.100,0.194,0.195,0.200,
6/9/2013 6:00 PM,0.098,0.196,0.197,0.202,
6/9/2013 8:00 PM,0.092,0.197,0.200,0.205,
6/9/2013 10:00 PM,0.085,0.197,0.198,0.208,
6/10/2013 12:00 AM,0.085,0.195,0.195,0.205,
6/10/2013 2:00 AM,0.082,0.194,0.194,0.206,
6/10/2013 4:00 AM,0.079,0.193,0.193,0.205,
6/10/2013 6:00 AM,0.078,0.192,0.191,0.204,
6/10/2013 8:00 AM,0.079,0.189,0.189,0.198,
6/10/2013 10:00 AM,0.087,0.184,0.189,0.193,
6/10/2013 12:00 PM,0.090,0.189,0.189,0.190,
6/10/2013 2:00 PM,0.089,0.190,0.186,0.189,
6/10/2013 4:00 PM,0.089,0.187,0.187,0.186,
6/10/2013 6:00 PM,0.089,0.187,0.189,0.187,
6/10/2013 8:00 PM,0.084,0.191,0.190,0.182,
6/10/2013 10:00 PM,0.077,0.190,0.189,0.186,
6/11/2013 12:00 AM,0.074,0.188,0.187,0.184,
6/11/2013 2:00 AM,0.073,0.186,0.186,0.183,
6/11/2013 4:00 AM,0.070,0.185,0.185,0.184,
6/11/2013 6:00 AM,0.066,0.184,0.183,0.183,
6/11/2013 8:00 AM,0.066,0.182,0.180,0.179,
6/11/2013 10:00 AM,0.073,0.178,0.180,0.174,
6/11/2013 12:00 PM,0.078,0.178,0.181,0.174,
6/11/2013 2:00 PM,0.083,-0.044,0.181,0.175,
6/11/2013 4:00 PM,0.084,#N/A,0.183,0.176,
6/11/2013 6:00 PM,0.082,#N/A,0.185,0.179,
6/11/2013 8:00 PM,0.082,#N/A,0.189,0.185,
6/11/2013 10:00 PM,0.074,-0.142,0.187,0.191,
6/12/2013 12:00 AM,0.069,#N/A,0.186,0.189,
6/12/2013 2:00 AM,0.066,#N/A,0.186,0.190,
6/12/2013 4:00 AM,0.065,0.042,0.187,0.192,
6/12/2013 6:00 AM,0.064,0.176,0.186,0.191,
6/12/2013 8:00 AM,0.064,-0.243,0.182,0.183,
6/12/2013 10:00 AM,0.074,#N/A,0.182,0.175,
6/12/2013 12:00 PM,0.078,#N/A,0.182,0.175,
6/12/2013 2:00 PM,0.083,#N/A,0.183,0.179,
6/12/2013 4:00 PM,0.082,#N/A,0.184,0.180,
6/12/2013 6:00 PM,0.080,#N/A,0.185,0.181,
6/12/2013 8:00 PM,0.074,#N/A,0.185,0.183,
6/12/2013 10:00 PM,0.071,#N/A,0.186,0.187,
6/13/2013 12:00 AM,0.068,#N/A,0.185,0.187,
6/13/2013 2:00 AM,0.064,-0.302,0.182,0.187,
6/13/2013 4:00 AM,0.061,0.171,0.180,0.186,
6/13/2013 6:00 AM,0.059,0.170,0.179,0.184,
6/13/2013 8:00 AM,0.060,-0.228,0.175,0.178,
6/13/2013 10:00 AM,0.067,#N/A,0.176,0.174,
6/13/2013 12:00 PM,0.072,#N/A,0.177,0.174,
6/13/2013 2:00 PM,0.078,#N/A,0.178,0.175,
6/13/2013 4:00 PM,0.078,#N/A,0.180,0.178,
6/13/2013 6:00 PM,0.072,#N/A,0.182,0.181,
6/13/2013 8:00 PM,0.068,#N/A,0.181,0.180,
6/13/2013 10:00 PM,0.066,#N/A,0.179,0.180,
6/14/2013 12:00 AM,0.062,0.170,0.178,0.180,
6/14/2013 2:00 AM,0.060,0.168,0.176,0.178,
6/14/2013 4:00 AM,0.058,0.166,0.174,0.177,
6/14/2013 6:00 AM,0.057,0.165,0.173,0.177,
6/14/2013 8:00 AM,0.055,0.162,0.169,0.171,
6/14/2013 10:00 AM,0.060,0.159,0.169,0.168,
6/14/2013 12:00 PM,0.065,#N/A,0.169,0.166,
6/14/2013 2:00 PM,0.072,#N/A,0.170,0.167,
6/14/2013 4:00 PM,0.074,#N/A,0.174,0.169,
6/14/2013 6:00 PM,0.072,#N/A,0.176,0.171,
6/14/2013 8:00 PM,0.070,#N/A,0.177,0.169,
6/14/2013 10:00 PM,0.064,#N/A,0.179,0.177,
6/15/2013 12:00 AM,0.058,0.093,0.175,0.178,
6/15/2013 2:00 AM,0.056,0.164,0.172,0.175,
6/15/2013 4:00 AM,0.056,0.161,0.170,0.172,
6/15/2013 6:00 AM,0.054,0.160,0.169,0.172,
6/15/2013 8:00 AM,0.054,0.158,0.167,0.168,
6/15/2013 10:00 AM,0.058,-0.080,0.166,0.163,
6/15/2013 12:00 PM,0.064,#N/A,0.166,0.161,
6/15/2013 2:00 PM,0.071,#N/A,0.168,0.164,
6/15/2013 4:00 PM,0.073,#N/A,0.172,0.165,
6/15/2013 6:00 PM,0.072,#N/A,0.174,0.168,
6/15/2013 8:00 PM,0.069,#N/A,0.175,0.165,
6/15/2013 10:00 PM,0.064,#N/A,0.177,0.174,
6/16/2013 12:00 AM,0.059,0.164,0.175,0.175,
6/16/2013 2:00 AM,0.056,0.162,0.172,0.174,
6/16/2013 4:00 AM,0.055,0.160,0.170,0.173,
6/16/2013 6:00 AM,0.055,0.158,0.168,0.172,
6/16/2013 8:00 AM,0.054,0.155,0.165,0.164,
6/16/2013 10:00 AM,0.061,#N/A,0.165,0.158,
6/16/2013 12:00 PM,0.068,#N/A,0.167,0.159,
6/16/2013 2:00 PM,0.074,#N/A,0.168,0.161,
6/16/2013 4:00 PM,0.075,#N/A,0.172,0.165,
6/16/2013 6:00 PM,0.073,#N/A,0.174,0.166,
6/16/2013 8:00 PM,0.072,#N/A,0.175,0.163,
6/16/2013 10:00 PM,0.061,#N/A,0.175,0.173,
6/17/2013 12:00 AM,0.054,0.164,0.172,0.172,
6/17/2013 2:00 AM,0.051,0.162,0.168,0.171,
6/17/2013 4:00 AM,0.049,0.159,0.166,0.169,
6/17/2013 6:00 AM,0.048,0.158,0.164,0.167,
6/17/2013 8:00 AM,0.050,0.155,0.162,0.160,
6/17/2013 10:00 AM,0.062,#N/A,0.165,0.155,
6/17/2013 12:00 PM,0.070,#N/A,0.166,0.156,
6/17/2013 2:00 PM,0.078,#N/A,0.168,0.159,
6/17/2013 4:00 PM,0.078,#N/A,0.172,0.162,
6/17/2013 6:00 PM,0.074,#N/A,0.174,0.165,
6/17/2013 8:00 PM,0.071,#N/A,0.174,0.162,
6/17/2013 10:00 PM,0.059,#N/A,0.173,0.172,
6/18/2013 12:00 AM,0.052,0.162,0.170,0.173,
6/18/2013 2:00 AM,0.050,0.159,0.166,0.170,
6/18/2013 4:00 AM,0.049,0.157,0.164,0.168,
6/18/2013 6:00 AM,0.047,0.156,0.162,0.166,
6/18/2013 8:00 AM,0.049,0.153,0.159,0.158,
6/18/2013 10:00 AM,0.060,#N/A,0.163,0.155,
6/18/2013 12:00 PM,0.068,#N/A,0.164,0.155,
6/18/2013 2:00 PM,0.073,#N/A,0.165,0.158,
6/18/2013 4:00 PM,0.077,#N/A,0.168,0.161,
6/18/2013 6:00 PM,0.073,#N/A,0.169,0.163,
6/18/2013 8:00 PM,0.070,#N/A,0.172,0.159,
6/18/2013 10:00 PM,0.060,#N/A,0.170,0.165,
6/19/2013 12:00 AM,0.058,#N/A,0.166,0.163,
6/19/2013 2:00 AM,0.056,#N/A,0.165,0.161,
6/19/2013 4:00 AM,0.052,-0.186,0.164,0.166,
6/19/2013 6:00 AM,0.051,0.155,0.163,0.166,
6/19/2013 8:00 AM,0.052,0.152,0.161,0.160,
6/19/2013 10:00 AM,0.064,#N/A,0.163,0.156,
6/19/2013 12:00 PM,0.064,#N/A,0.162,0.155,
6/19/2013 2:00 PM,0.067,#N/A,0.162,0.157,
6/19/2013 4:00 PM,0.069,#N/A,0.166,0.159,
6/19/2013 6:00 PM,0.066,#N/A,0.166,0.159,
6/19/2013 8:00 PM,0.061,#N/A,0.165,0.156,
6/19/2013 10:00 PM,0.055,0.013,0.162,0.157,
6/20/2013 12:00 AM,0.051,0.159,0.159,0.156,
6/20/2013 2:00 AM,0.050,0.156,0.156,0.154,
6/20/2013 4:00 AM,0.047,0.154,0.155,0.153,
6/20/2013 6:00 AM,0.045,0.152,0.153,0.153,
6/20/2013 8:00 AM,0.044,0.150,0.151,0.148,
6/20/2013 10:00 AM,0.050,0.150,0.152,0.145,
6/20/2013 12:00 PM,0.057,0.154,0.153,0.145,
6/20/2013 2:00 PM,0.064,#N/A,0.156,0.148,
6/20/2013 4:00 PM,0.066,#N/A,0.160,0.150,
6/20/2013 6:00 PM,0.064,#N/A,0.162,0.152,
6/20/2013 8:00 PM,0.062,#N/A,0.163,0.148,
6/20/2013 10:00 PM,0.058,-0.242,0.164,0.156,
6/21/2013 12:00 AM,0.051,0.157,0.159,0.156,
6/21/2013 2:00 AM,0.051,0.154,0.157,0.152,
6/21/2013 4:00 AM,0.051,0.152,0.155,0.151,
6/21/2013 6:00 AM,0.050,0.150,0.154,0.151,
6/21/2013 8:00 AM,0.049,0.148,0.152,0.147,
6/21/2013 10:00 AM,0.055,0.148,0.153,0.145,
6/21/2013 12:00 PM,0.060,-0.159,0.154,0.145,
6/21/2013 2:00 PM,0.065,#N/A,0.156,0.147,
6/21/2013 4:00 PM,0.066,#N/A,0.160,0.150,
6/21/2013 6:00 PM,0.064,#N/A,0.162,0.152,
6/21/2013 8:00 PM,0.062,#N/A,0.162,0.150,
6/21/2013 10:00 PM,0.058,-0.354,0.162,0.155,
6/22/2013 12:00 AM,0.054,0.153,0.158,0.154,
6/22/2013 2:00 AM,0.050,0.150,0.154,0.153,
6/22/2013 4:00 AM,0.048,0.148,0.152,0.152,
6/22/2013 6:00 AM,0.046,0.147,0.151,0.153,
6/22/2013 8:00 AM,0.046,0.146,0.149,0.149,
6/22/2013 10:00 AM,0.050,0.145,0.149,0.147,
6/22/2013 12:00 PM,0.055,#N/A,0.150,0.146,
6/22/2013 2:00 PM,0.064,#N/A,0.154,0.148,
6/22/2013 4:00 PM,0.066,#N/A,0.158,0.150,
6/22/2013 6:00 PM,0.064,#N/A,0.161,0.152,
6/22/2013 8:00 PM,0.063,#N/A,0.161,0.148,
6/22/2013 10:00 PM,0.057,-0.260,0.161,0.155,
6/23/2013 12:00 AM,0.052,0.153,0.158,0.156,
6/23/2013 2:00 AM,0.051,0.151,0.155,0.153,
6/23/2013 4:00 AM,0.049,0.149,0.153,0.155,
6/23/2013 6:00 AM,0.047,0.147,0.150,0.153,
6/23/2013 8:00 AM,0.047,0.145,0.148,0.147,
6/23/2013 10:00 AM,0.056,0.125,0.150,0.143,
6/23/2013 12:00 PM,0.064,#N/A,0.153,0.143,
6/23/2013 2:00 PM,0.069,#N/A,0.155,0.145,
6/23/2013 4:00 PM,0.071,#N/A,0.160,0.148,
6/23/2013 6:00 PM,0.071,#N/A,0.164,0.148,
6/23/2013 8:00 PM,0.069,#N/A,0.166,0.146,
6/23/2013 10:00 PM,0.056,#N/A,0.163,0.153,
6/24/2013 12:00 AM,0.052,#N/A,0.159,0.150,
6/24/2013 2:00 AM,0.052,#N/A,0.158,0.150,
6/24/2013 4:00 AM,0.051,#N/A,0.156,0.149,
6/24/2013 6:00 AM,0.049,0.151,0.155,0.148,
6/24/2013 8:00 AM,0.050,-0.197,0.153,0.145,
6/24/2013 10:00 AM,0.055,#N/A,0.153,0.143,
6/24/2013 12:00 PM,0.060,#N/A,0.155,0.143,
6/24/2013 2:00 PM,0.064,#N/A,0.158,0.147,
6/24/2013 4:00 PM,0.064,#N/A,0.161,0.150,
6/24/2013 6:00 PM,0.063,#N/A,0.161,0.152,
6/24/2013 8:00 PM,0.058,#N/A,0.161,0.151,
6/24/2013 10:00 PM,0.056,#N/A,0.159,0.151,
6/25/2013 12:00 AM,0.055,#N/A,0.158,0.149,
6/25/2013 2:00 AM,0.053,#N/A,0.156,0.147,
6/25/2013 4:00 AM,0.051,#N/A,0.155,0.147,
6/25/2013 6:00 AM,0.051,#N/A,0.153,0.146,
6/25/2013 8:00 AM,0.051,#N/A,0.153,0.145,
6/25/2013 10:00 AM,0.055,#N/A,0.152,0.142,
6/25/2013 12:00 PM,0.063,#N/A,0.154,0.141,
6/25/2013 2:00 PM,0.065,#N/A,0.156,0.147,
6/25/2013 4:00 PM,0.069,#N/A,0.159,0.146,
6/25/2013 6:00 PM,0.064,#N/A,0.162,0.150,
6/25/2013 8:00 PM,0.064,#N/A,0.162,0.147,
6/25/2013 10:00 PM,0.056,#N/A,0.159,0.152,
6/26/2013 12:00 AM,0.050,#N/A,0.156,0.152,
6/26/2013 2:00 AM,0.049,0.147,0.155,0.150,
6/26/2013 4:00 AM,0.049,0.150,0.153,0.149,
6/26/2013 6:00 AM,0.049,0.148,0.152,0.148,
6/26/2013 8:00 AM,0.049,-0.177,0.151,0.146,
6/26/2013 10:00 AM,0.055,#N/A,0.152,0.143,
6/26/2013 12:00 PM,0.064,#N/A,0.155,0.143,
6/26/2013 2:00 PM,0.071,#N/A,0.158,0.146,
6/26/2013 4:00 PM,0.071,#N/A,0.161,0.148,
6/26/2013 6:00 PM,0.068,#N/A,0.163,0.148,
6/26/2013 8:00 PM,0.064,#N/A,0.162,0.147,
6/26/2013 10:00 PM,0.056,#N/A,0.161,0.153,
6/27/2013 12:00 AM,0.051,#N/A,0.158,0.152,
6/27/2013 2:00 AM,0.051,#N/A,0.155,0.150,
6/27/2013 4:00 AM,0.049,#N/A,0.153,0.150,
6/27/2013 6:00 AM,0.047,0.150,0.152,0.150,
6/27/2013 8:00 AM,0.049,-0.354,0.151,0.147,
6/27/2013 10:00 AM,0.058,#N/A,0.153,0.143,
6/27/2013 12:00 PM,0.068,#N/A,0.156,0.143,
6/27/2013 2:00 PM,0.074,#N/A,0.159,0.145,
6/27/2013 4:00 PM,0.075,#N/A,0.162,0.147,
6/27/2013 6:00 PM,0.072,#N/A,0.165,0.148,
6/27/2013 8:00 PM,0.068,#N/A,0.164,0.147,
6/27/2013 10:00 PM,0.058,#N/A,0.162,0.153,
6/28/2013 12:00 AM,0.051,#N/A,0.158,0.155,
6/28/2013 2:00 AM,0.049,#N/A,0.155,0.151,
6/28/2013 4:00 AM,0.049,#N/A,0.153,0.149,
6/28/2013 6:00 AM,0.047,#N/A,0.152,0.150,
6/28/2013 8:00 AM,0.048,#N/A,0.150,0.145,
6/28/2013 10:00 AM,0.055,#N/A,0.152,0.143,
6/28/2013 12:00 PM,0.062,#N/A,0.154,0.143,
6/28/2013 2:00 PM,0.070,#N/A,0.157,0.145,
6/28/2013 4:00 PM,0.074,#N/A,0.162,0.145,
6/28/2013 6:00 PM,0.069,#N/A,0.163,0.148,
6/28/2013 8:00 PM,0.064,#N/A,0.162,0.149,
6/28/2013 10:00 PM,0.056,#N/A,0.159,0.152,
6/29/2013 12:00 AM,0.053,#N/A,0.157,0.150,
6/29/2013 2:00 AM,0.054,#N/A,0.156,0.149,
6/29/2013 4:00 AM,0.051,#N/A,0.153,0.150,
6/29/2013 6:00 AM,0.048,0.103,0.152,0.150,
6/29/2013 8:00 AM,0.051,#N/A,0.150,0.143,
6/29/2013 10:00 AM,0.058,#N/A,0.152,0.140,
6/29/2013 12:00 PM,0.065,#N/A,0.153,0.140,
6/29/2013 2:00 PM,0.073,#N/A,0.156,0.143,
6/29/2013 4:00 PM,0.075,#N/A,0.161,0.145,
6/29/2013 6:00 PM,0.072,#N/A,0.162,0.147,
6/29/2013 8:00 PM,0.069,#N/A,0.162,0.147,
6/29/2013 10:00 PM,0.056,#N/A,0.158,0.152,
6/30/2013 12:00 AM,0.056,#N/A,0.156,0.149,
6/30/2013 2:00 AM,0.055,#N/A,0.155,0.147,
6/30/2013 4:00 AM,0.051,#N/A,0.153,0.148,
6/30/2013 6:00 AM,0.049,#N/A,0.151,0.147,
6/30/2013 8:00 AM,0.051,#N/A,0.150,0.144,
6/30/2013 10:00 AM,0.057,#N/A,0.151,0.141,
6/30/2013 12:00 PM,0.064,#N/A,0.152,0.141,
6/30/2013 2:00 PM,0.071,#N/A,0.155,0.143,
6/30/2013 4:00 PM,0.074,#N/A,0.159,0.144,
6/30/2013 6:00 PM,0.071,#N/A,0.161,0.145,
6/30/2013 8:00 PM,0.068,#N/A,0.161,0.143,
6/30/2013 10:00 PM,0.059,#N/A,0.159,0.149,
7/1/2013 12:00 AM,0.054,#N/A,0.155,0.149,
7/1/2013 2:00 AM,0.049,#N/A,0.152,0.150,
7/1/2013 4:00 AM,0.046,#N/A,0.149,0.148,
7/1/2013 6:00 AM,0.045,#N/A,0.147,0.146,
7/1/2013 8:00 AM,0.046,#N/A,0.146,0.140,
7/1/2013 10:00 AM,0.054,#N/A,0.148,0.138,
7/1/2013 12:00 PM,0.064,#N/A,0.150,0.138,
7/1/2013 2:00 PM,0.073,#N/A,0.154,0.141,
7/1/2013 4:00 PM,0.074,#N/A,0.158,0.142,
7/1/2013 6:00 PM,0.069,#N/A,0.160,0.144,
7/1/2013 8:00 PM,0.064,#N/A,0.159,0.144,
7/1/2013 10:00 PM,0.056,#N/A,0.156,0.148,
7/2/2013 12:00 AM,0.053,#N/A,0.153,0.146,
7/2/2013 2:00 AM,0.054,#N/A,0.152,0.143,
7/2/2013 4:00 AM,0.052,#N/A,0.150,0.144,
7/2/2013 6:00 AM,0.050,#N/A,0.148,0.143,
7/2/2013 8:00 AM,0.049,#N/A,0.147,0.141,
7/2/2013 10:00 AM,0.056,#N/A,0.148,0.139,
7/2/2013 12:00 PM,0.061,#N/A,0.148,0.139,
7/2/2013 2:00 PM,0.068,#N/A,0.152,0.140,
7/2/2013 4:00 PM,0.071,#N/A,0.155,0.142,
7/2/2013 6:00 PM,0.069,#N/A,0.156,0.143,
7/2/2013 8:00 PM,0.066,#N/A,0.156,0.143,
7/2/2013 10:00 PM,0.057,#N/A,0.154,0.148,
7/3/2013 12:00 AM,0.054,#N/A,0.151,0.146,
7/3/2013 2:00 AM,0.052,#N/A,0.149,0.145,
7/3/2013 4:00 AM,0.051,#N/A,0.147,0.144,
7/3/2013 6:00 AM,0.050,#N/A,0.147,0.144,
7/3/2013 8:00 AM,0.050,#N/A,0.145,0.141,
7/3/2013 10:00 AM,0.053,#N/A,0.146,0.140,
7/3/2013 12:00 PM,0.061,#N/A,0.147,0.138,
7/3/2013 2:00 PM,0.068,#N/A,0.150,0.140,
7/3/2013 4:00 PM,0.069,#N/A,0.154,0.142,
7/3/2013 6:00 PM,0.067,#N/A,0.155,0.142,
7/3/2013 8:00 PM,0.062,#N/A,0.155,0.144,
7/3/2013 10:00 PM,0.057,#N/A,0.152,0.145,
7/4/2013 12:00 AM,0.054,#N/A,0.150,0.145,
7/4/2013 2:00 AM,0.065,#N/A,0.159,0.138,
7/4/2013 4:00 AM,0.071,0.101,0.168,0.128,
7/4/2013 6:00 AM,0.053,#N/A,0.164,0.150,
7/4/2013 8:00 AM,0.051,#N/A,0.159,0.149,
7/4/2013 10:00 AM,0.055,#N/A,0.156,0.145,
7/4/2013 12:00 PM,0.060,#N/A,0.155,0.143,
7/4/2013 2:00 PM,0.066,#N/A,0.158,0.144,
7/4/2013 4:00 PM,0.068,#N/A,0.160,0.144,
7/4/2013 6:00 PM,0.065,#N/A,0.160,0.144,
7/4/2013 8:00 PM,0.063,#N/A,0.159,0.144,
7/4/2013 10:00 PM,0.056,#N/A,0.158,0.148,
7/5/2013 12:00 AM,0.053,#N/A,0.154,0.147,
7/5/2013 2:00 AM,0.074,#N/A,0.168,0.138,
7/5/2013 4:00 AM,0.080,#N/A,0.185,0.136,
7/5/2013 6:00 AM,0.055,#N/A,0.173,0.150,
7/5/2013 8:00 AM,0.051,#N/A,0.171,0.157,
7/5/2013 10:00 AM,0.055,#N/A,0.168,0.153,
7/5/2013 12:00 PM,0.059,#N/A,0.166,0.150,
7/5/2013 2:00 PM,0.063,#N/A,0.164,0.151,
7/5/2013 4:00 PM,0.064,#N/A,0.167,0.152,
7/5/2013 6:00 PM,0.058,#N/A,0.169,0.156,
7/5/2013 8:00 PM,0.058,#N/A,0.168,0.156,
7/5/2013 10:00 PM,0.047,#N/A,0.162,0.154,
7/6/2013 12:00 AM,0.045,#N/A,0.160,0.153,
7/6/2013 2:00 AM,0.043,#N/A,0.158,0.153,
7/6/2013 4:00 AM,0.042,#N/A,0.157,0.153,
7/6/2013 6:00 AM,0.042,#N/A,0.156,0.152,
7/6/2013 8:00 AM,0.043,#N/A,0.155,0.150,
7/6/2013 10:00 AM,0.051,#N/A,0.156,0.145,
7/6/2013 12:00 PM,0.056,#N/A,0.157,0.147,
7/6/2013 2:00 PM,0.060,#N/A,0.159,0.148,
7/6/2013 4:00 PM,0.065,#N/A,0.162,0.149,
7/6/2013 6:00 PM,0.058,#N/A,0.164,0.154,
7/6/2013 8:00 PM,0.055,#N/A,0.162,0.158,
7/6/2013 10:00 PM,0.044,#N/A,0.156,0.164,
7/7/2013 12:00 AM,0.042,#N/A,0.153,0.162,
7/7/2013 2:00 AM,0.041,#N/A,0.152,0.161,
7/7/2013 4:00 AM,0.038,#N/A,0.150,0.162,
7/7/2013 6:00 AM,0.037,#N/A,0.148,0.161,
7/7/2013 8:00 AM,0.037,#N/A,0.147,0.157,
7/7/2013 10:00 AM,0.048,#N/A,0.150,0.152,
7/7/2013 12:00 PM,0.056,#N/A,0.152,0.151,
7/7/2013 2:00 PM,0.066,#N/A,0.158,0.152,
7/7/2013 4:00 PM,0.066,#N/A,0.161,0.154,
7/7/2013 6:00 PM,0.057,#N/A,0.159,0.163,
7/7/2013 8:00 PM,0.053,#N/A,0.155,0.159,
7/7/2013 10:00 PM,0.051,#N/A,0.155,0.161,
7/8/2013 12:00 AM,0.051,#N/A,0.155,0.160,
7/8/2013 2:00 AM,0.049,#N/A,0.153,0.161,
7/8/2013 4:00 AM,0.047,#N/A,0.152,0.161,
7/8/2013 6:00 AM,0.045,#N/A,0.151,0.162,
7/8/2013 8:00 AM,0.044,#N/A,0.150,0.158,
7/8/2013 10:00 AM,0.051,#N/A,0.150,0.151,
7/8/2013 12:00 PM,0.057,#N/A,0.151,0.151,
7/8/2013 2:00 PM,0.062,#N/A,0.154,0.152,
7/8/2013 4:00 PM,0.063,#N/A,0.157,0.153,
7/8/2013 6:00 PM,0.061,#N/A,0.159,0.155,
7/8/2013 8:00 PM,0.059,#N/A,0.159,0.153,
7/8/2013 10:00 PM,0.054,#N/A,0.158,0.161,
7/9/2013 12:00 AM,0.048,#N/A,0.154,0.164,
7/9/2013 2:00 AM,0.048,#N/A,0.152,0.162,
7/9/2013 4:00 AM,0.047,#N/A,0.150,0.158,
7/9/2013 6:00 AM,0.048,#N/A,0.150,0.159,
7/9/2013 8:00 AM,0.048,#N/A,0.148,0.155,
7/9/2013 10:00 AM,0.052,#N/A,0.148,0.150,
7/9/2013 12:00 PM,0.059,#N/A,0.150,0.148,
7/9/2013 2:00 PM,0.065,#N/A,0.153,0.150,
7/9/2013 4:00 PM,0.067,#N/A,0.156,0.152,
7/9/2013 6:00 PM,0.063,#N/A,0.157,0.155,
7/9/2013 8:00 PM,0.060,#N/A,0.156,0.152,
7/9/2013 10:00 PM,0.051,#N/A,0.155,0.162,
7/10/2013 12:00 AM,0.044,#N/A,0.150,0.163,
7/10/2013 2:00 AM,0.044,#N/A,0.148,0.159,
7/10/2013 4:00 AM,0.042,#N/A,0.146,0.162,
7/10/2013 6:00 AM,0.040,#N/A,0.143,0.161,
7/10/2013 8:00 AM,0.042,#N/A,0.143,0.153,
7/10/2013 10:00 AM,0.050,#N/A,0.145,0.147,
7/10/2013 12:00 PM,0.058,#N/A,0.147,0.146,
7/10/2013 2:00 PM,0.064,#N/A,0.151,0.148,
7/10/2013 4:00 PM,0.064,#N/A,0.155,0.151,
7/10/2013 6:00 PM,0.062,#N/A,0.156,0.152,
7/10/2013 8:00 PM,0.060,#N/A,0.155,0.150,
7/10/2013 10:00 PM,0.052,#N/A,0.153,0.156,
7/11/2013 12:00 AM,0.048,#N/A,0.149,0.156,
7/11/2013 2:00 AM,0.045,#N/A,0.147,0.158,
7/11/2013 4:00 AM,0.044,#N/A,0.145,0.156,
7/11/2013 6:00 AM,0.043,#N/A,0.143,0.155,
7/11/2013 8:00 AM,0.043,#N/A,0.143,0.154,
7/11/2013 10:00 AM,0.045,#N/A,0.143,0.150,
7/11/2013 12:00 PM,0.047,#N/A,0.143,0.147,
7/11/2013 2:00 PM,0.058,#N/A,0.147,0.146,
7/11/2013 4:00 PM,0.059,#N/A,0.149,0.152,
7/11/2013 6:00 PM,0.057,#N/A,0.147,0.152,
7/11/2013 8:00 PM,0.055,#N/A,0.148,0.150,
7/11/2013 10:00 PM,0.049,#N/A,0.145,0.149,
7/12/2013 12:00 AM,0.045,#N/A,0.143,0.148,
7/12/2013 2:00 AM,0.043,#N/A,0.142,0.146,
7/12/2013 4:00 AM,0.042,#N/A,0.142,0.145,
7/12/2013 6:00 AM,0.042,#N/A,0.140,0.147,
7/12/2013 8:00 AM,0.042,#N/A,0.140,0.145,
7/12/2013 10:00 AM,0.046,#N/A,0.141,0.141,
7/12/2013 12:00 PM,0.052,#N/A,0.143,0.139,
7/12/2013 2:00 PM,0.054,#N/A,0.145,0.142,
7/12/2013 4:00 PM,0.056,#N/A,0.147,0.141,
7/12/2013 6:00 PM,0.057,#N/A,0.150,0.140,
7/12/2013 8:00 PM,0.054,#N/A,0.151,0.140,
7/12/2013 10:00 PM,0.050,#N/A,0.148,0.144,
7/13/2013 12:00 AM,0.048,#N/A,0.147,0.145,
7/13/2013 2:00 AM,0.047,#N/A,0.145,0.146,
7/13/2013 4:00 AM,0.048,#N/A,0.145,0.145,
7/13/2013 6:00 AM,0.048,#N/A,0.144,0.145,
7/13/2013 8:00 AM,0.047,#N/A,0.143,0.145,
7/13/2013 10:00 AM,0.050,#N/A,0.144,0.142,
7/13/2013 12:00 PM,0.054,#N/A,0.145,0.141,
7/13/2013 2:00 PM,0.057,#N/A,0.147,0.141,
7/13/2013 4:00 PM,0.060,#N/A,0.150,0.140,
7/13/2013 6:00 PM,0.061,#N/A,0.152,0.145,
7/13/2013 8:00 PM,0.058,#N/A,0.151,0.144,
7/13/2013 10:00 PM,0.051,#N/A,0.149,0.145,
7/14/2013 12:00 AM,0.048,#N/A,0.147,0.145,
7/14/2013 2:00 AM,0.044,#N/A,0.143,0.145,
7/14/2013 4:00 AM,0.043,#N/A,0.142,0.143,
7/14/2013 6:00 AM,0.041,#N/A,0.140,0.145,
7/14/2013 8:00 AM,0.042,#N/A,0.140,0.140,
7/14/2013 10:00 AM,0.048,#N/A,0.142,0.137,
7/14/2013 12:00 PM,0.054,#N/A,0.143,0.137,
7/14/2013 2:00 PM,0.059,#N/A,0.147,0.142,
7/14/2013 4:00 PM,0.061,#N/A,0.151,0.143,
7/14/2013 6:00 PM,0.059,#N/A,0.153,0.142,
7/14/2013 8:00 PM,0.058,#N/A,0.153,0.142,
7/14/2013 10:00 PM,0.051,#N/A,0.150,0.145,
7/15/2013 12:00 AM,0.042,#N/A,0.144,0.147,
7/15/2013 2:00 AM,0.040,#N/A,0.142,0.145,
7/15/2013 4:00 AM,0.038,#N/A,0.140,0.144,
7/15/2013 6:00 AM,0.037,#N/A,0.138,0.143,
7/15/2013 8:00 AM,0.038,#N/A,0.138,0.139,
7/15/2013 10:00 AM,0.043,#N/A,0.140,0.136,
7/15/2013 12:00 PM,0.053,#N/A,0.142,0.134,
7/15/2013 2:00 PM,0.060,#N/A,0.147,0.137,
7/15/2013 4:00 PM,0.061,#N/A,0.150,0.138,
7/15/2013 6:00 PM,0.058,#N/A,0.152,0.140,
7/15/2013 8:00 PM,0.051,#N/A,0.150,0.143,
7/15/2013 10:00 PM,0.046,#N/A,0.147,0.145,
7/16/2013 12:00 AM,0.042,#N/A,0.145,0.144,
7/16/2013 2:00 AM,0.042,#N/A,0.143,0.142,
7/16/2013 4:00 AM,0.040,#N/A,0.142,0.143,
7/16/2013 6:00 AM,0.038,#N/A,0.140,0.143,
7/16/2013 8:00 AM,0.039,#N/A,0.139,0.139,
7/16/2013 10:00 AM,0.046,#N/A,0.141,0.136,
7/16/2013 12:00 PM,0.051,#N/A,0.143,0.136,
7/16/2013 2:00 PM,0.057,#N/A,0.147,0.136,
7/16/2013 4:00 PM,0.058,#N/A,0.149,0.138,
7/16/2013 6:00 PM,0.057,#N/A,0.149,0.140,
7/16/2013 8:00 PM,0.055,#N/A,0.148,0.139,
7/16/2013 10:00 PM,0.049,#N/A,0.146,0.147,
7/17/2013 12:00 AM,0.048,#N/A,0.144,0.146,
7/17/2013 2:00 AM,0.045,#N/A,0.143,0.145,
7/17/2013 4:00 AM,0.044,#N/A,0.142,0.147,
7/17/2013 6:00 AM,0.046,#N/A,0.142,0.145,
7/17/2013 8:00 AM,0.046,#N/A,0.140,0.143,
7/17/2013 10:00 AM,0.049,#N/A,0.141,0.140,
7/17/2013 12:00 PM,0.052,#N/A,0.142,0.142,
7/17/2013 2:00 PM,0.055,#N/A,0.145,0.143,
7/17/2013 4:00 PM,0.058,#N/A,0.148,0.143,
7/17/2013 6:00 PM,0.057,#N/A,0.150,0.145,
7/17/2013 8:00 PM,0.054,#N/A,0.150,0.143,
7/17/2013 10:00 PM,0.050,#N/A,0.148,0.147,
7/18/2013 12:00 AM,0.049,#N/A,0.146,0.148,
7/18/2013 2:00 AM,0.046,#N/A,0.143,0.149,
7/18/2013 4:00 AM,0.046,#N/A,0.142,0.148,
7/18/2013 6:00 AM,0.045,#N/A,0.141,0.147,
7/18/2013 8:00 AM,0.045,#N/A,0.140,0.143,
7/18/2013 10:00 AM,0.050,#N/A,0.141,0.140,
7/18/2013 12:00 PM,0.054,#N/A,0.142,0.138,
7/18/2013 2:00 PM,0.059,#N/A,0.146,0.140,
7/18/2013 4:00 PM,0.060,#N/A,0.149,0.141,
7/18/2013 6:00 PM,0.056,#N/A,0.149,0.143,
7/18/2013 8:00 PM,0.054,#N/A,0.149,0.143,
7/18/2013 10:00 PM,0.051,#N/A,0.148,0.150,
7/19/2013 12:00 AM,0.048,#N/A,0.145,0.148,
7/19/2013 2:00 AM,0.046,#N/A,0.143,0.149,
7/19/2013 4:00 AM,0.042,#N/A,0.140,0.150,
7/19/2013 6:00 AM,0.040,#N/A,0.137,0.149,
7/19/2013 8:00 AM,0.039,#N/A,0.135,0.144,
7/19/2013 10:00 AM,0.044,#N/A,0.137,0.138,
7/19/2013 12:00 PM,0.051,#N/A,0.139,0.137,
7/19/2013 2:00 PM,0.058,#N/A,0.143,0.138,
7/19/2013 4:00 PM,0.059,#N/A,0.147,0.140,
7/19/2013 6:00 PM,0.057,#N/A,0.148,0.143,
7/19/2013 8:00 PM,0.053,#N/A,0.148,0.142,
7/19/2013 10:00 PM,0.048,#N/A,0.145,0.149,
7/20/2013 12:00 AM,0.044,#N/A,0.141,0.150,
7/20/2013 2:00 AM,0.042,#N/A,0.138,0.149,
7/20/2013 4:00 AM,0.039,#N/A,0.135,0.149,
7/20/2013 6:00 AM,0.039,0.051,0.134,0.149,
7/20/2013 8:00 AM,0.038,#N/A,0.132,0.143,
7/20/2013 10:00 AM,0.044,#N/A,0.135,0.138,
7/20/2013 12:00 PM,0.051,#N/A,0.138,0.137,
7/20/2013 2:00 PM,0.055,#N/A,0.142,0.138,
7/20/2013 4:00 PM,0.057,#N/A,0.145,0.138,
7/20/2013 6:00 PM,0.055,#N/A,0.147,0.141,
7/20/2013 8:00 PM,0.051,#N/A,0.146,0.141,
7/20/2013 10:00 PM,0.048,#N/A,0.143,0.146,
7/21/2013 12:00 AM,0.043,#N/A,0.140,0.147,
7/21/2013 2:00 AM,0.041,#N/A,0.136,0.147,
7/21/2013 4:00 AM,0.040,#N/A,0.134,0.146,
7/21/2013 6:00 AM,0.042,#N/A,0.134,0.144,
7/21/2013 8:00 AM,0.040,#N/A,0.133,0.142,
7/21/2013 10:00 AM,0.043,#N/A,0.134,0.134,
7/21/2013 12:00 PM,0.051,#N/A,0.136,0.136,
7/21/2013 2:00 PM,0.056,#N/A,0.142,0.137,
7/21/2013 4:00 PM,0.058,#N/A,0.146,0.140,
7/21/2013 6:00 PM,0.055,#N/A,0.148,0.141,
7/21/2013 8:00 PM,0.053,#N/A,0.147,0.140,
7/21/2013 10:00 PM,0.046,#N/A,0.143,0.147,
7/22/2013 12:00 AM,0.042,#N/A,0.140,0.150,
7/22/2013 2:00 AM,0.043,#N/A,0.138,0.148,
7/22/2013 4:00 AM,0.042,#N/A,0.136,0.146,
7/22/2013 6:00 AM,0.040,#N/A,0.134,0.145,
7/22/2013 8:00 AM,0.039,#N/A,0.132,0.140,
7/22/2013 10:00 AM,0.042,#N/A,0.134,0.135,
7/22/2013 12:00 PM,0.048,#N/A,0.136,0.135,
7/22/2013 2:00 PM,0.054,#N/A,0.140,0.138,
7/22/2013 4:00 PM,0.057,#N/A,0.145,0.139,
7/22/2013 6:00 PM,0.054,#N/A,0.147,0.140,
7/22/2013 8:00 PM,0.052,#N/A,0.146,0.139,
7/22/2013 10:00 PM,0.046,#N/A,0.143,0.145,
7/23/2013 12:00 AM,0.043,#N/A,0.140,0.145,
7/23/2013 2:00 AM,0.042,#N/A,0.138,0.144,
7/23/2013 4:00 AM,0.040,#N/A,0.135,0.146,
7/23/2013 6:00 AM,0.037,#N/A,0.132,0.145,
7/23/2013 8:00 AM,0.037,#N/A,0.131,0.140,
7/23/2013 10:00 AM,0.041,#N/A,0.133,0.135,
7/23/2013 12:00 PM,0.046,#N/A,0.135,0.136,
7/23/2013 2:00 PM,0.052,#N/A,0.139,0.136,
7/23/2013 4:00 PM,0.055,#N/A,0.143,0.138,
7/23/2013 6:00 PM,0.052,#N/A,0.144,0.140,
7/23/2013 8:00 PM,0.048,#N/A,0.142,0.141,
7/23/2013 10:00 PM,0.044,#N/A,0.139,0.147,
7/24/2013 12:00 AM,0.040,#N/A,0.135,0.146,
7/24/2013 2:00 AM,0.041,#N/A,0.134,0.141,
7/24/2013 4:00 AM,0.040,#N/A,0.132,0.142,
7/24/2013 6:00 AM,0.038,#N/A,0.130,0.142,
7/24/2013 8:00 AM,0.037,#N/A,0.129,0.139,
7/24/2013 10:00 AM,0.042,#N/A,0.132,0.134,
7/24/2013 12:00 PM,0.048,#N/A,0.134,0.134,
7/24/2013 2:00 PM,0.052,#N/A,0.138,0.136,
7/24/2013 4:00 PM,0.053,#N/A,0.141,0.138,
7/24/2013 6:00 PM,0.051,#N/A,0.142,0.139,
7/24/2013 8:00 PM,0.048,#N/A,0.141,0.141,
7/24/2013 10:00 PM,0.044,#N/A,0.138,0.143,
7/25/2013 12:00 AM,0.043,#N/A,0.136,0.142,
7/25/2013 2:00 AM,0.041,#N/A,0.133,0.143,
7/25/2013 4:00 AM,0.040,#N/A,0.132,0.142,
7/25/2013 6:00 AM,0.037,#N/A,0.130,0.142,
7/25/2013 8:00 AM,0.036,#N/A,0.128,0.140,
7/25/2013 10:00 AM,0.042,#N/A,0.130,0.133,
7/25/2013 12:00 PM,0.049,#N/A,0.133,0.134,
7/25/2013 2:00 PM,0.053,#N/A,0.137,0.136,
7/25/2013 4:00 PM,0.054,#N/A,0.140,0.138,
7/25/2013 6:00 PM,0.052,#N/A,0.142,0.139,
7/25/2013 8:00 PM,0.050,#N/A,0.141,0.138,
7/25/2013 10:00 PM,0.044,#N/A,0.138,0.144,
7/26/2013 12:00 AM,0.041,#N/A,0.134,0.145,
7/26/2013 2:00 AM,0.039,#N/A,0.131,0.143,
7/26/2013 4:00 AM,0.038,#N/A,0.130,0.142,
7/26/2013 6:00 AM,0.036,#N/A,0.128,0.142,
7/26/2013 8:00 AM,0.036,#N/A,0.126,0.137,
7/26/2013 10:00 AM,0.042,#N/A,0.129,0.132,
7/26/2013 12:00 PM,0.048,#N/A,0.132,0.132,
7/26/2013 2:00 PM,0.053,#N/A,0.136,0.134,
7/26/2013 4:00 PM,0.054,#N/A,0.140,0.136,
7/26/2013 6:00 PM,0.051,#N/A,0.141,0.136,
7/26/2013 8:00 PM,0.050,#N/A,0.140,0.136,
7/26/2013 10:00 PM,0.045,#N/A,0.137,0.142,
7/27/2013 12:00 AM,0.042,#N/A,0.134,0.141,
7/27/2013 2:00 AM,0.041,#N/A,0.132,0.139,
7/27/2013 4:00 AM,0.040,#N/A,0.132,0.138,
7/27/2013 6:00 AM,0.039,#N/A,0.132,0.139,
7/27/2013 8:00 AM,0.039,#N/A,0.131,0.140,
7/27/2013 10:00 AM,0.039,#N/A,0.131,0.139,
7/27/2013 12:00 PM,0.040,#N/A,0.131,0.138,
7/27/2013 2:00 PM,0.040,#N/A,0.132,0.137,
7/27/2013 4:00 PM,0.041,#N/A,0.132,0.138,
7/27/2013 6:00 PM,0.042,#N/A,0.133,0.136,
7/27/2013 8:00 PM,0.042,#N/A,0.133,0.138,
7/27/2013 10:00 PM,0.039,#N/A,0.132,0.140,
7/28/2013 12:00 AM,0.038,#N/A,0.130,0.140,
7/28/2013 2:00 AM,0.036,#N/A,0.129,0.141,
7/28/2013 4:00 AM,0.036,#N/A,0.128,0.140,
7/28/2013 6:00 AM,0.034,#N/A,0.126,0.140,
7/28/2013 8:00 AM,0.033,#N/A,0.126,0.137,
7/28/2013 10:00 AM,0.039,#N/A,0.128,0.134,
7/28/2013 12:00 PM,0.045,#N/A,0.131,0.135,
7/28/2013 2:00 PM,0.050,#N/A,0.135,0.136,
7/28/2013 4:00 PM,0.051,#N/A,0.139,0.136,
7/28/2013 6:00 PM,0.052,#N/A,0.142,0.135,
7/28/2013 8:00 PM,0.046,#N/A,0.145,0.134,
7/28/2013 10:00 PM,0.041,#N/A,0.141,0.141,
7/29/2013 12:00 AM,0.039,#N/A,0.136,0.140,
7/29/2013 2:00 AM,0.038,#N/A,0.133,0.140,
7/29/2013 4:00 AM,0.036,#N/A,0.131,0.137,
7/29/2013 6:00 AM,0.035,#N/A,0.130,0.137,
7/29/2013 8:00 AM,0.034,#N/A,0.129,0.136,
7/29/2013 10:00 AM,0.036,#N/A,0.130,0.134,
7/29/2013 12:00 PM,0.041,#N/A,0.132,0.133,
7/29/2013 2:00 PM,0.043,#N/A,0.135,0.134,
7/29/2013 4:00 PM,0.046,#N/A,0.138,0.134,
7/29/2013 6:00 PM,0.046,#N/A,0.140,0.138,
7/29/2013 8:00 PM,0.044,#N/A,0.139,0.140,
7/29/2013 10:00 PM,0.041,#N/A,0.136,0.142,
7/30/2013 12:00 AM,0.039,#N/A,0.134,0.141,
7/30/2013 2:00 AM,0.038,#N/A,0.133,0.142,
7/30/2013 4:00 AM,0.035,#N/A,0.130,0.142,
7/30/2013 6:00 AM,0.034,#N/A,0.128,0.142,
7/30/2013 8:00 AM,0.033,#N/A,0.128,0.138,
7/30/2013 10:00 AM,0.039,#N/A,0.130,0.132,
7/30/2013 12:00 PM,0.046,#N/A,0.132,0.134,
7/30/2013 2:00 PM,0.049,#N/A,0.137,0.136,
7/30/2013 4:00 PM,0.051,#N/A,0.140,0.138,
7/30/2013 6:00 PM,0.050,#N/A,0.142,0.140,
7/30/2013 8:00 PM,0.049,#N/A,0.142,0.140,
7/30/2013 10:00 PM,0.045,#N/A,0.139,0.144,
7/31/2013 12:00 AM,0.038,#N/A,0.134,0.143,
7/31/2013 2:00 AM,0.037,#N/A,0.132,0.142,
7/31/2013 4:00 AM,0.037,#N/A,0.131,0.140,
7/31/2013 6:00 AM,0.036,#N/A,0.130,0.142,
7/31/2013 8:00 AM,0.035,#N/A,0.128,0.139,
7/31/2013 10:00 AM,0.042,#N/A,0.130,0.132,
7/31/2013 12:00 PM,0.046,#N/A,0.133,0.133,
7/31/2013 2:00 PM,0.050,#N/A,0.137,0.135,
7/31/2013 4:00 PM,0.052,#N/A,0.140,0.136,
7/31/2013 6:00 PM,0.051,#N/A,0.142,0.138,
7/31/2013 8:00 PM,0.048,#N/A,0.142,0.138,
7/31/2013 10:00 PM,0.042,#N/A,0.138,0.140,
8/1/2013 12:00 AM,0.041,#N/A,0.136,0.140,
8/1/2013 2:00 AM,0.040,#N/A,0.134,0.138,
8/1/2013 4:00 AM,0.041,#N/A,0.133,0.137,
8/1/2013 6:00 AM,0.040,#N/A,0.132,0.136,
8/1/2013 8:00 AM,0.040,#N/A,0.131,0.136,
8/1/2013 10:00 AM,0.042,#N/A,0.132,0.134,
8/1/2013 12:00 PM,0.046,#N/A,0.134,0.133,
8/1/2013 2:00 PM,0.051,#N/A,0.138,0.134,
8/1/2013 4:00 PM,0.051,#N/A,0.140,0.136,
8/1/2013 6:00 PM,0.050,#N/A,0.142,0.137,
8/1/2013 8:00 PM,0.050,#N/A,0.140,0.138,
8/1/2013 10:00 PM,0.045,#N/A,0.136,0.141,
8/2/2013 12:00 AM,0.041,#N/A,0.134,0.140,
8/2/2013 2:00 AM,0.037,#N/A,0.130,0.141,
8/2/2013 4:00 AM,0.033,0.030,0.126,0.141,
8/2/2013 6:00 AM,0.030,0.132,0.124,0.140,
8/2/2013 8:00 AM,0.029,-0.027,0.122,0.136,
8/2/2013 10:00 AM,0.032,#N/A,0.124,0.128,
8/2/2013 12:00 PM,0.041,#N/A,0.127,0.128,
8/2/2013 2:00 PM,0.047,#N/A,0.132,0.130,
8/2/2013 4:00 PM,0.048,#N/A,0.136,0.132,
8/2/2013 6:00 PM,0.045,#N/A,0.138,0.133,
8/2/2013 8:00 PM,0.043,#N/A,0.136,0.132,
8/2/2013 10:00 PM,0.039,#N/A,0.133,0.138,
8/3/2013 12:00 AM,0.036,#N/A,0.130,0.136,
8/3/2013 2:00 AM,0.036,#N/A,0.128,0.134,
8/3/2013 4:00 AM,0.034,#N/A,0.127,0.134,
8/3/2013 6:00 AM,0.034,#N/A,0.126,0.134,
8/3/2013 8:00 AM,0.031,#N/A,0.124,0.132,
8/3/2013 10:00 AM,0.036,#N/A,0.125,0.128,
8/3/2013 12:00 PM,0.043,#N/A,0.128,0.128,
8/3/2013 2:00 PM,0.052,#N/A,0.134,0.130,
8/3/2013 4:00 PM,0.051,#N/A,0.137,0.132,
8/3/2013 6:00 PM,0.047,#N/A,0.136,0.134,
8/3/2013 8:00 PM,0.045,#N/A,0.136,0.134,
8/3/2013 10:00 PM,0.040,#N/A,0.132,0.136,
8/4/2013 12:00 AM,0.037,#N/A,0.129,0.135,
8/4/2013 2:00 AM,0.035,#N/A,0.127,0.135,
8/4/2013 4:00 AM,0.032,#N/A,0.124,0.135,
8/4/2013 6:00 AM,0.030,#N/A,0.122,0.135,
8/4/2013 8:00 AM,0.028,#N/A,0.120,0.132,
8/4/2013 10:00 AM,0.034,#N/A,0.123,0.125,
8/4/2013 12:00 PM,0.041,#N/A,0.126,0.126,
8/4/2013 2:00 PM,0.045,#N/A,0.131,0.128,
8/4/2013 4:00 PM,0.047,#N/A,0.135,0.132,
8/4/2013 6:00 PM,0.046,#N/A,0.136,0.133,
8/4/2013 8:00 PM,0.044,#N/A,0.136,0.130,
8/4/2013 10:00 PM,0.038,#N/A,0.132,0.136,
8/5/2013 12:00 AM,0.034,#N/A,0.128,0.135,
8/5/2013 2:00 AM,0.033,#N/A,0.126,0.134,
8/5/2013 4:00 AM,0.031,#N/A,0.124,0.134,
8/5/2013 6:00 AM,0.030,#N/A,0.122,0.134,
8/5/2013 8:00 AM,0.029,#N/A,0.121,0.130,
8/5/2013 10:00 AM,0.036,#N/A,0.124,0.125,
8/5/2013 12:00 PM,0.041,#N/A,0.127,0.128,
8/5/2013 2:00 PM,0.046,#N/A,0.132,0.128,
8/5/2013 4:00 PM,0.047,#N/A,0.134,0.130,
8/5/2013 6:00 PM,0.049,#N/A,0.136,0.135,
8/5/2013 8:00 PM,0.046,#N/A,0.135,0.136,
8/5/2013 10:00 PM,0.041,#N/A,0.131,0.139,
8/6/2013 12:00 AM,0.038,#N/A,0.128,0.140,
8/6/2013 2:00 AM,0.033,#N/A,0.124,0.140,
8/6/2013 4:00 AM,0.031,#N/A,0.122,0.137,
8/6/2013 6:00 AM,0.033,#N/A,0.122,0.134,
8/6/2013 8:00 AM,0.033,#N/A,0.121,0.132,
8/6/2013 10:00 AM,0.037,#N/A,0.123,0.128,
8/6/2013 12:00 PM,0.043,#N/A,0.126,0.126,
8/6/2013 2:00 PM,0.048,#N/A,0.131,0.128,
8/6/2013 4:00 PM,0.051,#N/A,0.136,0.130,
8/6/2013 6:00 PM,0.049,#N/A,0.138,0.133,
8/6/2013 8:00 PM,0.048,#N/A,0.136,0.133,
8/6/2013 10:00 PM,0.044,#N/A,0.132,0.138,
8/7/2013 12:00 AM,0.041,#N/A,0.129,0.139,
8/7/2013 2:00 AM,0.038,#N/A,0.126,0.137,
8/7/2013 4:00 AM,0.034,#N/A,0.123,0.137,
8/7/2013 6:00 AM,0.033,#N/A,0.121,0.136,
8/7/2013 8:00 AM,0.031,-0.269,0.120,0.133,
8/7/2013 10:00 AM,0.037,#N/A,0.122,0.126,
8/7/2013 12:00 PM,0.043,#N/A,0.126,0.128,
8/7/2013 2:00 PM,0.046,#N/A,0.130,0.129,
8/7/2013 4:00 PM,0.048,#N/A,0.134,0.130,
8/7/2013 6:00 PM,0.047,#N/A,0.136,0.131,
8/7/2013 8:00 PM,0.045,#N/A,0.134,0.132,
8/7/2013 10:00 PM,0.042,#N/A,0.132,0.135,
8/8/2013 12:00 AM,0.041,#N/A,0.130,0.134,
8/8/2013 2:00 AM,0.040,#N/A,0.128,0.133,
8/8/2013 4:00 AM,0.039,#N/A,0.126,0.132,
8/8/2013 6:00 AM,0.037,#N/A,0.125,0.133,
8/8/2013 8:00 AM,0.036,#N/A,0.124,0.131,
8/8/2013 10:00 AM,0.039,#N/A,0.125,0.128,
8/8/2013 12:00 PM,0.043,#N/A,0.128,0.128,
8/8/2013 2:00 PM,0.044,#N/A,0.129,0.130,
8/8/2013 4:00 PM,0.047,#N/A,0.132,0.128,
8/8/2013 6:00 PM,0.046,#N/A,0.134,0.130,
8/8/2013 8:00 PM,0.045,#N/A,0.134,0.130,
8/8/2013 10:00 PM,0.042,#N/A,0.131,0.132,
8/9/2013 12:00 AM,0.038,#N/A,0.128,0.131,
8/9/2013 2:00 AM,0.036,#N/A,0.126,0.130,
8/9/2013 4:00 AM,0.033,#N/A,0.124,0.131,
8/9/2013 6:00 AM,0.031,#N/A,0.122,0.130,
8/9/2013 8:00 AM,0.029,#N/A,0.119,0.130,
8/9/2013 10:00 AM,0.033,#N/A,0.121,0.125,
8/9/2013 12:00 PM,0.041,#N/A,0.124,0.126,
8/9/2013 2:00 PM,0.047,#N/A,0.130,0.128,
8/9/2013 4:00 PM,0.048,#N/A,0.134,0.130,
8/9/2013 6:00 PM,0.046,#N/A,0.135,0.130,
8/9/2013 8:00 PM,0.044,#N/A,0.134,0.130,
8/9/2013 10:00 PM,0.042,#N/A,0.132,0.132,
8/10/2013 12:00 AM,0.039,#N/A,0.128,0.131,
8/10/2013 2:00 AM,0.036,#N/A,0.126,0.131,
8/10/2013 4:00 AM,0.034,#N/A,0.124,0.130,
8/10/2013 6:00 AM,0.034,#N/A,0.122,0.130,
8/10/2013 8:00 AM,0.033,#N/A,0.121,0.129,
8/10/2013 10:00 AM,0.035,#N/A,0.122,0.126,
8/10/2013 12:00 PM,0.040,#N/A,0.124,0.125,
8/10/2013 2:00 PM,0.046,#N/A,0.129,0.128,
8/10/2013 4:00 PM,0.045,#N/A,0.132,0.129,
8/10/2013 6:00 PM,0.045,#N/A,0.134,0.130,
8/10/2013 8:00 PM,0.043,#N/A,0.133,0.131,
8/10/2013 10:00 PM,0.041,#N/A,0.130,0.133,
8/11/2013 12:00 AM,0.039,#N/A,0.128,0.132,
8/11/2013 2:00 AM,0.036,#N/A,0.126,0.131,
8/11/2013 4:00 AM,0.035,#N/A,0.124,0.130,
8/11/2013 6:00 AM,0.032,#N/A,0.122,0.129,
8/11/2013 8:00 AM,0.032,#N/A,0.122,0.128,
8/11/2013 10:00 AM,0.036,#N/A,0.123,0.125,
8/11/2013 12:00 PM,0.041,#N/A,0.126,0.126,
8/11/2013 2:00 PM,0.044,#N/A,0.130,0.127,
8/11/2013 4:00 PM,0.045,#N/A,0.133,0.129,
8/11/2013 6:00 PM,0.044,#N/A,0.134,0.130,
8/11/2013 8:00 PM,0.043,#N/A,0.133,0.129,
8/11/2013 10:00 PM,0.040,#N/A,0.129,0.132,
8/12/2013 12:00 AM,0.037,#N/A,0.126,0.130,
8/12/2013 2:00 AM,0.036,#N/A,0.124,0.130,
8/12/2013 4:00 AM,0.035,#N/A,0.124,0.128,
8/12/2013 6:00 AM,0.034,#N/A,0.122,0.128,
8/12/2013 8:00 AM,0.032,#N/A,0.120,0.128,
8/12/2013 10:00 AM,0.036,#N/A,0.122,0.124,
8/12/2013 12:00 PM,0.042,#N/A,0.125,0.124,
8/12/2013 2:00 PM,0.048,#N/A,0.130,0.128,
8/12/2013 4:00 PM,0.049,#N/A,0.132,0.130,
8/12/2013 6:00 PM,0.047,#N/A,0.134,0.130,
8/12/2013 8:00 PM,0.044,#N/A,0.133,0.128,
8/12/2013 10:00 PM,0.040,#N/A,0.128,0.132,
8/13/2013 12:00 AM,0.037,#N/A,0.126,0.130,
8/13/2013 2:00 AM,0.035,#N/A,0.123,0.130,
8/13/2013 4:00 AM,0.031,#N/A,0.120,0.131,
8/13/2013 6:00 AM,0.030,#N/A,0.118,0.129,
8/13/2013 8:00 AM,0.029,#N/A,0.117,0.127,
8/13/2013 10:00 AM,0.033,#N/A,0.120,0.124,
8/13/2013 12:00 PM,0.040,#N/A,0.122,0.124,
8/13/2013 2:00 PM,0.045,#N/A,0.128,0.126,
8/13/2013 4:00 PM,0.046,#N/A,0.132,0.128,
8/13/2013 6:00 PM,0.045,#N/A,0.132,0.128,
8/13/2013 8:00 PM,0.043,#N/A,0.131,0.128,
8/13/2013 10:00 PM,0.039,#N/A,0.127,0.132,
8/14/2013 12:00 AM,0.034,#N/A,0.123,0.131,
8/14/2013 2:00 AM,0.033,#N/A,0.121,0.129,
8/14/2013 4:00 AM,0.032,#N/A,0.119,0.130,
8/14/2013 6:00 AM,0.031,#N/A,0.117,0.130,
8/14/2013 8:00 AM,0.028,#N/A,0.115,0.127,
8/14/2013 10:00 AM,0.033,#N/A,0.117,0.123,
8/14/2013 12:00 PM,0.039,#N/A,0.120,0.124,
8/14/2013 2:00 PM,0.044,#N/A,0.126,0.126,
8/14/2013 4:00 PM,0.045,#N/A,0.130,0.128,
8/14/2013 6:00 PM,0.044,#N/A,0.132,0.130,
8/14/2013 8:00 PM,0.042,#N/A,0.130,0.129,
8/14/2013 10:00 PM,0.037,#N/A,0.127,0.132,
8/15/2013 12:00 AM,0.034,#N/A,0.123,0.132,
8/15/2013 2:00 AM,0.030,#N/A,0.120,0.131,
8/15/2013 4:00 AM,0.030,#N/A,0.118,0.128,
8/15/2013 6:00 AM,0.028,#N/A,0.116,0.130,
8/15/2013 8:00 AM,0.026,#N/A,0.114,0.126,
8/15/2013 10:00 AM,0.031,#N/A,0.117,0.122,
8/15/2013 12:00 PM,0.039,#N/A,0.120,0.122,
8/15/2013 2:00 PM,0.044,#N/A,0.126,0.125,
8/15/2013 4:00 PM,0.045,#N/A,0.130,0.126,
8/15/2013 6:00 PM,0.043,#N/A,0.130,0.128,
8/15/2013 8:00 PM,0.042,#N/A,0.130,0.127,
8/15/2013 10:00 PM,0.036,#N/A,0.125,0.132,
8/16/2013 12:00 AM,0.034,#N/A,0.122,0.134,
8/16/2013 2:00 AM,0.032,#N/A,0.119,0.132,
8/16/2013 4:00 AM,0.030,-0.099,0.116,0.130,
8/16/2013 6:00 AM,0.028,0.121,0.114,0.128,
8/16/2013 8:00 AM,0.027,-0.113,0.113,0.126,
8/16/2013 10:00 AM,0.031,#N/A,0.116,0.121,
8/16/2013 12:00 PM,0.039,#N/A,0.120,0.122,
8/16/2013 2:00 PM,0.043,#N/A,0.126,0.124,
8/16/2013 4:00 PM,0.044,#N/A,0.130,0.127,
8/16/2013 6:00 PM,0.043,#N/A,0.132,0.127,
8/16/2013 8:00 PM,0.042,#N/A,0.130,0.128,
8/16/2013 10:00 PM,0.038,#N/A,0.126,0.130,
8/17/2013 12:00 AM,0.033,#N/A,0.123,0.129,
8/17/2013 2:00 AM,0.032,#N/A,0.121,0.128,
8/17/2013 4:00 AM,0.031,#N/A,0.120,0.128,
8/17/2013 6:00 AM,0.030,#N/A,0.118,0.129,
8/17/2013 8:00 AM,0.030,#N/A,0.117,0.126,
8/17/2013 10:00 AM,0.034,#N/A,0.120,0.122,
8/17/2013 12:00 PM,0.042,#N/A,0.123,0.123,
8/17/2013 2:00 PM,0.044,#N/A,0.127,0.125,
8/17/2013 4:00 PM,0.045,#N/A,0.130,0.127,
8/17/2013 6:00 PM,0.043,#N/A,0.131,0.128,
8/17/2013 8:00 PM,0.043,#N/A,0.130,0.128,
8/17/2013 10:00 PM,0.039,#N/A,0.126,0.130,
8/18/2013 12:00 AM,0.037,#N/A,0.124,0.128,
8/18/2013 2:00 AM,0.036,#N/A,0.124,0.127,
8/18/2013 4:00 AM,0.035,#N/A,0.122,0.127,
8/18/2013 6:00 AM,0.034,#N/A,0.121,0.127,
8/18/2013 8:00 AM,0.033,#N/A,0.120,0.126,
8/18/2013 10:00 AM,0.036,#N/A,0.122,0.124,
8/18/2013 12:00 PM,0.042,#N/A,0.124,0.124,
8/18/2013 2:00 PM,0.045,#N/A,0.128,0.127,
8/18/2013 4:00 PM,0.045,#N/A,0.131,0.128,
8/18/2013 6:00 PM,0.045,#N/A,0.132,0.128,
8/18/2013 8:00 PM,0.042,#N/A,0.131,0.128,
8/18/2013 10:00 PM,0.038,#N/A,0.126,0.133,
8/19/2013 12:00 AM,0.034,#N/A,0.123,0.133,
8/19/2013 2:00 AM,0.032,#N/A,0.120,0.131,
8/19/2013 4:00 AM,0.032,#N/A,0.119,0.130,
8/19/2013 6:00 AM,0.029,#N/A,0.116,0.129,
8/19/2013 8:00 AM,0.028,#N/A,0.115,0.126,
8/19/2013 10:00 AM,0.032,#N/A,0.118,0.121,
8/19/2013 12:00 PM,0.040,#N/A,0.122,0.123,
8/19/2013 2:00 PM,0.042,#N/A,0.126,0.126,
8/19/2013 4:00 PM,0.044,#N/A,0.130,0.126,
8/19/2013 6:00 PM,0.043,#N/A,0.130,0.129,
8/19/2013 8:00 PM,0.041,#N/A,0.129,0.130,
8/19/2013 10:00 PM,0.038,#N/A,0.126,0.130,
8/20/2013 12:00 AM,0.036,#N/A,0.124,0.129,
8/20/2013 2:00 AM,0.035,#N/A,0.122,0.129,
8/20/2013 4:00 AM,0.034,#N/A,0.120,0.129,
8/20/2013 6:00 AM,0.033,#N/A,0.120,0.128,
8/20/2013 8:00 AM,0.033,#N/A,0.119,0.127,
8/20/2013 10:00 AM,0.034,#N/A,0.120,0.125,
8/20/2013 12:00 PM,0.039,#N/A,0.123,0.124,
8/20/2013 2:00 PM,0.040,#N/A,0.124,0.127,
8/20/2013 4:00 PM,0.041,#N/A,0.127,0.126,
8/20/2013 6:00 PM,0.042,#N/A,0.129,0.128,
8/20/2013 8:00 PM,0.041,#N/A,0.128,0.130,
8/20/2013 10:00 PM,0.040,#N/A,0.125,0.133,
8/21/2013 12:00 AM,0.037,#N/A,0.122,0.132,
8/21/2013 2:00 AM,0.036,#N/A,0.121,0.130,
8/21/2013 4:00 AM,0.033,#N/A,0.119,0.130,
8/21/2013 6:00 AM,0.031,#N/A,0.117,0.129,
8/21/2013 8:00 AM,0.030,#N/A,0.116,0.128,
8/21/2013 10:00 AM,0.035,#N/A,0.119,0.124,
8/21/2013 12:00 PM,0.041,#N/A,0.122,0.124,
8/21/2013 2:00 PM,0.045,#N/A,0.126,0.126,
8/21/2013 4:00 PM,0.045,#N/A,0.130,0.129,
8/21/2013 6:00 PM,0.045,#N/A,0.131,0.129,
8/21/2013 8:00 PM,0.043,#N/A,0.130,0.129,
8/21/2013 10:00 PM,0.040,#N/A,0.126,0.132,
8/22/2013 12:00 AM,0.038,#N/A,0.124,0.130,
8/22/2013 2:00 AM,0.043,#N/A,0.124,0.116,
8/22/2013 4:00 AM,0.036,#N/A,0.122,0.130,
8/22/2013 6:00 AM,0.034,#N/A,0.120,0.129,
8/22/2013 8:00 AM,0.033,#N/A,0.119,0.128,
8/22/2013 10:00 AM,0.033,#N/A,0.120,0.124,
8/22/2013 12:00 PM,0.041,#N/A,0.123,0.125,
8/22/2013 2:00 PM,0.046,#N/A,0.128,0.127,
8/22/2013 4:00 PM,0.046,#N/A,0.131,0.128,
8/22/2013 6:00 PM,0.042,#N/A,0.130,0.130,
8/22/2013 8:00 PM,0.049,#N/A,0.132,0.117,
8/22/2013 10:00 PM,0.036,#N/A,0.127,0.132,
8/23/2013 12:00 AM,0.033,#N/A,0.124,0.130,
8/23/2013 2:00 AM,0.033,#N/A,0.122,0.130,
8/23/2013 4:00 AM,0.032,#N/A,0.121,0.130,
8/23/2013 6:00 AM,0.031,#N/A,0.120,0.130,
8/23/2013 8:00 AM,0.031,#N/A,0.120,0.130,
8/23/2013 10:00 AM,0.032,#N/A,0.120,0.127,
8/23/2013 12:00 PM,0.038,#N/A,0.124,0.126,
8/23/2013 2:00 PM,0.039,#N/A,0.126,0.128,
8/23/2013 4:00 PM,0.041,#N/A,0.127,0.128,
8/23/2013 6:00 PM,0.040,#N/A,0.126,0.130,
8/23/2013 8:00 PM,0.036,#N/A,0.125,0.131,
8/23/2013 10:00 PM,0.032,#N/A,0.122,0.131,
8/24/2013 12:00 AM,0.027,#N/A,0.119,0.131,
8/24/2013 2:00 AM,0.026,#N/A,0.118,0.129,
8/24/2013 4:00 AM,0.025,#N/A,0.116,0.128,
8/24/2013 6:00 AM,0.024,#N/A,0.115,0.128,
8/24/2013 8:00 AM,0.023,#N/A,0.115,0.126,
8/24/2013 10:00 AM,0.032,#N/A,0.120,0.124,
8/24/2013 12:00 PM,0.040,#N/A,0.123,0.126,
8/24/2013 2:00 PM,0.042,#N/A,0.127,0.127,
8/24/2013 4:00 PM,0.103,#N/A,0.155,0.139,
8/24/2013 6:00 PM,0.106,#N/A,0.162,0.175,
8/24/2013 8:00 PM,0.099,#N/A,0.155,0.173,
8/24/2013 10:00 PM,0.095,#N/A,0.150,0.172,
8/25/2013 12:00 AM,0.093,#N/A,0.147,0.170,
8/25/2013 2:00 AM,0.089,#N/A,0.144,0.170,
8/25/2013 4:00 AM,0.087,#N/A,0.142,0.169,
8/25/2013 6:00 AM,0.086,#N/A,0.141,0.168,
8/25/2013 8:00 AM,0.085,#N/A,0.140,0.166,
8/25/2013 10:00 AM,0.089,#N/A,0.140,0.160,
8/25/2013 12:00 PM,0.093,#N/A,0.140,0.158,
8/25/2013 2:00 PM,0.093,#N/A,0.143,0.158,
8/25/2013 4:00 PM,0.090,#N/A,0.145,0.158,
8/25/2013 6:00 PM,0.088,#N/A,0.145,0.158,
8/25/2013 8:00 PM,0.086,#N/A,0.143,0.159,
8/25/2013 10:00 PM,0.082,#N/A,0.142,0.163,
8/26/2013 12:00 AM,0.078,#N/A,0.139,0.163,
8/26/2013 2:00 AM,0.077,#N/A,0.138,0.161,
8/26/2013 4:00 AM,0.076,#N/A,0.138,0.158,
8/26/2013 6:00 AM,0.074,#N/A,0.136,0.159,
8/26/2013 8:00 AM,0.074,#N/A,0.135,0.159,
8/26/2013 10:00 AM,0.075,#N/A,0.135,0.156,
8/26/2013 12:00 PM,0.078,#N/A,0.137,0.155,
8/26/2013 2:00 PM,0.081,#N/A,0.140,0.156,
8/26/2013 4:00 PM,0.082,#N/A,0.141,0.156,
8/26/2013 6:00 PM,0.083,#N/A,0.142,0.158,
8/26/2013 8:00 PM,0.082,#N/A,0.141,0.161,
8/26/2013 10:00 PM,0.078,#N/A,0.139,0.162,
8/27/2013 12:00 AM,0.075,#N/A,0.136,0.162,
8/27/2013 2:00 AM,0.074,#N/A,0.135,0.163,
8/27/2013 4:00 AM,0.071,#N/A,0.132,0.163,
8/27/2013 6:00 AM,0.069,#N/A,0.130,0.162,
8/27/2013 8:00 AM,0.066,#N/A,0.129,0.160,
8/27/2013 10:00 AM,0.070,#N/A,0.130,0.153,
8/27/2013 12:00 PM,0.074,#N/A,0.134,0.155,
8/27/2013 2:00 PM,0.078,#N/A,0.136,0.155,
8/27/2013 4:00 PM,0.079,#N/A,0.139,0.156,
8/27/2013 6:00 PM,0.087,#N/A,0.142,0.159,
8/27/2013 8:00 PM,0.078,#N/A,0.140,0.166,
8/27/2013 10:00 PM,0.075,#N/A,0.138,0.170,
8/28/2013 12:00 AM,0.074,#N/A,0.136,0.169,
8/28/2013 2:00 AM,0.073,#N/A,0.135,0.168,
8/28/2013 4:00 AM,0.072,#N/A,0.134,0.167,
8/28/2013 6:00 AM,0.070,#N/A,0.134,0.167,
8/28/2013 8:00 AM,0.069,#N/A,0.132,0.166,
8/28/2013 10:00 AM,0.074,#N/A,0.134,0.159,
8/28/2013 12:00 PM,0.080,#N/A,0.136,0.158,
8/28/2013 2:00 PM,0.083,#N/A,0.140,0.160,
8/28/2013 4:00 PM,0.082,#N/A,0.143,0.161,
8/28/2013 6:00 PM,0.082,#N/A,0.144,0.164,
8/28/2013 8:00 PM,0.078,#N/A,0.142,0.169,
8/28/2013 10:00 PM,0.074,#N/A,0.139,0.170,
8/29/2013 12:00 AM,0.070,#N/A,0.136,0.169,
8/29/2013 2:00 AM,0.069,#N/A,0.134,0.170,
8/29/2013 4:00 AM,0.066,#N/A,0.132,0.170,
8/29/2013 6:00 AM,0.065,#N/A,0.131,0.169,
8/29/2013 8:00 AM,0.065,#N/A,0.130,0.168,
8/29/2013 10:00 AM,0.070,#N/A,0.132,0.160,
8/29/2013 12:00 PM,0.078,#N/A,0.136,0.156,
8/29/2013 2:00 PM,0.082,#N/A,0.140,0.158,
8/29/2013 4:00 PM,0.082,#N/A,0.144,0.161,
8/29/2013 6:00 PM,0.081,#N/A,0.145,0.164,
8/29/2013 8:00 PM,0.078,#N/A,0.143,0.167,
8/29/2013 10:00 PM,0.073,#N/A,0.140,0.174,
8/30/2013 12:00 AM,0.069,#N/A,0.138,0.175,
8/30/2013 2:00 AM,0.068,#N/A,0.135,0.173,
8/30/2013 4:00 AM,0.066,#N/A,0.134,0.173,
8/30/2013 6:00 AM,0.064,#N/A,0.132,0.171,
8/30/2013 8:00 AM,0.064,#N/A,0.130,0.168,
8/30/2013 10:00 AM,0.068,#N/A,0.132,0.160,
8/30/2013 12:00 PM,0.074,#N/A,0.135,0.156,
8/30/2013 2:00 PM,0.079,#N/A,0.140,0.158,
8/30/2013 4:00 PM,0.080,#N/A,0.143,0.161,
8/30/2013 6:00 PM,0.080,#N/A,0.145,0.163,
8/30/2013 8:00 PM,0.077,#N/A,0.144,0.165,
8/30/2013 10:00 PM,0.071,#N/A,0.141,0.172,
8/31/2013 12:00 AM,0.069,#N/A,0.138,0.170,
8/31/2013 2:00 AM,0.066,#N/A,0.135,0.170,
8/31/2013 4:00 AM,0.058,#N/A,0.130,0.170,
8/31/2013 6:00 AM,0.056,#N/A,0.128,0.169,
8/31/2013 8:00 AM,0.056,#N/A,0.127,0.166,
8/31/2013 10:00 AM,0.063,#N/A,0.130,0.156,
8/31/2013 12:00 PM,0.069,#N/A,0.134,0.153,
8/31/2013 2:00 PM,0.075,#N/A,0.138,0.156,
8/31/2013 4:00 PM,0.074,#N/A,0.142,0.161,
8/31/2013 6:00 PM,0.072,#N/A,0.142,0.163,
8/31/2013 8:00 PM,0.069,#N/A,0.140,0.166,
8/31/2013 10:00 PM,0.065,#N/A,0.138,0.168,
9/1/2013 12:00 AM,0.063,#N/A,0.135,0.168,
9/1/2013 2:00 AM,0.061,#N/A,0.133,0.166,
9/1/2013 4:00 AM,0.059,#N/A,0.131,0.167,
9/1/2013 6:00 AM,0.059,#N/A,0.130,0.166,
9/1/2013 8:00 AM,0.059,#N/A,0.130,0.163,
9/1/2013 10:00 AM,0.061,#N/A,0.130,0.158,
9/1/2013 12:00 PM,0.066,#N/A,0.133,0.155,
9/1/2013 2:00 PM,0.070,#N/A,0.137,0.156,
9/1/2013 4:00 PM,0.070,#N/A,0.139,0.158,
9/1/2013 6:00 PM,0.070,#N/A,0.140,0.159,
9/1/2013 8:00 PM,0.068,#N/A,0.139,0.161,
9/1/2013 10:00 PM,0.065,#N/A,0.136,0.162,
9/2/2013 12:00 AM,0.064,#N/A,0.135,0.162,
9/2/2013 2:00 AM,0.065,#N/A,0.136,0.161,
9/2/2013 4:00 AM,0.059,#N/A,0.134,0.164,
9/2/2013 6:00 AM,0.059,#N/A,0.134,0.163,
9/2/2013 8:00 AM,0.064,#N/A,0.132,0.150,
9/2/2013 10:00 AM,0.074,#N/A,0.137,0.140,
9/2/2013 12:00 PM,0.066,#N/A,0.138,0.170,
9/2/2013 2:00 PM,0.070,#N/A,0.141,0.170,
9/2/2013 4:00 PM,0.071,#N/A,0.143,0.169,
9/2/2013 6:00 PM,0.071,#N/A,0.145,0.168,
9/2/2013 8:00 PM,0.068,#N/A,0.143,0.170,
9/2/2013 10:00 PM,0.073,#N/A,0.145,0.169,
9/3/2013 12:00 AM,0.110,#N/A,0.167,0.157,
9/3/2013 2:00 AM,0.106,#N/A,0.170,0.168,
9/3/2013 4:00 AM,0.115,#N/A,0.177,0.158,
9/3/2013 6:00 AM,0.110,#N/A,0.175,0.172,
9/3/2013 8:00 AM,0.109,#N/A,0.174,0.173,
9/3/2013 10:00 AM,0.107,#N/A,0.174,0.180,
9/3/2013 12:00 PM,0.109,#N/A,0.171,0.178,
9/3/2013 2:00 PM,0.107,#N/A,0.170,0.181,
9/3/2013 4:00 PM,0.099,#N/A,0.168,0.184,
9/3/2013 6:00 PM,0.111,#N/A,0.170,0.160,
9/3/2013 8:00 PM,0.096,#N/A,0.167,0.180,
9/3/2013 10:00 PM,0.091,#N/A,0.164,0.186,
9/4/2013 12:00 AM,0.088,#N/A,0.162,0.185,
9/4/2013 2:00 AM,0.087,#N/A,0.161,0.183,
9/4/2013 4:00 AM,0.086,#N/A,0.159,0.181,
9/4/2013 6:00 AM,0.085,#N/A,0.158,0.179,
9/4/2013 8:00 AM,0.085,#N/A,0.158,0.177,
9/4/2013 10:00 AM,0.089,#N/A,0.158,0.175,
9/4/2013 12:00 PM,0.095,#N/A,0.160,0.173,
9/4/2013 2:00 PM,0.099,#N/A,0.162,0.174,
9/4/2013 4:00 PM,0.099,#N/A,0.165,0.176,
9/4/2013 6:00 PM,0.098,#N/A,0.166,0.179,
9/4/2013 8:00 PM,0.094,#N/A,0.166,0.183,
9/4/2013 10:00 PM,0.090,#N/A,0.163,0.184,
9/5/2013 12:00 AM,0.089,#N/A,0.162,0.184,
9/5/2013 2:00 AM,0.086,#N/A,0.160,0.185,
9/5/2013 4:00 AM,0.085,#N/A,0.158,0.184,
9/5/2013 6:00 AM,0.084,#N/A,0.157,0.182,
9/5/2013 8:00 AM,0.083,#N/A,0.156,0.182,
9/5/2013 10:00 AM,0.086,#N/A,0.155,0.175,
9/5/2013 12:00 PM,0.092,#N/A,0.156,0.172,
9/5/2013 2:00 PM,0.097,#N/A,0.159,0.173,
9/5/2013 4:00 PM,0.097,#N/A,0.162,0.175,
9/5/2013 6:00 PM,0.096,#N/A,0.162,0.174,
9/5/2013 8:00 PM,0.093,#N/A,0.164,0.179,
9/5/2013 10:00 PM,0.089,#N/A,0.162,0.187,
9/6/2013 12:00 AM,0.086,#N/A,0.159,0.185,
9/6/2013 2:00 AM,0.085,#N/A,0.157,0.182,
9/6/2013 4:00 AM,0.084,#N/A,0.156,0.180,
9/6/2013 6:00 AM,0.082,#N/A,0.155,0.180,
9/6/2013 8:00 AM,0.082,#N/A,0.153,0.179,
9/6/2013 10:00 AM,0.082,#N/A,0.152,0.175,
9/6/2013 12:00 PM,0.088,#N/A,0.153,0.168,
9/6/2013 2:00 PM,0.092,#N/A,0.157,0.171,
9/6/2013 4:00 PM,0.090,#N/A,0.159,0.176,
9/6/2013 6:00 PM,0.110,#N/A,0.182,0.176,
9/6/2013 8:00 PM,0.118,#N/A,0.195,0.175,
9/6/2013 10:00 PM,0.133,#N/A,0.207,0.165,
9/7/2013 12:00 AM,0.120,#N/A,0.202,0.195,
9/7/2013 2:00 AM,0.120,#N/A,0.202,0.203,
9/7/2013 4:00 AM,0.118,#N/A,0.201,0.203,
9/7/2013 6:00 AM,0.118,#N/A,0.199,0.203,
9/7/2013 8:00 AM,0.118,#N/A,0.198,0.204,
9/7/2013 10:00 AM,0.118,#N/A,0.197,0.201,
9/7/2013 12:00 PM,0.123,#N/A,0.203,0.201,
9/7/2013 2:00 PM,0.123,#N/A,0.202,0.202,
9/7/2013 4:00 PM,0.123,#N/A,0.199,0.203,
9/7/2013 6:00 PM,0.119,#N/A,0.199,0.203,
9/7/2013 8:00 PM,0.114,#N/A,0.196,0.201,
9/7/2013 10:00 PM,0.112,#N/A,0.193,0.202,
9/8/2013 12:00 AM,0.110,#N/A,0.192,0.202,
9/8/2013 2:00 AM,0.110,#N/A,0.192,0.201,
9/8/2013 4:00 AM,0.110,#N/A,0.191,0.201,
9/8/2013 6:00 AM,0.110,#N/A,0.191,0.201,
9/8/2013 8:00 AM,0.109,#N/A,0.190,0.200,
9/8/2013 10:00 AM,0.110,#N/A,0.189,0.196,
9/8/2013 12:00 PM,0.112,#N/A,0.187,0.193,
9/8/2013 2:00 PM,0.112,#N/A,0.187,0.194,
9/8/2013 4:00 PM,0.110,#N/A,0.187,0.194,
9/8/2013 6:00 PM,0.109,#N/A,0.186,0.191,
9/8/2013 8:00 PM,0.105,#N/A,0.189,0.195,
9/8/2013 10:00 PM,0.102,#N/A,0.189,0.199,
9/9/2013 12:00 AM,0.099,#N/A,0.186,0.199,
9/9/2013 2:00 AM,0.098,#N/A,0.185,0.199,
9/9/2013 4:00 AM,0.095,#N/A,0.183,0.199,
9/9/2013 6:00 AM,0.094,#N/A,0.181,0.197,
9/9/2013 8:00 AM,0.093,#N/A,0.179,0.196,
9/9/2013 10:00 AM,0.095,#N/A,0.178,0.192,
9/9/2013 12:00 PM,0.100,#N/A,0.177,0.185,
9/9/2013 2:00 PM,0.103,#N/A,0.179,0.187,
9/9/2013 4:00 PM,0.105,#N/A,0.179,0.187,
9/9/2013 6:00 PM,0.105,#N/A,0.181,0.189,
9/9/2013 8:00 PM,0.102,#N/A,0.183,0.194,
9/9/2013 10:00 PM,0.098,#N/A,0.183,0.199,
9/10/2013 12:00 AM,0.096,#N/A,0.182,0.198,
9/10/2013 2:00 AM,0.094,#N/A,0.179,0.197,
9/10/2013 4:00 AM,0.093,#N/A,0.178,0.196,
9/10/2013 6:00 AM,0.091,#N/A,0.176,0.196,
9/10/2013 8:00 AM,0.090,#N/A,0.174,0.195,
9/10/2013 10:00 AM,0.091,#N/A,0.173,0.189,
9/10/2013 12:00 PM,0.093,#N/A,0.173,0.186,
9/10/2013 2:00 PM,0.098,#N/A,0.174,0.184,
9/10/2013 4:00 PM,0.100,#N/A,0.175,0.183,
9/10/2013 6:00 PM,0.100,#N/A,0.178,0.188,
9/10/2013 8:00 PM,0.099,#N/A,0.180,0.195,
9/10/2013 10:00 PM,0.096,#N/A,0.179,0.197,
9/11/2013 12:00 AM,0.095,#N/A,0.178,0.196,
9/11/2013 2:00 AM,0.094,#N/A,0.177,0.196,
9/11/2013 4:00 AM,0.093,#N/A,0.175,0.197,
9/11/2013 6:00 AM,0.090,#N/A,0.174,0.198,
9/11/2013 8:00 AM,0.089,#N/A,0.172,0.196,
9/11/2013 10:00 AM,0.090,#N/A,0.172,0.192,
9/11/2013 12:00 PM,0.095,#N/A,0.174,0.189,
9/11/2013 2:00 PM,0.098,#N/A,0.173,0.185,
9/11/2013 4:00 PM,0.099,#N/A,0.174,0.185,
9/11/2013 6:00 PM,0.099,#N/A,0.178,0.192,
9/11/2013 8:00 PM,0.096,#N/A,0.179,0.197,
9/11/2013 10:00 PM,0.112,#N/A,0.182,0.164,
9/12/2013 12:00 AM,0.101,#N/A,0.177,0.175,
9/12/2013 2:00 AM,0.093,#N/A,0.176,0.204,
9/12/2013 4:00 AM,0.091,#N/A,0.174,0.204,
9/12/2013 6:00 AM,0.089,#N/A,0.172,0.202,
9/12/2013 8:00 AM,0.087,#N/A,0.170,0.201,
9/12/2013 10:00 AM,0.090,#N/A,0.170,0.196,
9/12/2013 12:00 PM,0.095,#N/A,0.170,0.189,
9/12/2013 2:00 PM,0.099,#N/A,0.174,0.190,
9/12/2013 4:00 PM,0.097,#N/A,0.177,0.198,
9/12/2013 6:00 PM,0.097,#N/A,0.175,0.194,
9/12/2013 8:00 PM,0.096,#N/A,0.177,0.201,
9/12/2013 10:00 PM,0.094,#N/A,0.176,0.204,
9/13/2013 12:00 AM,0.093,#N/A,0.175,0.203,
9/13/2013 2:00 AM,0.092,#N/A,0.174,0.202,
9/13/2013 4:00 AM,0.092,#N/A,0.173,0.201,
9/13/2013 6:00 AM,0.091,#N/A,0.173,0.199,
9/13/2013 8:00 AM,0.091,#N/A,0.171,0.194,
9/13/2013 10:00 AM,0.104,#N/A,0.179,0.161,
9/13/2013 12:00 PM,0.145,#N/A,0.225,0.222,
9/13/2013 2:00 PM,0.193,#N/A,0.251,0.240,
9/13/2013 4:00 PM,0.182,#N/A,0.259,0.256,
9/13/2013 6:00 PM,0.179,#N/A,0.257,0.261,
9/13/2013 8:00 PM,0.177,#N/A,0.255,0.263,
9/13/2013 10:00 PM,0.175,#N/A,0.253,0.264,
9/14/2013 12:00 AM,0.175,#N/A,0.252,0.263,
9/14/2013 2:00 AM,0.174,#N/A,0.251,0.263,
9/14/2013 4:00 AM,0.174,#N/A,0.250,0.262,
9/14/2013 6:00 AM,0.173,#N/A,0.249,0.262,
9/14/2013 8:00 AM,0.180,#N/A,0.251,0.261,
9/14/2013 10:00 AM,0.243,#N/A,0.266,0.256,
9/14/2013 12:00 PM,0.322,#N/A,0.302,0.287,
9/14/2013 2:00 PM,0.324,#N/A,0.328,0.307,
9/14/2013 4:00 PM,0.319,#N/A,0.342,0.320,
9/14/2013 6:00 PM,0.318,#N/A,0.344,0.324,
9/14/2013 8:00 PM,0.315,#N/A,0.341,0.327,
9/14/2013 10:00 PM,0.314,#N/A,0.338,0.327,
9/15/2013 12:00 AM,0.312,#N/A,0.335,0.326,
9/15/2013 2:00 AM,0.310,#N/A,0.332,0.326,
9/15/2013 4:00 AM,0.309,#N/A,0.330,0.325,
9/15/2013 6:00 AM,0.308,-0.138,0.329,0.324,
9/15/2013 8:00 AM,0.307,0.230,0.328,0.324,
9/15/2013 10:00 AM,0.307,#N/A,0.329,0.323,
9/15/2013 12:00 PM,0.307,#N/A,0.331,0.325,
9/15/2013 2:00 PM,0.306,#N/A,0.332,0.328,
9/15/2013 4:00 PM,0.305,#N/A,0.333,0.330,
9/15/2013 6:00 PM,0.304,#N/A,0.332,0.330,
9/15/2013 8:00 PM,0.302,#N/A,0.331,0.331,
9/15/2013 10:00 PM,0.300,#N/A,0.328,0.331,
9/16/2013 12:00 AM,0.299,#N/A,0.324,0.330,
9/16/2013 2:00 AM,0.297,0.313,0.322,0.329,
9/16/2013 4:00 AM,0.296,#N/A,0.321,0.328,
9/16/2013 6:00 AM,0.295,#N/A,0.319,0.327,
9/16/2013 8:00 AM,0.294,0.262,0.318,0.327,
9/16/2013 10:00 AM,0.294,#N/A,0.318,0.326,
9/16/2013 12:00 PM,0.294,#N/A,0.320,0.326,
9/16/2013 2:00 PM,0.294,#N/A,0.323,0.329,
9/16/2013 4:00 PM,0.294,#N/A,0.326,0.330,
9/16/2013 6:00 PM,0.293,#N/A,0.328,0.331,
9/16/2013 8:00 PM,0.290,#N/A,0.327,0.332,
9/16/2013 10:00 PM,0.290,#N/A,0.323,0.331,
9/17/2013 12:00 AM,0.287,#N/A,0.320,0.329,
9/17/2013 2:00 AM,0.284,#N/A,0.317,0.327,
9/17/2013 4:00 AM,0.283,#N/A,0.316,0.326,
9/17/2013 6:00 AM,0.281,#N/A,0.314,0.325,
9/17/2013 8:00 AM,0.279,#N/A,0.312,0.324,
9/17/2013 10:00 AM,0.278,#N/A,0.311,0.323,
9/17/2013 12:00 PM,0.276,#N/A,0.312,0.322,
9/17/2013 2:00 PM,0.279,#N/A,0.316,0.325,
9/17/2013 4:00 PM,0.281,#N/A,0.319,0.328,
9/17/2013 6:00 PM,0.282,#N/A,0.320,0.329,
9/17/2013 8:00 PM,0.280,#N/A,0.319,0.329,
9/17/2013 10:00 PM,0.278,#N/A,0.316,0.329,
9/18/2013 12:00 AM,0.274,#N/A,0.312,0.327,
9/18/2013 2:00 AM,0.271,#N/A,0.310,0.325,
9/18/2013 4:00 AM,0.270,0.309,0.307,0.323,
9/18/2013 6:00 AM,0.267,0.308,0.305,0.321,
9/18/2013 8:00 AM,0.266,0.306,0.302,0.319,
9/18/2013 10:00 AM,0.263,-0.086,0.299,0.317,
9/18/2013 12:00 PM,0.262,#N/A,0.300,0.317,
9/18/2013 2:00 PM,0.265,#N/A,0.302,0.319,
9/18/2013 4:00 PM,0.268,#N/A,0.305,0.320,
9/18/2013 6:00 PM,0.268,#N/A,0.306,0.321,
9/18/2013 8:00 PM,0.267,#N/A,0.306,0.321,
9/18/2013 10:00 PM,0.266,0.309,0.303,0.320,
9/19/2013 12:00 AM,0.264,0.307,0.300,0.318,
9/19/2013 2:00 AM,0.262,0.305,0.298,0.316,
9/19/2013 4:00 AM,0.260,0.304,0.296,0.315,
9/19/2013 6:00 AM,0.258,0.302,0.293,0.313,
9/19/2013 8:00 AM,0.256,0.300,0.291,0.312,
9/19/2013 10:00 AM,0.253,0.300,0.289,0.309,
9/19/2013 12:00 PM,0.251,#N/A,0.290,0.309,
9/19/2013 2:00 PM,0.254,#N/A,0.292,0.311,
9/19/2013 4:00 PM,0.259,#N/A,0.296,0.314,
9/19/2013 6:00 PM,0.260,#N/A,0.298,0.315,
9/19/2013 8:00 PM,0.260,#N/A,0.299,0.316,
9/19/2013 10:00 PM,0.260,0.305,0.295,0.315,
9/20/2013 12:00 AM,0.257,0.302,0.292,0.313,
9/20/2013 2:00 AM,0.253,0.300,0.289,0.310,
9/20/2013 4:00 AM,0.249,0.299,0.286,0.308,
9/20/2013 6:00 AM,0.247,0.297,0.284,0.307,
9/20/2013 8:00 AM,0.245,0.296,0.283,0.305,
9/20/2013 10:00 AM,0.245,0.240,0.281,0.303,
9/20/2013 12:00 PM,0.243,#N/A,0.282,0.302,
9/20/2013 2:00 PM,0.245,#N/A,0.285,0.305,
9/20/2013 4:00 PM,0.251,#N/A,0.289,0.309,
9/20/2013 6:00 PM,0.253,#N/A,0.292,0.311,
9/20/2013 8:00 PM,0.252,#N/A,0.293,0.313,
9/20/2013 10:00 PM,0.254,#N/A,0.292,0.313,
9/21/2013 12:00 AM,0.252,-0.035,0.290,0.311,
9/21/2013 2:00 AM,0.249,0.301,0.287,0.309,
9/21/2013 4:00 AM,0.248,0.299,0.285,0.308,
9/21/2013 6:00 AM,0.246,0.299,0.283,0.307,
9/21/2013 8:00 AM,0.245,0.297,0.282,0.306,
9/21/2013 10:00 AM,0.246,#N/A,0.280,0.303,
9/21/2013 12:00 PM,0.242,#N/A,0.280,0.302,
9/21/2013 2:00 PM,0.246,#N/A,0.284,0.304,
9/21/2013 4:00 PM,0.251,#N/A,0.288,0.307,
9/21/2013 6:00 PM,0.253,#N/A,0.291,0.310,
9/21/2013 8:00 PM,0.253,#N/A,0.292,0.311,
9/21/2013 10:00 PM,0.253,#N/A,0.290,0.310,
9/22/2013 12:00 AM,0.251,#N/A,0.288,0.309,
9/22/2013 2:00 AM,0.251,#N/A,0.287,0.308,
9/22/2013 4:00 AM,0.247,#N/A,0.286,0.309,
9/22/2013 6:00 AM,0.245,#N/A,0.284,0.307,
9/22/2013 8:00 AM,0.240,#N/A,0.282,0.306,
9/22/2013 10:00 AM,0.240,#N/A,0.280,0.304,
9/22/2013 12:00 PM,0.240,#N/A,0.280,0.303,
9/22/2013 2:00 PM,0.241,#N/A,0.281,0.304,
9/22/2013 4:00 PM,0.245,#N/A,0.283,0.305,
9/22/2013 6:00 PM,0.243,#N/A,0.284,0.307,
9/22/2013 8:00 PM,0.245,#N/A,0.285,0.307,
9/22/2013 10:00 PM,0.245,#N/A,0.284,0.306,
9/23/2013 12:00 AM,0.242,#N/A,0.281,0.304,
9/23/2013 2:00 AM,0.240,-0.103,0.279,0.303,
9/23/2013 4:00 AM,0.237,0.297,0.277,0.301,
9/23/2013 6:00 AM,0.233,0.295,0.275,0.300,
9/23/2013 8:00 AM,0.234,0.293,0.273,0.299,
9/23/2013 10:00 AM,0.233,#N/A,0.271,0.296,
9/23/2013 12:00 PM,0.231,#N/A,0.271,0.296,
9/23/2013 2:00 PM,0.232,#N/A,0.274,0.298,
9/23/2013 4:00 PM,0.235,#N/A,0.277,0.300,
9/23/2013 6:00 PM,0.236,#N/A,0.279,0.301,
9/23/2013 8:00 PM,0.238,#N/A,0.281,0.303,
9/23/2013 10:00 PM,0.238,#N/A,0.279,0.302,
9/24/2013 12:00 AM,0.235,#N/A,0.276,0.300,
9/24/2013 2:00 AM,0.233,#N/A,0.274,0.299,
9/24/2013 4:00 AM,0.231,-0.295,0.272,0.298,
9/24/2013 6:00 AM,0.230,0.292,0.271,0.297,
9/24/2013 8:00 AM,0.228,0.291,0.269,0.295,
9/24/2013 10:00 AM,0.227,#N/A,0.266,0.292,
9/24/2013 12:00 PM,0.223,#N/A,0.266,0.290,
9/24/2013 2:00 PM,0.226,#N/A,0.269,0.293,
9/24/2013 4:00 PM,0.232,#N/A,0.272,0.294,
9/24/2013 6:00 PM,0.233,#N/A,0.277,0.298,
9/24/2013 8:00 PM,0.233,#N/A,0.277,0.299,
9/24/2013 10:00 PM,0.231,#N/A,0.277,0.300,
9/25/2013 12:00 AM,0.233,#N/A,0.275,0.299,
9/25/2013 2:00 AM,0.231,#N/A,0.272,0.298,
9/25/2013 4:00 AM,0.230,#N/A,0.271,0.297,
9/25/2013 6:00 AM,0.228,-0.030,0.270,0.296,
9/25/2013 8:00 AM,0.227,0.290,0.269,0.295,
9/25/2013 10:00 AM,0.225,#N/A,0.267,0.294,
9/25/2013 12:00 PM,0.225,#N/A,0.267,0.293,
9/25/2013 2:00 PM,0.223,#N/A,0.265,0.292,
9/25/2013 4:00 PM,0.222,#N/A,0.265,0.292,
9/25/2013 6:00 PM,0.223,#N/A,0.266,0.293,
9/25/2013 8:00 PM,0.225,#N/A,0.266,0.293,
9/25/2013 10:00 PM,0.224,#N/A,0.266,0.292,
9/26/2013 12:00 AM,0.224,#N/A,0.266,0.292,
9/26/2013 2:00 AM,0.223,0.288,0.265,0.291,
9/26/2013 4:00 AM,0.221,0.287,0.264,0.290,
9/26/2013 6:00 AM,0.219,0.287,0.263,0.290,
9/26/2013 8:00 AM,0.217,0.286,0.262,0.289,
9/26/2013 10:00 AM,0.215,0.093,0.261,0.287,
9/26/2013 12:00 PM,0.216,#N/A,0.260,0.286,
9/26/2013 2:00 PM,0.216,#N/A,0.261,0.287,
9/26/2013 4:00 PM,0.215,#N/A,0.261,0.287,
9/26/2013 6:00 PM,0.213,#N/A,0.261,0.287,
9/26/2013 8:00 PM,0.219,#N/A,0.263,0.289,
9/26/2013 10:00 PM,0.219,0.282,0.262,0.288,
9/27/2013 12:00 AM,0.223,0.283,0.257,0.277,
9/27/2013 2:00 AM,0.258,0.283,0.268,0.264,
9/27/2013 4:00 AM,0.251,0.283,0.265,0.266,
9/27/2013 6:00 AM,0.248,0.282,0.262,0.271,
9/27/2013 8:00 AM,0.242,0.282,0.262,0.278,
9/27/2013 10:00 AM,0.226,0.157,0.260,0.281,
9/27/2013 12:00 PM,0.220,#N/A,0.262,0.283,
9/27/2013 2:00 PM,0.220,#N/A,0.262,0.286,
9/27/2013 4:00 PM,0.223,#N/A,0.264,0.288,
9/27/2013 6:00 PM,0.223,#N/A,0.264,0.287,
9/27/2013 8:00 PM,0.222,-0.186,0.265,0.288,
9/27/2013 10:00 PM,0.221,0.287,0.263,0.287,
9/28/2013 12:00 AM,0.215,0.285,0.261,0.285,
9/28/2013 2:00 AM,0.212,0.283,0.259,0.284,
9/28/2013 4:00 AM,0.211,0.282,0.257,0.283,
9/28/2013 6:00 AM,0.208,0.281,0.256,0.282,
9/28/2013 8:00 AM,0.206,0.279,0.254,0.280,
9/28/2013 10:00 AM,0.209,0.261,0.252,0.278,
9/28/2013 12:00 PM,0.206,#N/A,0.251,0.277,
9/28/2013 2:00 PM,0.209,#N/A,0.253,0.279,
9/28/2013 4:00 PM,0.214,#N/A,0.258,0.282,
9/28/2013 6:00 PM,0.214,#N/A,0.260,0.283,
9/28/2013 8:00 PM,0.212,#N/A,0.262,0.286,
9/28/2013 10:00 PM,0.210,-0.068,0.261,0.286,
9/29/2013 12:00 AM,0.209,0.285,0.259,0.284,
9/29/2013 2:00 AM,0.207,0.284,0.257,0.283,
9/29/2013 4:00 AM,0.206,0.283,0.256,0.282,
9/29/2013 6:00 AM,0.207,0.283,0.255,0.280,
9/29/2013 8:00 AM,0.212,#N/A,0.256,0.279,
9/29/2013 10:00 AM,0.212,#N/A,0.256,0.281,
9/29/2013 12:00 PM,0.212,#N/A,0.256,0.280,
9/29/2013 2:00 PM,0.209,#N/A,0.256,0.280,
9/29/2013 4:00 PM,0.210,#N/A,0.256,0.280,
9/29/2013 6:00 PM,0.210,#N/A,0.257,0.282,
9/29/2013 8:00 PM,0.212,#N/A,0.259,0.283,
9/29/2013 10:00 PM,0.211,#N/A,0.259,0.283,
9/30/2013 12:00 AM,0.211,#N/A,0.258,0.283,
9/30/2013 2:00 AM,0.210,#N/A,0.257,0.283,
9/30/2013 4:00 AM,0.209,#N/A,0.257,0.283,
9/30/2013 6:00 AM,0.208,#N/A,0.256,0.282,
9/30/2013 8:00 AM,0.208,#N/A,0.256,0.282,
9/30/2013 10:00 AM,0.209,#N/A,0.256,0.282,
9/30/2013 12:00 PM,0.207,#N/A,0.254,0.280,
9/30/2013 2:00 PM,0.208,#N/A,0.254,0.280,
9/30/2013 4:00 PM,0.209,#N/A,0.257,0.283,
9/30/2013 6:00 PM,0.211,#N/A,0.259,0.284,
9/30/2013 8:00 PM,0.210,#N/A,0.261,0.287,
9/30/2013 10:00 PM,0.202,#N/A,0.261,0.288,
10/1/2013 12:00 AM,0.203,#N/A,0.260,0.286,
10/1/2013 2:00 AM,0.201,0.133,0.258,0.284,
10/1/2013 4:00 AM,0.198,0.283,0.256,0.283,
10/1/2013 6:00 AM,0.192,0.281,0.254,0.282,
10/1/2013 8:00 AM,0.196,0.280,0.253,0.281,
10/1/2013 10:00 AM,0.196,#N/A,0.250,0.277,
10/1/2013 12:00 PM,0.195,#N/A,0.248,0.275,
10/1/2013 2:00 PM,0.198,#N/A,0.248,0.277,
10/1/2013 4:00 PM,0.201,#N/A,0.250,0.279,
10/1/2013 6:00 PM,0.202,#N/A,0.254,0.281,
10/1/2013 8:00 PM,0.202,#N/A,0.257,0.284,
10/1/2013 10:00 PM,0.202,#N/A,0.257,0.284,
10/2/2013 12:00 AM,0.201,#N/A,0.255,0.282,
10/2/2013 2:00 AM,0.199,#N/A,0.253,0.282,
10/2/2013 4:00 AM,0.198,#N/A,0.252,0.281,
10/2/2013 6:00 AM,0.197,#N/A,0.252,0.280,
10/2/2013 8:00 AM,0.197,#N/A,0.251,0.279,
10/2/2013 10:00 AM,0.195,#N/A,0.249,0.277,
10/2/2013 12:00 PM,0.193,#N/A,0.247,0.276,
10/2/2013 2:00 PM,0.193,#N/A,0.246,0.275,
10/2/2013 4:00 PM,0.195,#N/A,0.247,0.277,
10/2/2013 6:00 PM,0.196,#N/A,0.252,0.280,
10/2/2013 8:00 PM,0.196,#N/A,0.251,0.279,
10/2/2013 10:00 PM,0.196,#N/A,0.251,0.280,
10/3/2013 12:00 AM,0.194,-0.374,0.249,0.279,
10/3/2013 2:00 AM,0.189,0.278,0.246,0.277,
10/3/2013 4:00 AM,0.188,0.277,0.245,0.276,
10/3/2013 6:00 AM,0.189,0.276,0.243,0.276,
10/3/2013 8:00 AM,0.191,0.275,0.242,0.275,
10/3/2013 10:00 AM,0.191,-0.180,0.240,0.273,
10/3/2013 12:00 PM,0.190,#N/A,0.239,0.271,
10/3/2013 2:00 PM,0.193,#N/A,0.239,0.272,
10/3/2013 4:00 PM,0.198,#N/A,0.242,0.274,
10/3/2013 6:00 PM,0.194,#N/A,0.243,0.275,
10/3/2013 8:00 PM,0.195,0.278,0.245,0.275,
10/3/2013 10:00 PM,0.194,0.276,0.243,0.274,
10/4/2013 12:00 AM,0.191,0.275,0.241,0.273,
10/4/2013 2:00 AM,0.190,0.274,0.240,0.273,
10/4/2013 4:00 AM,0.188,0.272,0.239,0.272,
10/4/2013 6:00 AM,0.185,0.271,0.239,0.271,
10/4/2013 8:00 AM,0.183,0.271,0.237,0.271,
10/4/2013 10:00 AM,0.183,0.271,0.236,0.270,
10/4/2013 12:00 PM,0.184,#N/A,0.235,0.267,
10/4/2013 2:00 PM,0.185,#N/A,0.236,0.268,
10/4/2013 4:00 PM,0.186,#N/A,0.237,0.270,
10/4/2013 6:00 PM,0.186,#N/A,0.238,0.270,
10/4/2013 8:00 PM,0.187,-0.165,0.243,0.273,
10/4/2013 10:00 PM,0.180,0.273,0.241,0.273,
10/5/2013 12:00 AM,0.180,0.271,0.240,0.271,
10/5/2013 2:00 AM,0.178,0.270,0.237,0.270,
10/5/2013 4:00 AM,0.174,0.268,0.235,0.269,
10/5/2013 6:00 AM,0.172,0.267,0.233,0.267,
10/5/2013 8:00 AM,0.170,0.266,0.232,0.266,
10/5/2013 10:00 AM,0.173,0.265,0.230,0.263,
10/5/2013 12:00 PM,0.173,#N/A,0.227,0.261,
10/5/2013 2:00 PM,0.175,#N/A,0.226,0.262,
10/5/2013 4:00 PM,0.177,#N/A,0.228,0.265,
10/5/2013 6:00 PM,0.178,#N/A,0.232,0.266,
10/5/2013 8:00 PM,0.178,-0.167,0.239,0.271,
10/5/2013 10:00 PM,0.177,0.272,0.239,0.271,
10/6/2013 12:00 AM,0.177,0.271,0.237,0.270,
10/6/2013 2:00 AM,0.175,0.269,0.235,0.269,
10/6/2013 4:00 AM,0.174,0.267,0.234,0.268,
10/6/2013 6:00 AM,0.173,0.266,0.233,0.266,
10/6/2013 8:00 AM,0.170,0.265,0.230,0.265,
10/6/2013 10:00 AM,0.172,0.264,0.228,0.262,
10/6/2013 12:00 PM,0.172,#N/A,0.225,0.259,
10/6/2013 2:00 PM,0.175,#N/A,0.225,0.261,
10/6/2013 4:00 PM,0.177,#N/A,0.227,0.263,
10/6/2013 6:00 PM,0.178,#N/A,0.230,0.264,
10/6/2013 8:00 PM,0.179,-0.183,0.238,0.270,
10/6/2013 10:00 PM,0.179,0.271,0.239,0.271,
10/7/2013 12:00 AM,0.177,0.269,0.236,0.270,
10/7/2013 2:00 AM,0.175,0.268,0.234,0.268,
10/7/2013 4:00 AM,0.174,0.266,0.233,0.266,
10/7/2013 6:00 AM,0.174,0.265,0.232,0.266,
10/7/2013 8:00 AM,0.174,0.264,0.231,0.264,
10/7/2013 10:00 AM,0.173,0.264,0.227,0.261,
10/7/2013 12:00 PM,0.173,#N/A,0.224,0.258,
10/7/2013 2:00 PM,0.177,#N/A,0.225,0.260,
10/7/2013 4:00 PM,0.179,#N/A,0.230,0.264,
10/7/2013 6:00 PM,0.180,#N/A,0.234,0.267,
10/7/2013 8:00 PM,0.179,#N/A,0.235,0.269,
10/7/2013 10:00 PM,0.177,0.124,0.235,0.269,
10/8/2013 12:00 AM,0.177,0.269,0.234,0.268,
10/8/2013 2:00 AM,0.176,0.267,0.233,0.266,
10/8/2013 4:00 AM,0.175,0.266,0.231,0.266,
10/8/2013 6:00 AM,0.175,0.266,0.231,0.265,
10/8/2013 8:00 AM,0.173,0.265,0.230,0.265,
10/8/2013 10:00 AM,0.173,0.243,0.227,0.262,
10/8/2013 12:00 PM,0.173,#N/A,0.225,0.261,
10/8/2013 2:00 PM,0.175,#N/A,0.225,0.261,
10/8/2013 4:00 PM,0.178,#N/A,0.227,0.264,
10/8/2013 6:00 PM,0.178,#N/A,0.227,0.264,
10/8/2013 8:00 PM,0.178,-0.095,0.234,0.269,
10/8/2013 10:00 PM,0.177,0.267,0.233,0.268,
10/9/2013 12:00 AM,0.175,0.266,0.231,0.266,
10/9/2013 2:00 AM,0.174,0.265,0.230,0.265,
10/9/2013 4:00 AM,0.173,0.264,0.229,0.264,
10/9/2013 6:00 AM,0.172,0.263,0.228,0.263,
10/9/2013 8:00 AM,0.172,0.262,0.228,0.262,
10/9/2013 10:00 AM,0.170,0.262,0.225,0.261,
10/9/2013 12:00 PM,0.169,-0.070,0.223,0.258,
10/9/2013 2:00 PM,0.171,#N/A,0.223,0.259,
10/9/2013 4:00 PM,0.173,#N/A,0.225,0.260,
10/9/2013 6:00 PM,0.173,#N/A,0.230,0.263,
10/9/2013 8:00 PM,0.172,#N/A,0.230,0.263,
10/9/2013 10:00 PM,0.172,#N/A,0.229,0.263,
10/10/2013 12:00 AM,0.172,-0.102,0.230,0.264,
10/10/2013 2:00 AM,0.172,0.264,0.228,0.262,
10/10/2013 4:00 AM,0.171,0.263,0.228,0.261,
10/10/2013 6:00 AM,0.171,0.263,0.228,0.261,
10/10/2013 8:00 AM,0.181,0.259,0.225,0.247,
10/10/2013 10:00 AM,0.214,0.257,0.233,0.223,
10/10/2013 12:00 PM,0.221,0.261,0.242,0.241,
10/10/2013 2:00 PM,0.261,0.281,0.279,0.307,
10/10/2013 4:00 PM,0.271,0.291,0.291,0.328,
10/10/2013 6:00 PM,0.267,0.291,0.290,0.324,
10/10/2013 8:00 PM,0.260,0.293,0.287,0.327,
10/10/2013 10:00 PM,0.251,0.293,0.285,0.330,
10/11/2013 12:00 AM,0.248,0.292,0.286,0.331,
10/11/2013 2:00 AM,0.247,0.292,0.286,0.330,
10/11/2013 4:00 AM,0.247,0.291,0.285,0.329,
10/11/2013 6:00 AM,0.247,0.290,0.284,0.328,
10/11/2013 8:00 AM,0.246,0.289,0.283,0.327,
10/11/2013 10:00 AM,0.245,0.144,0.283,0.326,
10/11/2013 12:00 PM,0.242,#N/A,0.282,0.327,
10/11/2013 2:00 PM,0.242,#N/A,0.283,0.329,
10/11/2013 4:00 PM,0.242,#N/A,0.283,0.330,
10/11/2013 6:00 PM,0.241,#N/A,0.281,0.330,
10/11/2013 8:00 PM,0.240,0.052,0.279,0.329,
10/11/2013 10:00 PM,0.239,0.290,0.277,0.327,
10/12/2013 12:00 AM,0.237,0.289,0.275,0.325,
10/12/2013 2:00 AM,0.236,0.288,0.273,0.323,
10/12/2013 4:00 AM,0.235,0.287,0.272,0.322,
10/12/2013 6:00 AM,0.235,0.286,0.272,0.322,
10/12/2013 8:00 AM,0.234,0.286,0.271,0.321,
10/12/2013 10:00 AM,0.233,0.286,0.271,0.320,
10/12/2013 12:00 PM,0.232,#N/A,0.271,0.321,
10/12/2013 2:00 PM,0.231,#N/A,0.272,0.323,
10/12/2013 4:00 PM,0.231,#N/A,0.274,0.325,
10/12/2013 6:00 PM,0.230,#N/A,0.275,0.325,
10/12/2013 8:00 PM,0.229,#N/A,0.274,0.324,
10/12/2013 10:00 PM,0.228,0.290,0.272,0.323,
10/13/2013 12:00 AM,0.227,0.289,0.271,0.322,
10/13/2013 2:00 AM,0.228,0.288,0.269,0.321,
10/13/2013 4:00 AM,0.227,0.287,0.268,0.319,
10/13/2013 6:00 AM,0.226,0.287,0.268,0.319,
10/13/2013 8:00 AM,0.226,0.286,0.267,0.319,
10/13/2013 10:00 AM,0.225,0.286,0.266,0.318,
10/13/2013 12:00 PM,0.247,0.283,0.266,0.308,
10/13/2013 2:00 PM,0.261,0.288,0.281,0.315,
10/13/2013 4:00 PM,0.272,0.293,0.292,0.332,
10/13/2013 6:00 PM,0.264,0.295,0.292,0.338,
10/13/2013 8:00 PM,0.261,0.295,0.293,0.337,
10/13/2013 10:00 PM,0.259,0.295,0.294,0.337,
10/14/2013 12:00 AM,0.258,0.295,0.294,0.336,
10/14/2013 2:00 AM,0.257,0.295,0.295,0.337,
10/14/2013 4:00 AM,0.260,0.294,0.295,0.335,
10/14/2013 6:00 AM,0.267,0.292,0.295,0.331,
10/14/2013 8:00 AM,0.263,0.293,0.297,0.335,
10/14/2013 10:00 AM,0.261,0.294,0.298,0.337,
10/14/2013 12:00 PM,0.260,#N/A,0.299,0.338,
10/14/2013 2:00 PM,0.259,#N/A,0.300,0.338,
10/14/2013 4:00 PM,0.259,#N/A,0.300,0.339,
10/14/2013 6:00 PM,0.260,#N/A,0.300,0.339,
10/14/2013 8:00 PM,0.258,0.164,0.298,0.337,
10/14/2013 10:00 PM,0.256,0.294,0.295,0.335,
10/15/2013 12:00 AM,0.255,0.292,0.293,0.333,
10/15/2013 2:00 AM,0.253,0.291,0.291,0.332,
10/15/2013 4:00 AM,0.251,0.290,0.290,0.331,
10/15/2013 6:00 AM,0.251,0.289,0.289,0.329,
10/15/2013 8:00 AM,0.250,0.289,0.288,0.328,
10/15/2013 10:00 AM,0.250,0.288,0.287,0.328,
10/15/2013 12:00 PM,0.248,0.262,0.288,0.328,
10/15/2013 2:00 PM,0.248,#N/A,0.290,0.329,
10/15/2013 4:00 PM,0.248,#N/A,0.291,0.330,
10/15/2013 6:00 PM,0.247,#N/A,0.291,0.330,
10/15/2013 8:00 PM,0.246,0.070,0.290,0.329,
10/15/2013 10:00 PM,0.245,0.291,0.288,0.328,
10/16/2013 12:00 AM,0.243,0.290,0.286,0.327,
10/16/2013 2:00 AM,0.241,0.288,0.283,0.325,
10/16/2013 4:00 AM,0.240,0.287,0.282,0.323,
10/16/2013 6:00 AM,0.236,0.286,0.280,0.322,
10/16/2013 8:00 AM,0.233,0.285,0.278,0.321,
10/16/2013 10:00 AM,0.233,0.284,0.277,0.320,
10/16/2013 12:00 PM,0.233,0.073,0.277,0.321,
10/16/2013 2:00 PM,0.235,#N/A,0.281,0.323,
10/16/2013 4:00 PM,0.237,#N/A,0.284,0.324,
10/16/2013 6:00 PM,0.237,#N/A,0.286,0.324,
10/16/2013 8:00 PM,0.237,0.193,0.285,0.324,
10/16/2013 10:00 PM,0.235,0.290,0.283,0.322,
10/17/2013 12:00 AM,0.232,0.288,0.281,0.321,
10/17/2013 2:00 AM,0.230,0.286,0.279,0.319,
10/17/2013 4:00 AM,0.229,0.285,0.277,0.318,
10/17/2013 6:00 AM,0.226,0.284,0.276,0.317,
10/17/2013 8:00 AM,0.225,0.283,0.275,0.316,
10/17/2013 10:00 AM,0.226,0.283,0.274,0.316,
10/17/2013 12:00 PM,0.225,#N/A,0.274,0.316,
10/17/2013 2:00 PM,0.226,#N/A,0.277,0.318,
10/17/2013 4:00 PM,0.228,#N/A,0.280,0.320,
10/17/2013 6:00 PM,0.229,#N/A,0.282,0.321,
10/17/2013 8:00 PM,0.230,0.084,0.283,0.321,
10/17/2013 10:00 PM,0.229,0.289,0.280,0.319,
10/18/2013 12:00 AM,0.226,0.288,0.278,0.318,
10/18/2013 2:00 AM,0.225,0.286,0.276,0.317,
10/18/2013 4:00 AM,0.223,0.284,0.274,0.315,
10/18/2013 6:00 AM,0.223,0.283,0.273,0.314,
10/18/2013 8:00 AM,0.221,0.282,0.271,0.313,
10/18/2013 10:00 AM,0.221,0.282,0.271,0.312,
10/18/2013 12:00 PM,0.218,0.075,0.270,0.312,
10/18/2013 2:00 PM,0.219,#N/A,0.272,0.314,
10/18/2013 4:00 PM,0.221,#N/A,0.275,0.317,
10/18/2013 6:00 PM,0.223,#N/A,0.277,0.317,
10/18/2013 8:00 PM,0.225,0.105,0.278,0.318,
10/18/2013 10:00 PM,0.221,0.288,0.276,0.316,
10/19/2013 12:00 AM,0.222,0.286,0.274,0.314,
10/19/2013 2:00 AM,0.220,0.284,0.272,0.313,
10/19/2013 4:00 AM,0.219,0.283,0.271,0.312,
10/19/2013 6:00 AM,0.216,0.282,0.270,0.310,
10/19/2013 8:00 AM,0.212,0.281,0.268,0.310,
10/19/2013 10:00 AM,0.214,0.280,0.267,0.309,
10/19/2013 12:00 PM,0.212,#N/A,0.266,0.308,
10/19/2013 2:00 PM,0.214,#N/A,0.269,0.311,
10/19/2013 4:00 PM,0.216,#N/A,0.272,0.314,
10/19/2013 6:00 PM,0.218,#N/A,0.274,0.314,
10/19/2013 8:00 PM,0.220,0.132,0.276,0.315,
10/19/2013 10:00 PM,0.219,0.287,0.274,0.314,
10/20/2013 12:00 AM,0.218,0.286,0.272,0.312,
10/20/2013 2:00 AM,0.216,0.284,0.271,0.311,
10/20/2013 4:00 AM,0.215,0.283,0.269,0.310,
10/20/2013 6:00 AM,0.214,0.283,0.268,0.309,
10/20/2013 8:00 AM,0.213,0.282,0.267,0.308,
10/20/2013 10:00 AM,0.212,0.281,0.266,0.307,
10/20/2013 12:00 PM,0.211,0.049,0.266,0.307,
10/20/2013 2:00 PM,0.212,#N/A,0.266,0.308,
10/20/2013 4:00 PM,0.213,#N/A,0.269,0.311,
10/20/2013 6:00 PM,0.215,#N/A,0.271,0.311,
10/20/2013 8:00 PM,0.217,0.125,0.274,0.313,
10/20/2013 10:00 PM,0.217,0.287,0.272,0.311,
10/21/2013 12:00 AM,0.216,0.285,0.270,0.309,
10/21/2013 2:00 AM,0.214,0.283,0.269,0.308,
10/21/2013 4:00 AM,0.212,0.283,0.267,0.307,
10/21/2013 6:00 AM,0.212,0.281,0.266,0.306,
10/21/2013 8:00 AM,0.210,0.280,0.265,0.305,
10/21/2013 10:00 AM,0.209,0.280,0.263,0.304,
10/21/2013 12:00 PM,0.206,#N/A,0.262,0.303,
10/21/2013 2:00 PM,0.209,#N/A,0.264,0.306,
10/21/2013 4:00 PM,0.211,#N/A,0.266,0.309,
10/21/2013 6:00 PM,0.213,#N/A,0.269,0.309,
10/21/2013 8:00 PM,0.215,0.131,0.271,0.311,
10/21/2013 10:00 PM,0.213,0.286,0.270,0.309,
10/22/2013 12:00 AM,0.212,0.284,0.268,0.307,
10/22/2013 2:00 AM,0.211,0.283,0.266,0.306,
10/22/2013 4:00 AM,0.211,0.282,0.265,0.305,
10/22/2013 6:00 AM,0.209,0.280,0.264,0.304,
10/22/2013 8:00 AM,0.208,0.279,0.263,0.303,
10/22/2013 10:00 AM,0.207,0.279,0.261,0.302,
10/22/2013 12:00 PM,0.198,-0.067,0.259,0.300,
10/22/2013 2:00 PM,0.197,#N/A,0.261,0.304,
10/22/2013 4:00 PM,0.199,#N/A,0.263,0.308,
10/22/2013 6:00 PM,0.205,#N/A,0.266,0.310,
10/22/2013 8:00 PM,0.206,0.130,0.269,0.311,
10/22/2013 10:00 PM,0.202,0.286,0.267,0.308,
10/23/2013 12:00 AM,0.200,0.284,0.265,0.306,
10/23/2013 2:00 AM,0.197,0.282,0.263,0.304,
10/23/2013 4:00 AM,0.196,0.281,0.262,0.302,
10/23/2013 6:00 AM,0.195,0.279,0.261,0.301,
10/23/2013 8:00 AM,0.193,0.278,0.260,0.300,
10/23/2013 10:00 AM,0.197,0.278,0.258,0.299,
10/23/2013 12:00 PM,0.195,0.065,0.256,0.297,
10/23/2013 2:00 PM,0.195,#N/A,0.258,0.301,
10/23/2013 4:00 PM,0.197,#N/A,0.260,0.305,
