H1M2_2,Port 1,Port 2,Port 3,Port 4,Port 5
1073 records,10HS Soil Moisture,10HS Soil Moisture,10HS Soil Moisture,10HS Soil Moisture,
Measurement Time,m³/m³ VWC,m³/m³ VWC,m³/m³ VWC,m³/m³ VWC,None
3/19/2014 10:00 PM,#N/A,#N/A,#N/A,#N/A,
3/20/2014 12:00 AM,#N/A,#N/A,#N/A,#N/A,
3/20/2014 2:00 AM,#N/A,#N/A,#N/A,#N/A,
3/20/2014 4:00 AM,#N/A,#N/A,#N/A,#N/A,
3/20/2014 6:00 AM,#N/A,#N/A,#N/A,#N/A,
3/20/2014 8:00 AM,#N/A,#N/A,#N/A,#N/A,
3/20/2014 10:00 AM,0.123,0.078,0.096,0.102,
3/20/2014 12:00 PM,0.326,0.280,0.295,0.301,
3/20/2014 2:00 PM,0.330,0.282,0.297,0.304,
3/20/2014 4:00 PM,0.334,0.285,0.299,0.306,
3/20/2014 6:00 PM,0.336,0.286,0.301,0.307,
3/20/2014 8:00 PM,0.334,0.286,0.302,0.308,
3/20/2014 10:00 PM,0.330,0.284,0.300,0.307,
3/21/2014 12:00 AM,0.327,0.283,0.299,0.305,
3/21/2014 2:00 AM,0.326,0.283,0.298,0.304,
3/21/2014 4:00 AM,0.323,0.282,0.297,0.303,
3/21/2014 6:00 AM,0.322,0.280,0.295,0.302,
3/21/2014 8:00 AM,0.320,0.279,0.295,0.301,
3/21/2014 10:00 AM,0.321,0.279,0.294,0.300,
3/21/2014 12:00 PM,0.323,0.278,0.294,0.300,
3/21/2014 2:00 PM,0.328,0.280,0.295,0.302,
3/21/2014 4:00 PM,0.332,0.283,0.298,0.304,
3/21/2014 6:00 PM,0.333,0.283,0.300,0.305,
3/21/2014 8:00 PM,0.331,0.283,0.300,0.305,
3/21/2014 10:00 PM,0.329,0.282,0.299,0.304,
3/22/2014 12:00 AM,0.328,0.281,0.298,0.303,
3/22/2014 2:00 AM,0.326,0.281,0.297,0.302,
3/22/2014 4:00 AM,0.324,0.280,0.296,0.302,
3/22/2014 6:00 AM,0.323,0.279,0.295,0.301,
3/22/2014 8:00 AM,0.321,0.278,0.294,0.300,
3/22/2014 10:00 AM,0.321,0.277,0.293,0.299,
3/22/2014 12:00 PM,0.324,0.277,0.294,0.300,
3/22/2014 2:00 PM,0.328,0.279,0.295,0.301,
3/22/2014 4:00 PM,0.332,0.282,0.298,0.303,
3/22/2014 6:00 PM,0.334,0.283,0.299,0.304,
3/22/2014 8:00 PM,0.331,0.282,0.300,0.304,
3/22/2014 10:00 PM,0.327,0.281,0.298,0.303,
3/23/2014 12:00 AM,0.323,0.280,0.296,0.301,
3/23/2014 2:00 AM,0.321,0.278,0.294,0.300,
3/23/2014 4:00 AM,0.319,0.277,0.293,0.299,
3/23/2014 6:00 AM,0.317,0.276,0.291,0.298,
3/23/2014 8:00 AM,0.316,0.276,0.290,0.297,
3/23/2014 10:00 AM,0.316,0.275,0.290,0.296,
3/23/2014 12:00 PM,0.320,0.275,0.291,0.297,
3/23/2014 2:00 PM,0.327,0.277,0.292,0.299,
3/23/2014 4:00 PM,0.330,0.280,0.296,0.301,
3/23/2014 6:00 PM,0.332,0.282,0.298,0.303,
3/23/2014 8:00 PM,0.330,0.281,0.299,0.303,
3/23/2014 10:00 PM,0.326,0.280,0.297,0.302,
3/24/2014 12:00 AM,0.322,0.279,0.295,0.300,
3/24/2014 2:00 AM,0.321,0.277,0.294,0.299,
3/24/2014 4:00 AM,0.319,0.277,0.292,0.298,
3/24/2014 6:00 AM,0.318,0.276,0.291,0.297,
3/24/2014 8:00 AM,0.316,0.275,0.290,0.297,
3/24/2014 10:00 AM,0.317,0.274,0.290,0.295,
3/24/2014 12:00 PM,0.321,0.274,0.291,0.297,
3/24/2014 2:00 PM,0.327,0.277,0.292,0.299,
3/24/2014 4:00 PM,0.331,0.280,0.296,0.301,
3/24/2014 6:00 PM,0.333,0.282,0.298,0.302,
3/24/2014 8:00 PM,0.330,0.281,0.299,0.303,
3/24/2014 10:00 PM,0.326,0.280,0.298,0.302,
3/25/2014 12:00 AM,0.323,0.278,0.296,0.301,
3/25/2014 2:00 AM,0.320,0.277,0.294,0.299,
3/25/2014 4:00 AM,0.318,0.276,0.292,0.298,
3/25/2014 6:00 AM,0.316,0.275,0.291,0.297,
3/25/2014 8:00 AM,0.315,0.274,0.290,0.296,
3/25/2014 10:00 AM,0.316,0.273,0.290,0.295,
3/25/2014 12:00 PM,0.321,0.273,0.290,0.296,
3/25/2014 2:00 PM,0.327,0.276,0.292,0.298,
3/25/2014 4:00 PM,0.331,0.280,0.295,0.301,
3/25/2014 6:00 PM,0.333,0.281,0.298,0.303,
3/25/2014 8:00 PM,0.330,0.281,0.299,0.303,
3/25/2014 10:00 PM,0.327,0.279,0.298,0.302,
3/26/2014 12:00 AM,0.324,0.278,0.296,0.301,
3/26/2014 2:00 AM,0.324,0.277,0.295,0.300,
3/26/2014 4:00 AM,0.323,0.277,0.294,0.300,
3/26/2014 6:00 AM,0.321,0.276,0.293,0.299,
3/26/2014 8:00 AM,0.321,0.276,0.293,0.299,
3/26/2014 10:00 AM,0.321,0.276,0.294,0.298,
3/26/2014 12:00 PM,0.321,0.276,0.294,0.298,
3/26/2014 2:00 PM,0.321,0.275,0.293,0.298,
3/26/2014 4:00 PM,0.323,0.276,0.294,0.299,
3/26/2014 6:00 PM,0.326,0.277,0.295,0.299,
3/26/2014 8:00 PM,0.324,0.277,0.296,0.299,
3/26/2014 10:00 PM,0.321,0.277,0.295,0.299,
3/27/2014 12:00 AM,0.318,0.275,0.293,0.298,
3/27/2014 2:00 AM,0.316,0.274,0.292,0.296,
3/27/2014 4:00 AM,0.315,0.273,0.291,0.296,
3/27/2014 6:00 AM,0.315,0.272,0.291,0.295,
3/27/2014 8:00 AM,0.315,0.272,0.291,0.295,
3/27/2014 10:00 AM,0.316,0.272,0.291,0.295,
3/27/2014 12:00 PM,0.319,0.272,0.291,0.295,
3/27/2014 2:00 PM,0.320,0.273,0.292,0.295,
3/27/2014 4:00 PM,0.322,0.274,0.292,0.296,
3/27/2014 6:00 PM,0.324,0.275,0.294,0.296,
3/27/2014 8:00 PM,0.322,0.274,0.295,0.296,
3/27/2014 10:00 PM,0.319,0.273,0.293,0.295,
3/28/2014 12:00 AM,0.316,0.272,0.292,0.294,
3/28/2014 2:00 AM,0.315,0.271,0.290,0.293,
3/28/2014 4:00 AM,0.313,0.270,0.290,0.292,
3/28/2014 6:00 AM,0.313,0.270,0.289,0.291,
3/28/2014 8:00 AM,0.312,0.269,0.288,0.291,
3/28/2014 10:00 AM,0.313,0.268,0.288,0.290,
3/28/2014 12:00 PM,0.318,0.268,0.288,0.291,
3/28/2014 2:00 PM,0.323,0.271,0.290,0.293,
3/28/2014 4:00 PM,0.328,0.274,0.293,0.295,
3/28/2014 6:00 PM,0.329,0.276,0.295,0.296,
3/28/2014 8:00 PM,0.326,0.275,0.296,0.296,
3/28/2014 10:00 PM,0.322,0.274,0.294,0.296,
3/29/2014 12:00 AM,0.319,0.272,0.293,0.294,
3/29/2014 2:00 AM,0.318,0.271,0.291,0.293,
3/29/2014 4:00 AM,0.318,0.271,0.291,0.292,
3/29/2014 6:00 AM,0.319,0.271,0.291,0.292,
3/29/2014 8:00 AM,0.319,0.271,0.290,0.292,
3/29/2014 10:00 AM,0.319,0.270,0.290,0.291,
3/29/2014 12:00 PM,0.325,0.271,0.287,0.293,
3/29/2014 2:00 PM,0.328,0.272,0.287,0.293,
3/29/2014 4:00 PM,0.330,0.274,0.289,0.295,
3/29/2014 6:00 PM,0.330,0.275,0.290,0.295,
3/29/2014 8:00 PM,0.329,0.275,0.290,0.295,
3/29/2014 10:00 PM,0.326,0.274,0.289,0.295,
3/30/2014 12:00 AM,0.324,0.273,0.288,0.294,
3/30/2014 2:00 AM,0.323,0.272,0.287,0.293,
3/30/2014 4:00 AM,0.321,0.272,0.286,0.293,
3/30/2014 6:00 AM,0.319,0.271,0.286,0.292,
3/30/2014 8:00 AM,0.318,0.271,0.285,0.291,
3/30/2014 10:00 AM,0.311,0.260,0.292,0.287,
3/30/2014 12:00 PM,0.310,0.249,0.301,0.292,
3/30/2014 2:00 PM,0.312,0.248,0.307,0.290,
3/30/2014 4:00 PM,0.331,0.283,0.314,0.323,
3/30/2014 6:00 PM,0.341,0.290,0.322,0.356,
3/30/2014 8:00 PM,0.341,0.290,0.321,0.347,
3/30/2014 10:00 PM,0.339,0.289,0.319,0.341,
3/31/2014 12:00 AM,0.338,0.287,0.317,0.337,
3/31/2014 2:00 AM,0.337,0.286,0.315,0.335,
3/31/2014 4:00 AM,0.337,0.286,0.314,0.333,
3/31/2014 6:00 AM,0.336,0.285,0.311,0.332,
3/31/2014 8:00 AM,0.333,0.283,0.308,0.330,
3/31/2014 10:00 AM,0.335,0.282,0.309,0.331,
3/31/2014 12:00 PM,0.340,0.284,0.311,0.332,
3/31/2014 2:00 PM,0.346,0.287,0.313,0.333,
3/31/2014 4:00 PM,0.348,0.288,0.316,0.334,
3/31/2014 6:00 PM,0.346,0.287,0.315,0.333,
3/31/2014 8:00 PM,0.344,0.286,0.314,0.332,
3/31/2014 10:00 PM,0.342,0.284,0.312,0.330,
4/1/2014 12:00 AM,0.341,0.283,0.310,0.329,
4/1/2014 2:00 AM,0.339,0.282,0.309,0.328,
4/1/2014 4:00 AM,0.338,0.281,0.308,0.328,
4/1/2014 6:00 AM,0.338,0.281,0.308,0.327,
4/1/2014 8:00 AM,0.337,0.281,0.308,0.327,
4/1/2014 10:00 AM,0.336,0.280,0.308,0.324,
4/1/2014 12:00 PM,0.335,0.272,0.320,0.329,
4/1/2014 2:00 PM,0.362,0.280,0.351,0.355,
4/1/2014 4:00 PM,0.377,0.304,0.350,0.389,
4/1/2014 6:00 PM,0.376,0.310,0.344,0.384,
4/1/2014 8:00 PM,0.373,0.311,0.341,0.379,
4/1/2014 10:00 PM,0.368,0.311,0.337,0.374,
4/2/2014 12:00 AM,0.365,0.310,0.335,0.371,
4/2/2014 2:00 AM,0.364,0.310,0.333,0.369,
4/2/2014 4:00 AM,0.362,0.309,0.330,0.367,
4/2/2014 6:00 AM,0.359,0.307,0.327,0.365,
4/2/2014 8:00 AM,0.355,0.304,0.325,0.364,
4/2/2014 10:00 AM,0.355,0.302,0.325,0.365,
4/2/2014 12:00 PM,0.361,0.309,0.328,0.367,
4/2/2014 2:00 PM,0.367,0.311,0.330,0.368,
4/2/2014 4:00 PM,0.369,0.312,0.332,0.369,
4/2/2014 6:00 PM,0.367,0.310,0.331,0.368,
4/2/2014 8:00 PM,0.364,0.308,0.330,0.366,
4/2/2014 10:00 PM,0.360,0.306,0.327,0.364,
4/3/2014 12:00 AM,0.358,0.305,0.326,0.362,
4/3/2014 2:00 AM,0.356,0.303,0.324,0.361,
4/3/2014 4:00 AM,0.355,0.302,0.323,0.360,
4/3/2014 6:00 AM,0.353,0.302,0.322,0.359,
4/3/2014 8:00 AM,0.351,0.300,0.321,0.358,
4/3/2014 10:00 AM,0.353,0.300,0.322,0.359,
4/3/2014 12:00 PM,0.358,0.302,0.323,0.361,
4/3/2014 2:00 PM,0.360,0.304,0.324,0.362,
4/3/2014 4:00 PM,0.362,0.305,0.326,0.363,
4/3/2014 6:00 PM,0.364,0.305,0.327,0.362,
4/3/2014 8:00 PM,0.361,0.303,0.325,0.360,
4/3/2014 10:00 PM,0.356,0.301,0.322,0.357,
4/4/2014 12:00 AM,0.354,0.299,0.320,0.355,
4/4/2014 2:00 AM,0.352,0.298,0.319,0.353,
4/4/2014 4:00 AM,0.350,0.297,0.318,0.352,
4/4/2014 6:00 AM,0.349,0.296,0.317,0.351,
4/4/2014 8:00 AM,0.348,0.295,0.316,0.350,
4/4/2014 10:00 AM,0.348,0.294,0.317,0.352,
4/4/2014 12:00 PM,0.354,0.296,0.318,0.354,
4/4/2014 2:00 PM,0.359,0.299,0.320,0.355,
4/4/2014 4:00 PM,0.362,0.302,0.322,0.356,
4/4/2014 6:00 PM,0.361,0.301,0.322,0.355,
4/4/2014 8:00 PM,0.358,0.299,0.320,0.353,
4/4/2014 10:00 PM,0.354,0.298,0.318,0.350,
4/5/2014 12:00 AM,0.351,0.296,0.316,0.348,
4/5/2014 2:00 AM,0.350,0.295,0.315,0.347,
4/5/2014 4:00 AM,0.348,0.293,0.314,0.346,
4/5/2014 6:00 AM,0.347,0.293,0.314,0.346,
4/5/2014 8:00 AM,0.347,0.292,0.313,0.346,
4/5/2014 10:00 AM,0.346,0.290,0.314,0.344,
4/5/2014 12:00 PM,0.345,0.285,0.319,0.343,
4/5/2014 2:00 PM,0.355,0.294,0.319,0.350,
4/5/2014 4:00 PM,0.357,0.298,0.321,0.353,
4/5/2014 6:00 PM,0.356,0.296,0.322,0.353,
4/5/2014 8:00 PM,0.354,0.295,0.322,0.351,
4/5/2014 10:00 PM,0.351,0.295,0.319,0.350,
4/6/2014 12:00 AM,0.348,0.293,0.317,0.347,
4/6/2014 2:00 AM,0.347,0.291,0.316,0.346,
4/6/2014 4:00 AM,0.346,0.290,0.315,0.346,
4/6/2014 6:00 AM,0.345,0.290,0.314,0.344,
4/6/2014 8:00 AM,0.344,0.290,0.314,0.344,
4/6/2014 10:00 AM,0.345,0.290,0.314,0.345,
4/6/2014 12:00 PM,0.348,0.290,0.314,0.346,
4/6/2014 2:00 PM,0.352,0.293,0.315,0.348,
4/6/2014 4:00 PM,0.354,0.294,0.317,0.348,
4/6/2014 6:00 PM,0.355,0.295,0.317,0.348,
4/6/2014 8:00 PM,0.354,0.294,0.317,0.348,
4/6/2014 10:00 PM,0.352,0.293,0.315,0.346,
4/7/2014 12:00 AM,0.349,0.292,0.313,0.344,
4/7/2014 2:00 AM,0.347,0.291,0.312,0.343,
4/7/2014 4:00 AM,0.346,0.290,0.311,0.342,
4/7/2014 6:00 AM,0.344,0.289,0.310,0.341,
4/7/2014 8:00 AM,0.343,0.288,0.309,0.339,
4/7/2014 10:00 AM,0.344,0.288,0.309,0.342,
4/7/2014 12:00 PM,0.348,0.289,0.310,0.343,
4/7/2014 2:00 PM,0.355,0.293,0.312,0.345,
4/7/2014 4:00 PM,0.359,0.297,0.315,0.347,
4/7/2014 6:00 PM,0.359,0.299,0.317,0.348,
4/7/2014 8:00 PM,0.356,0.298,0.317,0.347,
4/7/2014 10:00 PM,0.352,0.296,0.315,0.344,
4/8/2014 12:00 AM,0.349,0.294,0.313,0.342,
4/8/2014 2:00 AM,0.347,0.292,0.311,0.341,
4/8/2014 4:00 AM,0.344,0.291,0.310,0.339,
4/8/2014 6:00 AM,0.343,0.290,0.309,0.338,
4/8/2014 8:00 AM,0.341,0.289,0.308,0.337,
4/8/2014 10:00 AM,0.343,0.288,0.308,0.339,
4/8/2014 12:00 PM,0.348,0.289,0.309,0.341,
4/8/2014 2:00 PM,0.354,0.293,0.311,0.343,
4/8/2014 4:00 PM,0.359,0.297,0.314,0.345,
4/8/2014 6:00 PM,0.360,0.298,0.316,0.347,
4/8/2014 8:00 PM,0.356,0.298,0.316,0.346,
4/8/2014 10:00 PM,0.352,0.296,0.314,0.343,
4/9/2014 12:00 AM,0.350,0.294,0.312,0.342,
4/9/2014 2:00 AM,0.347,0.293,0.310,0.340,
4/9/2014 4:00 AM,0.345,0.291,0.309,0.338,
4/9/2014 6:00 AM,0.344,0.290,0.308,0.337,
4/9/2014 8:00 AM,0.342,0.289,0.307,0.336,
4/9/2014 10:00 AM,0.343,0.289,0.307,0.337,
4/9/2014 12:00 PM,0.347,0.289,0.308,0.339,
4/9/2014 2:00 PM,0.352,0.291,0.309,0.341,
4/9/2014 4:00 PM,0.356,0.294,0.312,0.342,
4/9/2014 6:00 PM,0.357,0.296,0.313,0.343,
4/9/2014 8:00 PM,0.355,0.296,0.314,0.342,
4/9/2014 10:00 PM,0.351,0.294,0.312,0.339,
4/10/2014 12:00 AM,0.348,0.292,0.310,0.338,
4/10/2014 2:00 AM,0.346,0.291,0.308,0.336,
4/10/2014 4:00 AM,0.343,0.290,0.307,0.335,
4/10/2014 6:00 AM,0.342,0.288,0.306,0.333,
4/10/2014 8:00 AM,0.340,0.287,0.305,0.332,
4/10/2014 10:00 AM,0.341,0.286,0.304,0.333,
4/10/2014 12:00 PM,0.346,0.286,0.305,0.335,
4/10/2014 2:00 PM,0.351,0.290,0.307,0.337,
4/10/2014 4:00 PM,0.356,0.294,0.310,0.338,
4/10/2014 6:00 PM,0.357,0.295,0.312,0.339,
4/10/2014 8:00 PM,0.354,0.295,0.312,0.338,
4/10/2014 10:00 PM,0.350,0.293,0.311,0.336,
4/11/2014 12:00 AM,0.347,0.291,0.308,0.334,
4/11/2014 2:00 AM,0.344,0.290,0.307,0.332,
4/11/2014 4:00 AM,0.342,0.288,0.305,0.331,
4/11/2014 6:00 AM,0.340,0.287,0.304,0.329,
4/11/2014 8:00 AM,0.338,0.286,0.302,0.328,
4/11/2014 10:00 AM,0.339,0.284,0.302,0.329,
4/11/2014 12:00 PM,0.344,0.285,0.303,0.331,
4/11/2014 2:00 PM,0.350,0.288,0.304,0.332,
4/11/2014 4:00 PM,0.355,0.292,0.308,0.334,
4/11/2014 6:00 PM,0.356,0.293,0.310,0.335,
4/11/2014 8:00 PM,0.353,0.293,0.310,0.335,
4/11/2014 10:00 PM,0.349,0.292,0.309,0.333,
4/12/2014 12:00 AM,0.346,0.290,0.307,0.331,
4/12/2014 2:00 AM,0.343,0.288,0.305,0.329,
4/12/2014 4:00 AM,0.341,0.287,0.304,0.328,
4/12/2014 6:00 AM,0.339,0.286,0.303,0.327,
4/12/2014 8:00 AM,0.338,0.285,0.301,0.326,
4/12/2014 10:00 AM,0.339,0.283,0.300,0.326,
4/12/2014 12:00 PM,0.343,0.283,0.301,0.327,
4/12/2014 2:00 PM,0.347,0.287,0.302,0.328,
4/12/2014 4:00 PM,0.346,0.288,0.303,0.328,
4/12/2014 6:00 PM,0.346,0.288,0.304,0.328,
4/12/2014 8:00 PM,0.344,0.288,0.304,0.327,
4/12/2014 10:00 PM,0.339,0.281,0.309,0.326,
4/13/2014 12:00 AM,0.336,0.277,0.311,0.326,
4/13/2014 2:00 AM,0.338,0.280,0.309,0.325,
4/13/2014 4:00 AM,0.337,0.282,0.305,0.323,
4/13/2014 6:00 AM,0.335,0.281,0.303,0.321,
4/13/2014 8:00 AM,0.333,0.280,0.301,0.320,
4/13/2014 10:00 AM,0.333,0.279,0.300,0.320,
4/13/2014 12:00 PM,0.333,0.279,0.300,0.320,
4/13/2014 2:00 PM,0.337,0.279,0.300,0.320,
4/13/2014 4:00 PM,0.339,0.282,0.302,0.321,
4/13/2014 6:00 PM,0.339,0.282,0.302,0.321,
4/13/2014 8:00 PM,0.338,0.282,0.301,0.321,
4/13/2014 10:00 PM,0.336,0.281,0.300,0.319,
4/14/2014 12:00 AM,0.333,0.280,0.299,0.318,
4/14/2014 2:00 AM,0.331,0.278,0.297,0.317,
4/14/2014 4:00 AM,0.330,0.277,0.296,0.316,
4/14/2014 6:00 AM,0.328,0.277,0.294,0.314,
4/14/2014 8:00 AM,0.327,0.276,0.293,0.314,
4/14/2014 10:00 AM,0.328,0.275,0.293,0.314,
4/14/2014 12:00 PM,0.331,0.275,0.294,0.315,
4/14/2014 2:00 PM,0.337,0.278,0.295,0.316,
4/14/2014 4:00 PM,0.342,0.282,0.298,0.317,
4/14/2014 6:00 PM,0.344,0.284,0.299,0.318,
4/14/2014 8:00 PM,0.339,0.283,0.300,0.318,
4/14/2014 10:00 PM,0.335,0.282,0.299,0.317,
4/15/2014 12:00 AM,0.332,0.280,0.297,0.315,
4/15/2014 2:00 AM,0.329,0.278,0.295,0.314,
4/15/2014 4:00 AM,0.327,0.277,0.294,0.312,
4/15/2014 6:00 AM,0.326,0.276,0.292,0.311,
4/15/2014 8:00 AM,0.325,0.275,0.292,0.311,
4/15/2014 10:00 AM,0.328,0.274,0.291,0.310,
4/15/2014 12:00 PM,0.332,0.274,0.292,0.312,
4/15/2014 2:00 PM,0.338,0.277,0.293,0.313,
4/15/2014 4:00 PM,0.342,0.279,0.296,0.314,
4/15/2014 6:00 PM,0.341,0.281,0.298,0.314,
4/15/2014 8:00 PM,0.338,0.281,0.297,0.314,
4/15/2014 10:00 PM,0.336,0.280,0.296,0.313,
4/16/2014 12:00 AM,0.333,0.278,0.295,0.312,
4/16/2014 2:00 AM,0.331,0.277,0.293,0.311,
4/16/2014 4:00 AM,0.330,0.276,0.293,0.310,
4/16/2014 6:00 AM,0.329,0.276,0.292,0.309,
4/16/2014 8:00 AM,0.327,0.275,0.291,0.308,
4/16/2014 10:00 AM,0.328,0.273,0.290,0.307,
4/16/2014 12:00 PM,0.331,0.273,0.290,0.307,
4/16/2014 2:00 PM,0.336,0.275,0.291,0.308,
4/16/2014 4:00 PM,0.341,0.279,0.294,0.309,
4/16/2014 6:00 PM,0.342,0.280,0.295,0.310,
4/16/2014 8:00 PM,0.338,0.280,0.296,0.310,
4/16/2014 10:00 PM,0.335,0.278,0.295,0.309,
4/17/2014 12:00 AM,0.331,0.277,0.293,0.307,
4/17/2014 2:00 AM,0.329,0.275,0.291,0.306,
4/17/2014 4:00 AM,0.327,0.274,0.290,0.305,
4/17/2014 6:00 AM,0.325,0.272,0.289,0.304,
4/17/2014 8:00 AM,0.322,0.270,0.287,0.303,
4/17/2014 10:00 AM,0.337,0.268,0.286,0.302,
4/17/2014 12:00 PM,0.327,0.268,0.287,0.304,
4/17/2014 2:00 PM,0.332,0.271,0.287,0.305,
4/17/2014 4:00 PM,0.336,0.274,0.290,0.306,
4/17/2014 6:00 PM,0.338,0.277,0.292,0.308,
4/17/2014 8:00 PM,0.336,0.277,0.294,0.308,
4/17/2014 10:00 PM,0.333,0.276,0.293,0.308,
4/18/2014 12:00 AM,0.331,0.275,0.292,0.307,
4/18/2014 2:00 AM,0.330,0.273,0.291,0.306,
4/18/2014 4:00 AM,0.329,0.272,0.290,0.304,
4/18/2014 6:00 AM,0.329,0.271,0.290,0.304,
4/18/2014 8:00 AM,0.328,0.271,0.289,0.303,
4/18/2014 10:00 AM,0.327,0.270,0.288,0.302,
4/18/2014 12:00 PM,0.336,0.270,0.288,0.301,
4/18/2014 2:00 PM,0.330,0.270,0.288,0.301,
4/18/2014 4:00 PM,0.332,0.271,0.289,0.301,
4/18/2014 6:00 PM,0.335,0.272,0.290,0.302,
4/18/2014 8:00 PM,0.334,0.273,0.291,0.303,
4/18/2014 10:00 PM,0.332,0.273,0.291,0.302,
4/19/2014 12:00 AM,0.330,0.271,0.290,0.301,
4/19/2014 2:00 AM,0.329,0.270,0.289,0.300,
4/19/2014 4:00 AM,0.327,0.269,0.288,0.299,
4/19/2014 6:00 AM,0.326,0.269,0.287,0.298,
4/19/2014 8:00 AM,0.324,0.268,0.286,0.297,
4/19/2014 10:00 AM,0.325,0.266,0.284,0.296,
4/19/2014 12:00 PM,0.327,0.265,0.284,0.296,
4/19/2014 2:00 PM,0.331,0.267,0.284,0.297,
4/19/2014 4:00 PM,0.336,0.271,0.287,0.298,
4/19/2014 6:00 PM,0.337,0.272,0.289,0.299,
4/19/2014 8:00 PM,0.335,0.272,0.290,0.299,
4/19/2014 10:00 PM,0.332,0.272,0.290,0.299,
4/20/2014 12:00 AM,0.330,0.271,0.288,0.298,
4/20/2014 2:00 AM,0.328,0.269,0.286,0.296,
4/20/2014 4:00 AM,0.327,0.267,0.285,0.295,
4/20/2014 6:00 AM,0.326,0.267,0.285,0.295,
4/20/2014 8:00 AM,0.324,0.266,0.284,0.294,
4/20/2014 11:03 AM,0.341,0.265,0.282,0.292,
4/20/2014 12:03 PM,#N/A,0.263,0.283,0.292,
4/20/2014 2:00 PM,0.361,0.265,0.282,0.292,
4/20/2014 4:00 PM,0.335,0.268,0.284,0.293,
4/20/2014 6:00 PM,0.337,0.270,0.286,0.294,
4/20/2014 8:00 PM,0.333,0.270,0.287,0.294,
4/20/2014 10:00 PM,0.330,0.269,0.286,0.294,
4/21/2014 12:00 AM,0.328,0.267,0.284,0.292,
4/21/2014 2:00 AM,0.324,0.266,0.283,0.291,
4/21/2014 4:00 AM,0.322,0.264,0.282,0.290,
4/21/2014 6:00 AM,0.320,0.262,0.280,0.289,
4/21/2014 8:00 AM,0.318,0.261,0.278,0.287,
4/21/2014 10:00 AM,0.320,0.258,0.276,0.285,
4/21/2014 12:00 PM,0.352,0.256,0.277,0.286,
4/21/2014 2:00 PM,0.326,0.258,0.277,0.286,
4/21/2014 4:00 PM,0.330,0.263,0.279,0.287,
4/21/2014 6:00 PM,0.330,0.264,0.281,0.288,
4/21/2014 8:00 PM,0.329,0.264,0.282,0.289,
4/21/2014 10:00 PM,0.327,0.264,0.282,0.289,
4/22/2014 12:00 AM,0.324,0.262,0.280,0.287,
4/22/2014 2:00 AM,0.323,0.261,0.279,0.286,
4/22/2014 4:00 AM,0.322,0.260,0.278,0.285,
4/22/2014 6:00 AM,0.321,0.259,0.278,0.285,
4/22/2014 8:00 AM,0.320,0.259,0.277,0.283,
4/22/2014 10:00 AM,0.321,0.258,0.277,0.284,
4/22/2014 1:06 PM,0.362,0.257,0.277,0.283,
4/22/2014 2:00 PM,0.321,0.255,0.274,0.281,
4/22/2014 4:00 PM,0.323,0.258,0.276,0.281,
4/22/2014 6:00 PM,#N/A,0.261,0.278,0.279,
4/22/2014 8:00 PM,0.499,0.256,0.283,0.277,
4/22/2014 10:00 PM,0.315,0.257,0.277,0.277,
4/23/2014 12:00 AM,0.314,0.256,0.274,0.277,
4/23/2014 2:00 AM,0.308,0.251,0.277,0.275,
4/23/2014 4:00 AM,0.309,0.252,0.273,0.275,
4/23/2014 6:00 AM,0.308,0.252,0.271,0.274,
4/23/2014 8:00 AM,0.307,0.251,0.269,0.273,
4/23/2014 10:00 AM,0.307,0.250,0.266,0.271,
4/23/2014 12:00 PM,0.311,0.249,0.267,0.273,
4/23/2014 2:00 PM,0.316,0.251,0.267,0.274,
4/23/2014 4:00 PM,0.319,0.254,0.270,0.275,
4/23/2014 6:00 PM,0.319,0.255,0.271,0.275,
4/23/2014 8:00 PM,0.317,0.255,0.271,0.275,
4/23/2014 10:00 PM,0.311,0.255,0.271,0.275,
4/24/2014 12:00 AM,0.309,0.253,0.268,0.273,
4/24/2014 2:00 AM,0.307,0.251,0.267,0.272,
4/24/2014 4:00 AM,0.305,0.250,0.266,0.271,
4/24/2014 6:00 AM,0.304,0.249,0.265,0.270,
4/24/2014 8:00 AM,0.303,0.248,0.264,0.269,
4/24/2014 10:00 AM,0.305,0.246,0.262,0.267,
4/24/2014 12:00 PM,0.307,0.245,0.263,0.269,
4/24/2014 2:00 PM,0.311,0.247,0.265,0.270,
4/24/2014 4:00 PM,0.313,0.248,0.266,0.270,
4/24/2014 6:00 PM,0.316,0.250,0.267,0.271,
4/24/2014 8:00 PM,0.314,0.251,0.268,0.271,
4/24/2014 10:00 PM,0.313,0.251,0.268,0.271,
4/25/2014 12:00 AM,0.311,0.250,0.266,0.270,
4/25/2014 2:00 AM,0.310,0.249,0.266,0.269,
4/25/2014 4:00 AM,0.309,0.248,0.266,0.269,
4/25/2014 6:00 AM,0.307,0.247,0.265,0.268,
4/25/2014 8:00 AM,0.306,0.246,0.264,0.267,
4/25/2014 10:00 AM,0.306,0.245,0.263,0.266,
4/25/2014 12:00 PM,0.308,0.244,0.264,0.266,
4/25/2014 2:00 PM,0.311,0.245,0.265,0.267,
4/25/2014 4:00 PM,0.312,0.247,0.266,0.267,
4/25/2014 6:00 PM,0.312,0.248,0.266,0.267,
4/25/2014 8:00 PM,0.308,0.246,0.267,0.266,
4/25/2014 10:00 PM,0.298,0.242,0.274,0.265,
4/26/2014 12:00 AM,0.297,0.240,0.273,0.263,
4/26/2014 2:00 AM,0.299,0.233,0.278,0.266,
4/26/2014 4:00 AM,0.299,0.235,0.279,0.266,
4/26/2014 6:00 AM,0.297,0.230,0.279,0.265,
4/26/2014 8:00 AM,0.295,0.209,0.283,0.266,
4/26/2014 10:00 AM,0.297,0.209,0.285,0.266,
4/26/2014 12:00 PM,0.300,0.220,0.285,0.266,
4/26/2014 2:00 PM,0.305,0.235,0.287,0.266,
4/26/2014 4:00 PM,0.308,0.252,0.285,0.266,
4/26/2014 6:00 PM,0.311,0.257,0.281,0.267,
4/26/2014 8:00 PM,0.311,0.257,0.279,0.267,
4/26/2014 10:00 PM,0.309,0.256,0.277,0.266,
4/27/2014 12:00 AM,0.306,0.254,0.276,0.266,
4/27/2014 2:00 AM,0.305,0.253,0.274,0.265,
4/27/2014 4:00 AM,0.303,0.252,0.272,0.264,
4/27/2014 6:00 AM,0.302,0.251,0.271,0.264,
4/27/2014 8:00 AM,0.531,0.251,0.271,0.263,
4/27/2014 10:00 AM,#N/A,0.250,0.270,0.261,
4/27/2014 12:00 PM,0.306,0.251,0.271,0.264,
4/27/2014 2:00 PM,0.311,0.253,0.272,0.265,
4/27/2014 4:00 PM,#N/A,0.254,0.274,0.265,
4/27/2014 6:00 PM,0.429,0.253,0.276,0.265,
4/27/2014 8:00 PM,0.307,0.250,0.282,0.268,
4/27/2014 10:00 PM,0.306,0.250,0.276,0.267,
4/28/2014 12:00 AM,0.304,0.250,0.274,0.266,
4/28/2014 2:00 AM,0.303,0.250,0.273,0.265,
4/28/2014 4:00 AM,0.302,0.249,0.271,0.265,
4/28/2014 6:00 AM,0.301,0.249,0.271,0.264,
4/28/2014 8:00 AM,0.299,0.248,0.269,0.263,
4/28/2014 10:00 AM,0.299,0.247,0.268,0.261,
4/28/2014 12:00 PM,0.303,0.247,0.269,0.262,
4/28/2014 2:00 PM,0.308,0.249,0.269,0.263,
4/28/2014 4:00 PM,0.311,0.251,0.271,0.263,
4/28/2014 6:00 PM,0.312,0.252,0.271,0.264,
4/28/2014 8:00 PM,0.310,0.251,0.271,0.263,
4/28/2014 10:00 PM,0.307,0.251,0.269,0.263,
4/29/2014 12:00 AM,0.303,0.249,0.267,0.262,
4/29/2014 2:00 AM,0.300,0.247,0.265,0.261,
4/29/2014 4:00 AM,0.299,0.246,0.264,0.260,
4/29/2014 6:00 AM,0.297,0.245,0.262,0.259,
4/29/2014 8:00 AM,#N/A,0.244,0.262,0.258,
4/29/2014 12:04 PM,#N/A,0.242,0.263,0.256,
4/29/2014 7:42 PM,0.368,0.245,0.264,0.261,
4/29/2014 8:00 PM,0.311,0.251,0.270,0.263,
4/29/2014 10:00 PM,0.309,0.251,0.268,0.262,
4/30/2014 12:00 AM,0.306,0.250,0.266,0.261,
4/30/2014 2:00 AM,0.305,0.248,0.265,0.260,
4/30/2014 4:00 AM,0.302,0.247,0.263,0.260,
4/30/2014 6:00 AM,0.300,0.246,0.261,0.258,
4/30/2014 8:00 AM,0.299,0.245,0.261,0.257,
4/30/2014 10:00 AM,0.300,0.242,0.259,0.255,
4/30/2014 12:00 PM,0.304,0.242,0.262,0.258,
4/30/2014 2:00 PM,0.309,0.245,0.263,0.260,
4/30/2014 4:00 PM,0.314,0.249,0.266,0.261,
4/30/2014 6:00 PM,0.316,0.252,0.268,0.262,
4/30/2014 8:00 PM,0.314,0.251,0.269,0.262,
4/30/2014 10:00 PM,0.311,0.251,0.268,0.262,
5/1/2014 12:00 AM,0.308,0.250,0.266,0.261,
5/1/2014 2:00 AM,0.306,0.248,0.264,0.259,
5/1/2014 4:00 AM,0.304,0.246,0.263,0.258,
5/1/2014 6:00 AM,0.302,0.245,0.261,0.256,
5/1/2014 9:35 AM,0.307,0.244,0.261,0.255,
5/1/2014 10:00 AM,0.300,0.240,0.259,0.252,
5/1/2014 5:07 PM,0.323,0.239,0.262,0.256,
5/1/2014 7:07 PM,0.316,0.251,0.269,0.261,
5/1/2014 8:00 PM,0.315,0.251,0.269,0.261,
5/1/2014 10:54 PM,0.344,0.252,0.269,0.261,
5/2/2014 12:00 AM,0.309,0.250,0.266,0.260,
5/2/2014 2:00 AM,0.307,0.249,0.265,0.258,
5/2/2014 4:00 AM,0.305,0.247,0.263,0.257,
5/2/2014 6:00 AM,0.303,0.245,0.261,0.256,
5/2/2014 8:00 AM,0.301,0.244,0.260,0.254,
5/2/2014 10:00 AM,0.301,0.240,0.257,0.250,
5/2/2014 12:00 PM,0.304,0.239,0.261,0.254,
5/2/2014 2:00 PM,0.309,0.241,0.262,0.255,
5/2/2014 4:00 PM,0.314,0.245,0.265,0.256,
5/2/2014 6:00 PM,0.316,0.249,0.267,0.257,
5/2/2014 8:00 PM,0.314,0.248,0.267,0.258,
5/2/2014 10:00 PM,0.312,0.250,0.267,0.258,
5/3/2014 12:00 AM,0.309,0.248,0.265,0.256,
5/3/2014 2:00 AM,0.307,0.246,0.263,0.255,
5/3/2014 4:00 AM,0.305,0.245,0.262,0.254,
5/3/2014 6:00 AM,0.303,0.244,0.261,0.253,
5/3/2014 8:00 AM,0.302,0.242,0.259,0.251,
5/3/2014 10:00 AM,0.302,0.239,0.258,0.248,
5/3/2014 12:00 PM,0.304,0.238,0.259,0.250,
5/3/2014 2:00 PM,0.308,0.238,0.260,0.251,
5/3/2014 4:00 PM,0.311,0.241,0.262,0.252,
5/3/2014 6:00 PM,0.312,0.244,0.263,0.252,
5/3/2014 8:00 PM,0.312,0.244,0.264,0.252,
5/3/2014 10:00 PM,0.309,0.245,0.263,0.252,
5/4/2014 12:00 AM,0.307,0.244,0.261,0.251,
5/4/2014 2:00 AM,0.304,0.242,0.259,0.250,
5/4/2014 4:00 AM,0.302,0.240,0.257,0.249,
5/4/2014 6:00 AM,0.300,0.239,0.256,0.247,
5/4/2014 8:00 AM,0.299,0.238,0.254,0.246,
5/4/2014 10:00 AM,0.299,0.234,0.253,0.243,
5/4/2014 12:00 PM,0.302,0.234,0.255,0.245,
5/4/2014 2:00 PM,0.304,0.234,0.256,0.245,
5/4/2014 4:00 PM,0.307,0.234,0.257,0.246,
5/4/2014 6:00 PM,0.310,0.239,0.260,0.248,
5/4/2014 8:00 PM,0.309,0.240,0.260,0.249,
5/4/2014 10:00 PM,0.306,0.240,0.259,0.248,
5/5/2014 12:00 AM,0.304,0.239,0.257,0.246,
5/5/2014 2:00 AM,0.302,0.238,0.255,0.246,
5/5/2014 4:00 AM,0.300,0.236,0.253,0.245,
5/5/2014 6:00 AM,0.298,0.235,0.251,0.244,
5/5/2014 8:00 AM,0.297,0.233,0.250,0.242,
5/5/2014 10:00 AM,0.297,0.230,0.250,0.240,
5/5/2014 12:00 PM,0.299,0.229,0.251,0.241,
5/5/2014 2:00 PM,0.300,0.230,0.252,0.241,
5/5/2014 4:00 PM,0.303,0.231,0.253,0.243,
5/5/2014 6:00 PM,0.304,0.233,0.255,0.244,
5/5/2014 8:00 PM,0.303,0.234,0.255,0.244,
5/5/2014 10:00 PM,0.301,0.233,0.254,0.243,
5/6/2014 12:00 AM,0.296,0.231,0.256,0.242,
5/6/2014 2:00 AM,0.297,0.231,0.254,0.242,
5/6/2014 4:00 AM,0.296,0.230,0.252,0.241,
5/6/2014 6:00 AM,0.294,0.229,0.250,0.240,
5/6/2014 8:00 AM,0.292,0.227,0.249,0.240,
5/6/2014 10:00 AM,0.292,0.225,0.245,0.236,
5/6/2014 12:00 PM,0.294,0.222,0.247,0.238,
5/6/2014 2:00 PM,0.298,0.225,0.250,0.240,
5/6/2014 4:00 PM,0.301,0.229,0.254,0.241,
5/6/2014 6:00 PM,0.301,0.230,0.253,0.241,
5/6/2014 8:00 PM,0.300,0.230,0.254,0.242,
5/6/2014 10:00 PM,0.295,0.220,0.269,0.245,
5/7/2014 12:00 AM,0.290,0.224,0.261,0.240,
5/7/2014 2:00 AM,0.288,0.219,0.260,0.238,
5/7/2014 4:00 AM,0.294,0.205,0.274,0.248,
5/7/2014 6:00 AM,0.299,0.219,0.274,0.248,
5/7/2014 8:00 AM,0.297,0.221,0.272,0.246,
5/7/2014 10:00 AM,0.295,0.211,0.275,0.248,
5/7/2014 12:00 PM,0.299,0.223,0.278,0.247,
5/7/2014 2:00 PM,0.301,0.224,0.282,0.247,
5/7/2014 4:00 PM,0.304,0.244,0.278,0.243,
5/7/2014 6:00 PM,0.308,0.247,0.276,0.246,
5/7/2014 8:00 PM,0.310,0.250,0.276,0.248,
5/7/2014 10:00 PM,0.308,0.249,0.274,0.248,
5/8/2014 12:00 AM,0.307,0.248,0.272,0.247,
5/8/2014 2:00 AM,0.306,0.247,0.271,0.246,
5/8/2014 4:00 AM,0.305,0.246,0.271,0.246,
5/8/2014 6:00 AM,0.303,0.246,0.270,0.246,
5/8/2014 8:00 AM,0.302,0.245,0.269,0.245,
5/8/2014 10:00 AM,0.303,0.244,0.268,0.242,
5/8/2014 12:00 PM,0.307,0.244,0.270,0.245,
5/8/2014 2:00 PM,0.404,0.245,0.271,0.248,
5/8/2014 4:00 PM,#N/A,0.246,0.274,0.249,
5/8/2014 6:00 PM,#N/A,0.246,0.274,0.249,
5/8/2014 8:00 PM,#N/A,0.245,0.272,0.248,
5/8/2014 10:00 PM,0.310,0.244,0.269,0.247,
5/9/2014 12:00 AM,0.308,0.241,0.267,0.245,
5/9/2014 2:00 AM,0.306,0.240,0.266,0.244,
5/9/2014 4:00 AM,0.304,0.240,0.267,0.245,
5/9/2014 6:00 AM,0.305,0.237,0.277,0.253,
5/9/2014 8:00 AM,0.307,0.235,0.279,0.255,
5/9/2014 10:00 AM,0.303,0.236,0.274,0.251,
5/9/2014 12:00 PM,0.304,0.239,0.275,0.254,
5/9/2014 2:00 PM,0.310,0.241,0.275,0.255,
5/9/2014 4:00 PM,0.312,0.243,0.277,0.255,
5/9/2014 6:00 PM,0.315,0.245,0.275,0.256,
5/9/2014 8:00 PM,0.314,0.244,0.275,0.256,
5/9/2014 10:00 PM,0.312,0.243,0.273,0.256,
5/10/2014 12:00 AM,0.309,0.241,0.271,0.255,
5/10/2014 2:00 AM,0.307,0.240,0.270,0.254,
5/10/2014 4:00 AM,0.306,0.239,0.269,0.253,
5/10/2014 6:00 AM,0.305,0.238,0.268,0.253,
5/10/2014 8:00 AM,0.305,0.237,0.268,0.253,
5/10/2014 10:00 AM,0.306,0.236,0.266,0.251,
5/10/2014 12:00 PM,0.309,0.236,0.267,0.252,
5/10/2014 2:00 PM,0.314,0.239,0.268,0.254,
5/10/2014 4:00 PM,0.317,0.243,0.270,0.255,
5/10/2014 6:00 PM,0.316,0.244,0.269,0.255,
5/10/2014 8:00 PM,0.312,0.242,0.268,0.253,
5/10/2014 10:00 PM,0.310,0.240,0.266,0.252,
5/11/2014 12:00 AM,0.308,0.239,0.264,0.251,
5/11/2014 2:00 AM,0.306,0.237,0.263,0.250,
5/11/2014 4:00 AM,0.305,0.236,0.261,0.249,
5/11/2014 6:00 AM,0.304,0.236,0.261,0.249,
5/11/2014 8:00 AM,0.303,0.235,0.260,0.248,
5/11/2014 10:00 AM,0.302,0.232,0.258,0.245,
5/11/2014 12:00 PM,0.302,0.230,0.258,0.243,
5/11/2014 2:00 PM,#N/A,0.229,0.260,0.244,
5/11/2014 4:00 PM,#N/A,0.231,0.263,0.245,
5/11/2014 7:00 PM,#N/A,0.233,0.265,0.246,
5/11/2014 8:00 PM,0.324,0.233,0.262,0.245,
5/11/2014 10:00 PM,0.302,0.233,0.261,0.245,
5/12/2014 12:00 AM,0.300,0.231,0.259,0.244,
5/12/2014 2:00 AM,0.299,0.230,0.257,0.244,
5/12/2014 4:00 AM,0.298,0.229,0.256,0.243,
5/12/2014 6:00 AM,0.296,0.228,0.256,0.242,
5/12/2014 8:00 AM,0.295,0.226,0.254,0.240,
5/12/2014 10:00 AM,0.295,0.225,0.253,0.239,
5/12/2014 12:00 PM,0.299,0.224,0.255,0.240,
5/12/2014 2:00 PM,0.303,0.227,0.257,0.242,
5/12/2014 4:00 PM,0.308,0.230,0.260,0.244,
5/12/2014 6:00 PM,0.309,0.234,0.262,0.245,
5/12/2014 8:00 PM,0.307,0.233,0.262,0.245,
5/12/2014 10:00 PM,0.304,0.233,0.261,0.245,
5/13/2014 12:00 AM,0.300,0.232,0.258,0.244,
5/13/2014 2:00 AM,0.298,0.229,0.257,0.242,
5/13/2014 4:00 AM,0.296,0.228,0.255,0.241,
5/13/2014 6:00 AM,0.295,0.226,0.254,0.240,
5/13/2014 8:00 AM,0.293,0.225,0.252,0.238,
5/13/2014 10:00 AM,0.293,0.221,0.249,0.233,
5/13/2014 12:00 PM,0.297,0.221,0.253,0.239,
5/13/2014 2:00 PM,0.303,0.225,0.255,0.242,
5/13/2014 4:00 PM,0.308,0.229,0.259,0.244,
5/13/2014 6:00 PM,0.310,0.233,0.260,0.245,
5/13/2014 8:00 PM,0.308,0.233,0.261,0.245,
5/13/2014 10:00 PM,0.305,0.234,0.261,0.246,
5/14/2014 12:00 AM,0.302,0.232,0.258,0.245,
5/14/2014 2:00 AM,0.299,0.230,0.256,0.243,
5/14/2014 4:00 AM,0.298,0.228,0.254,0.241,
5/14/2014 6:00 AM,0.296,0.226,0.252,0.240,
5/14/2014 8:00 AM,0.294,0.225,0.250,0.238,
5/14/2014 10:00 AM,0.294,0.220,0.248,0.232,
5/14/2014 12:00 PM,0.297,0.219,0.252,0.238,
5/14/2014 2:00 PM,0.303,0.222,0.254,0.240,
5/14/2014 4:00 PM,0.308,0.227,0.257,0.242,
5/14/2014 6:00 PM,0.310,0.232,0.259,0.244,
5/14/2014 8:00 PM,0.308,0.231,0.260,0.244,
5/14/2014 10:00 PM,0.305,0.233,0.260,0.245,
5/15/2014 12:00 AM,0.302,0.231,0.257,0.243,
5/15/2014 2:00 AM,0.300,0.229,0.256,0.241,
5/15/2014 4:00 AM,0.299,0.228,0.254,0.241,
5/15/2014 6:00 AM,0.297,0.226,0.252,0.240,
5/15/2014 8:00 AM,0.295,0.224,0.250,0.237,
5/15/2014 10:00 AM,0.294,0.219,0.248,0.231,
5/15/2014 12:00 PM,0.296,0.217,0.251,0.237,
5/15/2014 2:00 PM,0.300,0.220,0.253,0.240,
5/15/2014 4:00 PM,0.306,0.224,0.256,0.242,
5/15/2014 6:00 PM,0.307,0.228,0.257,0.243,
5/15/2014 8:00 PM,0.306,0.228,0.259,0.243,
5/15/2014 10:00 PM,0.304,0.229,0.259,0.243,
5/16/2014 12:00 AM,0.302,0.227,0.256,0.242,
5/16/2014 2:00 AM,0.300,0.226,0.255,0.240,
5/16/2014 4:00 AM,0.298,0.225,0.253,0.240,
5/16/2014 6:00 AM,0.296,0.223,0.251,0.238,
5/16/2014 8:00 AM,0.294,0.221,0.250,0.237,
5/16/2014 10:00 AM,0.294,0.218,0.247,0.234,
5/16/2014 12:00 PM,0.296,0.216,0.248,0.235,
5/16/2014 2:00 PM,0.299,0.218,0.250,0.237,
5/16/2014 4:00 PM,0.300,0.219,0.251,0.238,
5/16/2014 6:00 PM,0.301,0.221,0.252,0.239,
5/16/2014 8:00 PM,0.302,0.221,0.252,0.239,
5/16/2014 10:00 PM,0.301,0.222,0.252,0.239,
5/17/2014 12:00 AM,0.299,0.221,0.250,0.238,
5/17/2014 2:00 AM,0.298,0.220,0.248,0.238,
5/17/2014 4:00 AM,0.296,0.219,0.247,0.236,
5/17/2014 6:00 AM,0.294,0.217,0.245,0.235,
5/17/2014 8:00 AM,0.292,0.215,0.243,0.232,
5/17/2014 10:00 AM,0.290,0.210,0.240,0.226,
5/17/2014 12:00 PM,0.293,0.208,0.244,0.231,
5/17/2014 2:00 PM,0.298,0.210,0.246,0.235,
5/17/2014 4:00 PM,0.302,0.213,0.249,0.236,
5/17/2014 6:00 PM,0.303,0.218,0.250,0.238,
5/17/2014 8:00 PM,0.302,0.217,0.250,0.237,
5/17/2014 10:00 PM,0.301,0.218,0.250,0.237,
5/18/2014 12:00 AM,0.299,0.216,0.247,0.235,
5/18/2014 2:00 AM,0.296,0.214,0.245,0.234,
5/18/2014 4:00 AM,0.294,0.212,0.242,0.233,
5/18/2014 6:00 AM,0.292,0.211,0.240,0.231,
5/18/2014 8:00 AM,0.290,0.209,0.238,0.229,
5/18/2014 10:00 AM,0.286,0.203,0.236,0.224,
5/18/2014 12:00 PM,0.288,0.203,0.238,0.226,
5/18/2014 2:00 PM,0.290,0.204,0.240,0.227,
5/18/2014 4:00 PM,0.293,0.204,0.241,0.228,
5/18/2014 6:00 PM,0.294,0.207,0.243,0.230,
5/18/2014 8:00 PM,0.294,0.208,0.243,0.230,
5/18/2014 10:00 PM,0.292,0.208,0.242,0.230,
5/19/2014 12:00 AM,0.290,0.206,0.240,0.228,
5/19/2014 2:00 AM,0.289,0.204,0.237,0.227,
5/19/2014 4:00 AM,0.287,0.203,0.235,0.226,
5/19/2014 6:00 AM,0.286,0.201,0.234,0.225,
5/19/2014 8:00 AM,0.285,0.200,0.233,0.224,
5/19/2014 10:00 AM,0.283,0.196,0.231,0.220,
5/19/2014 12:00 PM,0.285,0.195,0.233,0.223,
5/19/2014 2:00 PM,0.289,0.196,0.236,0.225,
5/19/2014 4:00 PM,0.292,0.200,0.239,0.226,
5/19/2014 6:00 PM,0.294,0.203,0.240,0.227,
5/19/2014 8:00 PM,0.292,0.203,0.240,0.228,
5/19/2014 10:00 PM,0.290,0.202,0.238,0.226,
5/20/2014 12:00 AM,0.288,0.199,0.236,0.225,
5/20/2014 2:00 AM,0.286,0.197,0.233,0.223,
5/20/2014 4:00 AM,0.284,0.196,0.232,0.222,
5/20/2014 6:00 AM,0.283,0.195,0.231,0.222,
5/20/2014 8:00 AM,0.283,0.194,0.229,0.220,
5/20/2014 10:00 AM,0.280,0.189,0.226,0.215,
5/20/2014 12:00 PM,0.281,0.187,0.229,0.219,
5/20/2014 2:00 PM,0.287,0.194,0.233,0.222,
5/20/2014 4:00 PM,0.288,0.195,0.233,0.222,
5/20/2014 6:00 PM,0.290,0.196,0.234,0.223,
5/20/2014 8:00 PM,0.289,0.196,0.235,0.223,
5/20/2014 10:00 PM,0.417,0.195,0.234,0.223,
5/21/2014 12:00 AM,#N/A,0.194,0.235,0.223,
5/21/2014 2:00 AM,#N/A,0.193,0.233,0.221,
5/21/2014 4:00 AM,#N/A,0.191,0.232,0.220,
5/21/2014 6:00 AM,#N/A,0.190,0.230,0.219,
5/21/2014 8:00 AM,#N/A,0.187,0.229,0.218,
5/21/2014 10:00 AM,#N/A,0.184,0.224,0.212,
5/21/2014 12:00 PM,#N/A,0.183,0.228,0.216,
5/21/2014 2:00 PM,#N/A,0.186,0.229,0.219,
5/21/2014 4:00 PM,0.286,0.190,0.232,0.220,
5/21/2014 6:00 PM,0.290,0.193,0.235,0.222,
5/21/2014 8:00 PM,0.288,0.193,0.235,0.222,
5/21/2014 10:00 PM,0.288,0.194,0.234,0.224,
5/22/2014 12:00 AM,0.286,0.191,0.231,0.223,
5/22/2014 2:00 AM,0.281,0.188,0.227,0.219,
5/22/2014 4:00 AM,0.278,0.186,0.225,0.217,
5/22/2014 6:00 AM,0.277,0.185,0.223,0.216,
5/22/2014 8:00 AM,0.275,0.183,0.220,0.214,
5/22/2014 10:00 AM,0.273,0.179,0.216,0.209,
5/22/2014 12:00 PM,0.274,0.178,0.219,0.211,
5/22/2014 2:00 PM,0.279,0.181,0.224,0.214,
5/22/2014 4:00 PM,0.283,0.186,0.228,0.215,
5/22/2014 6:00 PM,0.285,0.189,0.229,0.217,
5/22/2014 8:00 PM,0.283,0.187,0.229,0.217,
5/22/2014 10:00 PM,0.282,0.189,0.229,0.219,
5/23/2014 12:00 AM,0.279,0.186,0.226,0.217,
5/23/2014 2:00 AM,0.277,0.184,0.223,0.216,
5/23/2014 4:00 AM,0.274,0.182,0.220,0.213,
5/23/2014 6:00 AM,0.272,0.179,0.218,0.212,
5/23/2014 8:00 AM,0.271,0.177,0.214,0.209,
5/23/2014 10:00 AM,0.267,0.173,0.211,0.203,
5/23/2014 12:00 PM,0.269,0.174,0.214,0.206,
5/23/2014 2:00 PM,0.273,0.176,0.218,0.209,
5/23/2014 4:00 PM,0.278,0.178,0.223,0.212,
5/23/2014 6:00 PM,0.282,0.177,0.226,0.211,
5/23/2014 8:00 PM,0.282,0.177,0.225,0.210,
5/23/2014 10:00 PM,0.280,0.177,0.224,0.210,
5/24/2014 12:35 AM,0.283,0.175,0.222,0.209,
5/24/2014 2:00 AM,0.276,0.173,0.219,0.208,
5/24/2014 4:00 AM,0.274,0.172,0.218,0.207,
5/24/2014 6:00 AM,0.273,0.170,0.217,0.206,
5/24/2014 8:00 AM,0.271,0.169,0.216,0.205,
5/24/2014 1:12 PM,0.353,0.168,0.214,0.202,
5/24/2014 9:03 PM,#N/A,0.169,0.220,0.202,
5/24/2014 10:00 PM,0.292,0.175,0.221,0.208,
5/25/2014 12:00 AM,0.275,0.173,0.219,0.207,
5/25/2014 2:00 AM,0.272,0.171,0.216,0.205,
5/25/2014 4:00 AM,0.271,0.169,0.214,0.204,
5/25/2014 6:00 AM,0.269,0.167,0.212,0.202,
5/25/2014 9:34 AM,0.352,0.166,0.212,0.201,
5/25/2014 10:00 AM,#N/A,0.162,0.207,0.192,
5/25/2014 2:22 PM,#N/A,0.163,0.212,0.197,
5/25/2014 4:00 PM,0.277,0.173,0.217,0.200,
5/25/2014 6:00 PM,0.280,0.174,0.218,0.202,
5/25/2014 8:00 PM,0.278,0.173,0.219,0.202,
5/26/2014 7:58 AM,0.298,0.173,0.220,0.205,
5/26/2014 8:16 AM,0.265,0.158,0.199,0.185,
5/26/2014 10:00 AM,#N/A,0.158,0.200,0.186,
5/26/2014 12:00 PM,0.264,0.162,0.203,0.192,
5/26/2014 2:00 PM,0.271,0.166,0.209,0.196,
5/26/2014 4:00 PM,0.277,0.169,0.213,0.197,
5/26/2014 6:00 PM,0.278,0.168,0.213,0.197,
5/26/2014 8:00 PM,0.276,0.166,0.215,0.196,
5/26/2014 10:00 PM,0.275,0.165,0.215,0.198,
5/27/2014 12:00 AM,0.272,0.162,0.212,0.197,
5/27/2014 7:13 AM,0.290,0.159,0.210,0.197,
5/27/2014 8:00 AM,#N/A,0.152,0.199,0.185,
5/27/2014 10:00 AM,0.259,0.152,0.191,0.180,
5/27/2014 12:00 PM,0.261,0.155,0.196,0.186,
5/27/2014 2:00 PM,0.269,0.159,0.202,0.190,
5/27/2014 4:00 PM,0.274,0.162,0.207,0.191,
5/27/2014 6:00 PM,0.276,0.164,0.209,0.192,
5/27/2014 8:00 PM,#N/A,0.162,0.213,0.192,
5/28/2014 8:00 AM,#N/A,0.159,0.216,0.192,
5/28/2014 1:37 PM,0.471,0.148,0.195,0.179,
5/28/2014 2:00 PM,#N/A,0.155,0.208,0.186,
5/28/2014 4:00 PM,#N/A,0.157,0.212,0.186,
5/28/2014 6:00 PM,#N/A,0.156,0.212,0.185,
5/28/2014 8:00 PM,0.467,0.155,0.205,0.183,
5/29/2014 11:42 AM,0.286,0.153,0.203,0.182,
5/29/2014 12:00 PM,#N/A,0.148,0.192,0.171,
5/29/2014 2:00 PM,#N/A,0.152,0.196,0.173,
5/29/2014 4:00 PM,0.257,0.154,0.191,0.172,
5/29/2014 6:00 PM,0.260,0.155,0.194,0.174,
5/29/2014 8:00 PM,0.258,0.153,0.195,0.173,
5/29/2014 10:00 PM,0.259,0.152,0.197,0.174,
5/30/2014 12:00 AM,0.256,0.149,0.192,0.170,
5/30/2014 2:00 AM,0.254,0.147,0.189,0.168,
5/30/2014 4:00 AM,0.253,0.145,0.186,0.167,
5/30/2014 6:00 AM,0.252,0.143,0.184,0.165,
5/30/2014 8:00 AM,0.250,0.142,0.180,0.163,
5/30/2014 10:00 AM,0.246,0.142,0.175,0.161,
5/30/2014 12:00 PM,0.482,0.144,0.179,0.165,
5/30/2014 2:00 PM,0.249,0.148,0.184,0.168,
5/30/2014 4:00 PM,0.254,0.152,0.189,0.170,
5/30/2014 6:00 PM,0.257,0.153,0.192,0.172,
5/30/2014 8:00 PM,0.256,0.152,0.195,0.172,
5/30/2014 10:00 PM,0.256,0.149,0.194,0.170,
5/31/2014 12:00 AM,0.254,0.147,0.191,0.168,
5/31/2014 2:00 AM,0.253,0.144,0.188,0.166,
5/31/2014 4:00 AM,0.252,0.143,0.186,0.165,
5/31/2014 6:00 AM,0.250,0.141,0.183,0.164,
5/31/2014 8:00 AM,0.247,0.139,0.178,0.160,
5/31/2014 10:00 AM,0.241,0.139,0.173,0.158,
5/31/2014 12:00 PM,0.242,0.143,0.177,0.162,
5/31/2014 2:00 PM,0.247,0.148,0.183,0.166,
5/31/2014 4:00 PM,0.253,0.150,0.189,0.168,
5/31/2014 6:00 PM,0.256,0.150,0.191,0.168,
5/31/2014 8:00 PM,0.256,0.148,0.192,0.167,
5/31/2014 10:00 PM,0.254,0.147,0.189,0.166,
6/1/2014 2:08 AM,0.259,0.145,0.185,0.165,
6/1/2014 4:00 AM,0.249,0.140,0.181,0.159,
6/1/2014 6:00 AM,0.247,0.136,0.178,0.158,
6/1/2014 8:00 AM,0.243,0.134,0.173,0.155,
6/1/2014 10:00 AM,0.237,0.135,0.168,0.153,
6/1/2014 12:00 PM,0.238,0.138,0.172,0.158,
6/1/2014 2:00 PM,0.242,0.143,0.177,0.161,
6/1/2014 4:00 PM,0.249,0.147,0.182,0.164,
6/1/2014 6:00 PM,0.254,0.147,0.185,0.164,
6/1/2014 8:00 PM,0.252,0.146,0.186,0.164,
6/1/2014 10:00 PM,0.251,0.143,0.188,0.162,
6/2/2014 12:00 AM,0.249,0.140,0.184,0.159,
6/2/2014 2:00 AM,0.247,0.137,0.180,0.158,
6/2/2014 4:00 AM,0.245,0.134,0.178,0.155,
6/2/2014 6:00 AM,0.242,0.132,0.174,0.153,
6/2/2014 8:00 AM,0.240,0.130,0.170,0.151,
6/2/2014 10:00 AM,0.233,0.132,0.165,0.152,
6/2/2014 12:00 PM,0.233,0.137,0.170,0.156,
6/2/2014 2:00 PM,0.408,0.142,0.177,0.160,
6/2/2014 4:00 PM,#N/A,0.147,0.189,0.165,
6/2/2014 6:00 PM,#N/A,0.147,0.192,0.166,
6/2/2014 8:01 PM,#N/A,0.145,0.193,0.165,
6/2/2014 10:00 PM,0.250,0.142,0.185,0.162,
6/3/2014 12:00 AM,0.248,0.139,0.181,0.159,
6/3/2014 2:00 AM,0.245,0.136,0.178,0.158,
6/3/2014 4:00 AM,0.244,0.134,0.174,0.156,
6/3/2014 6:00 AM,0.242,0.132,0.173,0.154,
6/3/2014 8:00 AM,0.239,0.131,0.169,0.152,
6/3/2014 10:00 AM,0.233,0.132,0.166,0.152,
6/3/2014 12:00 PM,0.234,0.134,0.170,0.155,
6/3/2014 2:00 PM,0.238,0.139,0.174,0.158,
6/3/2014 4:00 PM,0.244,0.142,0.178,0.161,
6/3/2014 6:00 PM,0.248,0.142,0.180,0.161,
6/3/2014 8:00 PM,0.246,0.140,0.181,0.159,
6/3/2014 10:00 PM,0.246,0.136,0.181,0.158,
6/4/2014 12:00 AM,0.245,0.132,0.177,0.155,
6/4/2014 2:00 AM,0.241,0.132,0.173,0.153,
6/4/2014 4:00 AM,0.240,0.130,0.171,0.151,
6/4/2014 6:00 AM,0.239,0.129,0.169,0.150,
6/4/2014 8:00 AM,0.236,0.128,0.166,0.149,
6/4/2014 10:00 AM,0.232,0.130,0.163,0.150,
6/4/2014 12:00 PM,0.233,0.134,0.166,0.155,
6/4/2014 2:00 PM,0.237,0.138,0.172,0.158,
6/4/2014 4:00 PM,0.243,0.142,0.177,0.161,
6/4/2014 6:00 PM,0.248,0.142,0.179,0.161,
6/4/2014 8:00 PM,0.246,0.140,0.180,0.160,
6/4/2014 10:00 PM,0.246,0.136,0.180,0.158,
6/5/2014 12:00 AM,0.244,0.131,0.175,0.154,
6/5/2014 2:00 AM,0.241,0.128,0.171,0.152,
6/5/2014 4:00 AM,0.239,0.124,0.168,0.148,
6/5/2014 6:00 AM,0.236,0.121,0.164,0.147,
6/5/2014 8:00 AM,0.232,0.120,0.158,0.143,
6/5/2014 10:00 AM,0.224,0.122,0.155,0.143,
6/5/2014 12:00 PM,0.225,0.128,0.161,0.148,
6/5/2014 2:00 PM,0.231,0.132,0.167,0.152,
6/5/2014 4:00 PM,0.237,0.136,0.172,0.155,
6/5/2014 6:00 PM,0.243,0.137,0.174,0.156,
6/5/2014 8:00 PM,0.241,0.135,0.175,0.155,
6/5/2014 10:00 PM,0.243,0.131,0.177,0.154,
6/6/2014 12:00 AM,0.242,0.128,0.171,0.151,
6/6/2014 2:00 AM,0.239,0.124,0.166,0.147,
6/6/2014 4:00 AM,0.235,0.121,0.161,0.145,
6/6/2014 6:00 AM,0.233,0.119,0.158,0.142,
6/6/2014 8:00 AM,0.229,0.117,0.155,0.141,
6/6/2014 10:00 AM,0.222,0.120,0.153,0.142,
6/6/2014 12:00 PM,0.225,0.127,0.158,0.149,
6/6/2014 2:00 PM,0.231,0.132,0.165,0.154,
6/6/2014 4:00 PM,0.236,0.136,0.170,0.156,
6/6/2014 6:00 PM,0.240,0.136,0.173,0.156,
6/6/2014 8:00 PM,0.238,0.134,0.173,0.155,
6/6/2014 10:00 PM,0.239,0.130,0.172,0.153,
6/7/2014 12:00 AM,0.237,0.126,0.168,0.148,
6/7/2014 2:00 AM,0.235,0.122,0.164,0.145,
6/7/2014 4:00 AM,0.234,0.120,0.161,0.143,
6/7/2014 6:00 AM,0.232,0.117,0.156,0.142,
6/7/2014 8:00 AM,0.312,0.115,0.152,0.138,
6/7/2014 10:00 AM,0.240,0.119,0.150,0.140,
6/7/2014 12:00 PM,0.220,0.124,0.155,0.143,
6/7/2014 2:00 PM,0.225,0.128,0.161,0.148,
6/7/2014 4:00 PM,0.232,0.132,0.166,0.151,
6/7/2014 6:00 PM,0.237,0.132,0.169,0.152,
6/7/2014 8:42 PM,0.261,0.130,0.170,0.150,
6/7/2014 10:00 PM,0.331,0.126,0.167,0.148,
6/8/2014 12:00 AM,0.235,0.125,0.164,0.147,
6/8/2014 2:00 AM,0.232,0.121,0.159,0.143,
6/8/2014 4:00 AM,0.229,0.120,0.158,0.142,
6/8/2014 6:00 AM,0.229,0.117,0.156,0.142,
6/8/2014 8:00 AM,0.226,0.116,0.153,0.138,
6/8/2014 10:00 AM,0.221,0.118,0.150,0.140,
6/8/2014 12:00 PM,0.222,0.123,0.154,0.145,
6/8/2014 2:00 PM,0.226,0.128,0.158,0.148,
6/8/2014 4:00 PM,0.232,0.131,0.163,0.151,
6/8/2014 6:00 PM,0.236,0.131,0.166,0.151,
6/8/2014 8:00 PM,0.234,0.128,0.166,0.149,
6/8/2014 10:00 PM,0.234,0.124,0.165,0.146,
6/9/2014 12:00 AM,0.231,0.120,0.159,0.142,
6/9/2014 2:00 AM,0.229,0.115,0.156,0.139,
6/9/2014 4:00 AM,0.227,0.113,0.153,0.137,
6/9/2014 6:00 AM,0.225,0.111,0.150,0.134,
6/9/2014 8:00 AM,0.227,0.110,0.147,0.134,
6/9/2014 10:00 AM,0.214,0.115,0.146,0.136,
6/9/2014 12:00 PM,0.216,0.121,0.151,0.141,
6/9/2014 2:00 PM,0.222,0.126,0.157,0.147,
6/9/2014 4:00 PM,0.229,0.130,0.162,0.150,
6/9/2014 6:00 PM,0.233,0.130,0.164,0.150,
6/9/2014 11:50 PM,0.247,0.128,0.164,0.149,
6/10/2014 12:00 AM,#N/A,0.117,0.164,0.140,
6/10/2014 2:00 AM,#N/A,0.114,0.158,0.138,
6/10/2014 4:00 AM,0.226,0.112,0.149,0.135,
6/10/2014 6:00 AM,0.223,0.110,0.147,0.134,
6/10/2014 9:14 AM,0.234,0.110,0.145,0.134,
6/10/2014 10:00 AM,#N/A,0.115,0.151,0.138,
6/10/2014 3:42 PM,#N/A,0.120,0.154,0.141,
6/10/2014 4:00 PM,0.229,0.127,0.162,0.147,
6/10/2014 6:00 PM,0.228,0.127,0.161,0.147,
6/10/2014 8:00 PM,0.229,0.126,0.162,0.146,
6/10/2014 10:00 PM,0.231,0.123,0.160,0.144,
6/11/2014 2:16 AM,0.247,0.120,0.156,0.142,
6/11/2014 4:00 AM,#N/A,0.111,0.156,0.136,
6/11/2014 6:00 AM,0.413,0.108,0.145,0.133,
6/11/2014 8:00 AM,0.218,0.107,0.141,0.130,
6/11/2014 10:00 AM,0.212,0.113,0.140,0.133,
6/11/2014 12:00 PM,0.213,0.117,0.146,0.137,
6/11/2014 2:00 PM,0.217,0.123,0.152,0.142,
6/11/2014 4:00 PM,0.224,0.127,0.158,0.145,
6/11/2014 6:00 PM,0.230,0.127,0.161,0.146,
6/11/2014 8:00 PM,0.228,0.124,0.160,0.144,
6/11/2014 10:00 PM,0.228,0.120,0.158,0.140,
6/12/2014 12:00 AM,0.227,0.115,0.152,0.137,
6/12/2014 2:00 AM,0.224,0.111,0.148,0.134,
6/12/2014 4:00 AM,0.221,0.109,0.144,0.130,
6/12/2014 6:00 AM,0.219,0.107,0.141,0.129,
6/12/2014 8:00 AM,0.216,0.107,0.140,0.130,
6/12/2014 10:00 AM,0.210,0.112,0.140,0.132,
6/12/2014 12:00 PM,0.212,0.117,0.146,0.137,
6/12/2014 2:00 PM,0.218,0.122,0.152,0.141,
6/12/2014 4:00 PM,0.221,0.124,0.156,0.144,
6/12/2014 8:17 PM,0.259,0.123,0.161,0.145,
6/13/2014 2:38 AM,#N/A,0.114,0.166,0.135,
6/13/2014 4:00 AM,#N/A,0.107,0.162,0.130,
6/13/2014 6:00 AM,#N/A,0.105,0.156,0.128,
6/13/2014 8:00 AM,0.223,0.103,0.149,0.126,
6/13/2014 10:00 AM,0.215,0.108,0.143,0.128,
6/13/2014 12:00 PM,0.216,0.113,0.147,0.131,
6/13/2014 2:00 PM,0.220,0.117,0.150,0.134,
6/13/2014 4:00 PM,0.225,0.121,0.155,0.136,
6/13/2014 6:00 PM,0.229,0.122,0.156,0.135,
6/13/2014 8:00 PM,0.227,0.120,0.156,0.132,
6/13/2014 10:00 PM,0.225,0.117,0.151,0.128,
6/14/2014 12:00 AM,0.222,0.114,0.147,0.126,
6/14/2014 2:00 AM,0.219,0.111,0.143,0.124,
6/14/2014 4:00 AM,0.218,0.108,0.141,0.122,
6/14/2014 6:00 AM,0.216,0.106,0.138,0.120,
6/14/2014 8:00 AM,0.213,0.105,0.134,0.119,
6/14/2014 10:00 AM,0.209,0.107,0.133,0.122,
6/14/2014 12:00 PM,0.210,0.110,0.137,0.123,
6/14/2014 2:00 PM,0.212,0.116,0.140,0.127,
6/14/2014 4:00 PM,0.216,0.120,0.146,0.130,
6/14/2014 6:00 PM,0.222,0.118,0.148,0.130,
6/14/2014 8:00 PM,0.219,0.117,0.148,0.129,
6/14/2014 10:00 PM,0.219,0.113,0.148,0.126,
6/15/2014 12:00 AM,0.216,0.110,0.143,0.123,
6/15/2014 2:00 AM,0.213,0.106,0.140,0.121,
6/15/2014 4:00 AM,0.211,0.104,0.137,0.120,
6/15/2014 6:00 AM,0.210,0.104,0.135,0.119,
6/15/2014 8:00 AM,0.208,0.104,0.134,0.119,
6/15/2014 10:00 AM,0.204,0.107,0.134,0.120,
6/15/2014 12:00 PM,0.204,0.111,0.138,0.124,
6/15/2014 2:00 PM,0.208,0.115,0.142,0.127,
6/15/2014 4:00 PM,0.212,0.117,0.144,0.129,
6/15/2014 6:00 PM,0.214,0.116,0.145,0.128,
6/15/2014 8:00 PM,0.216,0.114,0.145,0.128,
6/15/2014 10:00 PM,0.216,0.111,0.143,0.126,
6/16/2014 12:00 AM,0.214,0.109,0.140,0.124,
6/16/2014 2:00 AM,0.212,0.107,0.139,0.123,
6/16/2014 4:00 AM,0.211,0.107,0.137,0.121,
6/16/2014 6:00 AM,0.346,0.106,0.137,0.120,
6/16/2014 8:00 AM,0.208,0.105,0.135,0.120,
6/16/2014 10:00 AM,0.206,0.107,0.135,0.121,
6/16/2014 12:00 PM,0.203,0.111,0.138,0.124,
6/16/2014 2:00 PM,0.209,0.114,0.145,0.129,
6/16/2014 4:00 PM,0.211,0.110,0.148,0.130,
6/16/2014 6:00 PM,0.213,0.106,0.148,0.128,
6/16/2014 8:00 PM,0.213,0.106,0.145,0.126,
6/16/2014 10:00 PM,0.234,0.105,0.148,0.128,
6/17/2014 12:00 AM,0.226,0.105,0.174,0.138,
6/17/2014 2:00 AM,0.228,0.104,0.189,0.137,
6/17/2014 4:00 AM,0.232,0.113,0.186,0.138,
6/17/2014 6:00 AM,0.230,0.115,0.182,0.137,
6/17/2014 8:00 AM,0.225,0.113,0.178,0.133,
6/17/2014 10:00 AM,0.210,0.107,0.167,0.123,
6/17/2014 12:00 PM,0.207,0.113,0.163,0.125,
6/17/2014 2:00 PM,0.221,0.114,0.179,0.138,
6/17/2014 5:18 PM,0.227,0.113,0.171,0.131,
6/17/2014 6:00 PM,0.466,0.115,0.172,0.130,
6/17/2014 8:00 PM,0.212,0.113,0.168,0.129,
6/17/2014 10:00 PM,0.211,0.112,0.168,0.128,
6/18/2014 12:00 AM,0.209,0.110,0.166,0.126,
6/18/2014 2:00 AM,0.206,0.107,0.164,0.124,
6/18/2014 4:00 AM,0.204,0.107,0.162,0.122,
6/18/2014 6:00 AM,0.203,0.105,0.161,0.121,
6/18/2014 8:00 AM,0.201,0.105,0.158,0.120,
6/18/2014 10:00 AM,0.199,0.108,0.156,0.124,
6/18/2014 12:00 PM,0.205,0.113,0.159,0.126,
6/18/2014 2:00 PM,0.211,0.117,0.163,0.130,
6/18/2014 4:00 PM,0.219,0.121,0.168,0.132,
6/18/2014 6:00 PM,0.225,0.120,0.173,0.131,
6/18/2014 8:00 PM,0.222,0.116,0.172,0.128,
6/18/2014 10:00 PM,0.220,0.114,0.169,0.127,
6/19/2014 12:00 AM,0.218,0.111,0.167,0.125,
6/19/2014 2:00 AM,0.215,0.108,0.164,0.123,
6/19/2014 4:00 AM,0.212,0.107,0.162,0.122,
6/19/2014 6:00 AM,0.211,0.105,0.160,0.120,
6/19/2014 8:00 AM,#N/A,0.105,0.159,0.120,
6/19/2014 10:00 AM,0.347,0.109,0.152,0.124,
6/19/2014 12:00 PM,0.208,0.116,0.156,0.126,
6/19/2014 2:00 PM,0.215,0.124,0.164,0.131,
6/19/2014 4:00 PM,0.223,0.128,0.171,0.132,
6/19/2014 6:05 PM,0.285,0.128,0.173,0.133,
6/19/2014 8:12 PM,#N/A,0.126,0.180,0.135,
6/20/2014 12:54 PM,#N/A,0.123,0.172,0.133,
6/20/2014 2:15 PM,#N/A,0.125,0.166,0.133,
6/20/2014 4:00 PM,0.222,0.129,0.168,0.135,
6/20/2014 6:00 PM,#N/A,#N/A,#N/A,#N/A,
