J1M1,Port 1,Port 2,Port 3,Port 4,Port 5
1403 records,10HS Soil Moisture,10HS Soil Moisture,10HS Soil Moisture,10HS Soil Moisture,
Measurement Time,m³/m³ VWC,m³/m³ VWC,m³/m³ VWC,m³/m³ VWC,None
11/14/2013 8:00 PM,#N/A,#N/A,#N/A,#N/A,
11/14/2013 10:00 PM,#N/A,#N/A,#N/A,#N/A,
11/15/2013 12:00 AM,#N/A,#N/A,#N/A,#N/A,
11/15/2013 2:00 AM,#N/A,#N/A,#N/A,#N/A,
11/15/2013 4:00 AM,#N/A,#N/A,#N/A,#N/A,
11/15/2013 6:00 AM,#N/A,#N/A,#N/A,#N/A,
11/15/2013 8:00 AM,#N/A,#N/A,#N/A,#N/A,
11/15/2013 10:00 AM,#N/A,#N/A,#N/A,#N/A,
11/15/2013 12:00 PM,0.032,0.052,0.090,0.086,
11/15/2013 2:00 PM,0.033,0.053,0.091,0.082,
11/15/2013 4:00 PM,0.031,0.051,0.091,0.081,
11/15/2013 6:00 PM,0.028,0.049,0.089,0.078,
11/15/2013 8:00 PM,0.026,0.047,0.089,0.078,
11/15/2013 10:00 PM,0.024,0.047,0.089,0.078,
11/16/2013 12:00 AM,0.023,0.046,0.088,0.078,
11/16/2013 2:00 AM,0.023,0.045,0.088,0.078,
11/16/2013 4:00 AM,0.023,0.045,0.088,0.077,
11/16/2013 6:00 AM,0.022,0.045,0.086,0.075,
11/16/2013 8:00 AM,0.021,0.045,0.086,0.075,
11/16/2013 10:00 AM,0.028,0.050,0.089,0.078,
11/16/2013 12:00 PM,0.031,0.051,0.091,0.081,
11/16/2013 2:00 PM,0.035,0.052,0.091,0.082,
11/16/2013 4:00 PM,0.037,0.052,0.092,0.084,
11/16/2013 6:00 PM,0.030,0.048,0.088,0.079,
11/16/2013 8:00 PM,0.027,0.045,0.086,0.077,
11/16/2013 10:00 PM,0.026,0.044,0.086,0.077,
11/17/2013 12:00 AM,0.024,0.042,0.084,0.075,
11/17/2013 2:00 AM,0.023,0.042,0.083,0.074,
11/17/2013 4:00 AM,0.021,0.040,0.082,0.073,
11/17/2013 6:00 AM,0.019,0.038,0.082,0.071,
11/17/2013 8:00 AM,0.020,0.039,0.082,0.071,
11/17/2013 10:00 AM,0.028,0.044,0.086,0.074,
11/17/2013 12:00 PM,0.034,0.050,0.089,0.078,
11/17/2013 2:00 PM,0.037,0.051,0.091,0.080,
11/17/2013 4:00 PM,0.036,0.051,0.090,0.082,
11/17/2013 6:00 PM,0.028,0.044,0.086,0.076,
11/17/2013 8:00 PM,0.023,0.041,0.083,0.073,
11/17/2013 10:00 PM,0.019,0.037,0.081,0.070,
11/18/2013 12:00 AM,0.018,0.036,0.080,0.069,
11/18/2013 2:00 AM,0.019,0.037,0.080,0.069,
11/18/2013 4:00 AM,0.019,0.037,0.080,0.069,
11/18/2013 6:00 AM,0.019,0.036,0.080,0.069,
11/18/2013 8:00 AM,0.018,0.036,0.079,0.069,
11/18/2013 10:00 AM,0.025,0.041,0.083,0.071,
11/18/2013 12:00 PM,0.031,0.046,0.087,0.074,
11/18/2013 2:00 PM,0.036,0.050,0.090,0.078,
11/18/2013 4:00 PM,0.037,0.051,0.090,0.081,
11/18/2013 6:00 PM,0.028,0.043,0.086,0.074,
11/18/2013 8:00 PM,0.021,0.038,0.082,0.070,
11/18/2013 10:00 PM,0.019,0.036,0.080,0.069,
11/19/2013 12:00 AM,0.017,0.034,0.078,0.067,
11/19/2013 2:00 AM,0.016,0.033,0.077,0.065,
11/19/2013 4:00 AM,0.014,0.031,0.076,0.064,
11/19/2013 6:00 AM,0.013,0.030,0.075,0.064,
11/19/2013 8:00 AM,0.014,0.030,0.076,0.064,
11/19/2013 10:00 AM,0.025,0.040,0.082,0.068,
11/19/2013 12:00 PM,0.033,0.048,0.087,0.074,
11/19/2013 2:00 PM,0.037,0.050,0.089,0.077,
11/19/2013 4:00 PM,0.035,0.048,0.088,0.078,
11/19/2013 6:00 PM,0.027,0.042,0.084,0.074,
11/19/2013 8:00 PM,0.021,0.036,0.080,0.069,
11/19/2013 10:00 PM,0.018,0.034,0.078,0.067,
11/20/2013 12:00 AM,0.016,0.032,0.077,0.066,
11/20/2013 2:00 AM,0.018,0.033,0.078,0.066,
11/20/2013 4:00 AM,0.016,0.032,0.077,0.065,
11/20/2013 6:00 AM,0.016,0.032,0.077,0.065,
11/20/2013 8:00 AM,0.018,0.033,0.077,0.066,
11/20/2013 10:00 AM,0.024,0.038,0.081,0.069,
11/20/2013 12:00 PM,0.028,0.042,0.082,0.072,
11/20/2013 2:00 PM,0.031,0.044,0.085,0.074,
11/20/2013 4:00 PM,0.034,0.046,0.086,0.078,
11/20/2013 6:00 PM,0.028,0.042,0.083,0.073,
11/20/2013 8:00 PM,0.022,0.037,0.080,0.069,
11/20/2013 10:00 PM,0.021,0.036,0.078,0.069,
11/21/2013 12:00 AM,0.019,0.034,0.078,0.068,
11/21/2013 2:00 AM,0.017,0.032,0.077,0.066,
11/21/2013 4:00 AM,0.017,0.032,0.076,0.065,
11/21/2013 6:00 AM,0.016,0.031,0.076,0.065,
11/21/2013 8:00 AM,0.016,0.031,0.075,0.064,
11/21/2013 10:00 AM,0.026,0.040,0.081,0.069,
11/21/2013 12:00 PM,0.033,0.045,0.085,0.074,
11/21/2013 2:00 PM,0.035,0.046,0.086,0.075,
11/21/2013 4:00 PM,0.033,0.045,0.086,0.075,
11/21/2013 6:00 PM,0.028,0.041,0.082,0.072,
11/21/2013 8:00 PM,0.025,0.038,0.080,0.069,
11/21/2013 10:00 PM,0.023,0.037,0.079,0.069,
11/22/2013 12:00 AM,0.022,0.036,0.078,0.069,
11/22/2013 2:00 AM,0.023,0.037,0.079,0.068,
11/22/2013 4:00 AM,0.021,0.038,0.079,0.066,
11/22/2013 6:00 AM,0.019,0.037,0.079,0.064,
11/22/2013 8:00 AM,0.018,0.036,0.078,0.064,
11/22/2013 10:00 AM,0.020,0.037,0.079,0.064,
11/22/2013 12:00 PM,0.022,0.038,0.081,0.065,
11/22/2013 2:00 PM,0.021,0.038,0.080,0.064,
11/22/2013 4:00 PM,0.017,0.035,0.078,0.064,
11/22/2013 6:00 PM,0.015,0.034,0.078,0.063,
11/22/2013 8:00 PM,0.014,0.033,0.077,0.062,
11/22/2013 10:00 PM,0.013,0.032,0.077,0.061,
11/23/2013 12:00 AM,0.013,0.032,0.076,0.061,
11/23/2013 2:00 AM,0.013,0.031,0.076,0.061,
11/23/2013 4:00 AM,0.013,0.031,0.077,0.061,
11/23/2013 6:00 AM,0.013,0.031,0.076,0.060,
11/23/2013 8:00 AM,0.013,0.031,0.076,0.060,
11/23/2013 10:00 AM,0.013,0.031,0.077,0.060,
11/23/2013 12:00 PM,0.014,0.033,0.077,0.061,
11/23/2013 2:00 PM,0.016,0.034,0.078,0.063,
11/23/2013 4:00 PM,0.016,0.034,0.078,0.062,
11/23/2013 6:00 PM,0.014,0.032,0.077,0.060,
11/23/2013 8:00 PM,0.013,0.031,0.075,0.059,
11/23/2013 10:00 PM,0.012,0.031,0.074,0.059,
11/24/2013 12:00 AM,0.012,0.031,0.077,0.058,
11/24/2013 2:00 AM,0.015,0.034,0.077,0.060,
11/24/2013 4:00 AM,0.016,0.035,0.077,0.061,
11/24/2013 6:00 AM,0.018,0.036,0.077,0.063,
11/24/2013 8:00 AM,0.020,0.037,0.077,0.064,
11/24/2013 10:00 AM,0.026,0.040,0.077,0.067,
11/24/2013 12:00 PM,0.043,0.047,0.079,0.071,
11/24/2013 2:00 PM,0.060,0.063,0.094,0.077,
11/24/2013 4:00 PM,0.057,0.068,0.102,0.081,
11/24/2013 6:00 PM,0.053,0.069,0.101,0.082,
11/24/2013 8:00 PM,0.051,0.069,0.101,0.083,
11/24/2013 10:00 PM,0.050,0.069,0.102,0.084,
11/25/2013 12:00 AM,0.049,0.069,0.102,0.084,
11/25/2013 2:00 AM,0.048,0.070,0.102,0.084,
11/25/2013 4:00 AM,0.047,0.070,0.102,0.085,
11/25/2013 6:00 AM,0.046,0.070,0.102,0.085,
11/25/2013 8:00 AM,0.046,0.070,0.102,0.084,
11/25/2013 10:00 AM,0.047,0.071,0.103,0.085,
11/25/2013 12:00 PM,0.050,0.074,0.105,0.086,
11/25/2013 2:00 PM,0.052,0.076,0.106,0.089,
11/25/2013 4:00 PM,0.052,0.077,0.106,0.089,
11/25/2013 6:00 PM,0.045,0.073,0.102,0.084,
11/25/2013 8:00 PM,0.041,0.069,0.099,0.080,
11/25/2013 10:00 PM,0.038,0.066,0.098,0.078,
11/26/2013 12:00 AM,0.033,0.064,0.096,0.077,
11/26/2013 2:00 AM,0.029,0.060,0.093,0.075,
11/26/2013 4:00 AM,0.025,0.055,0.089,0.072,
11/26/2013 6:00 AM,0.022,0.051,0.086,0.069,
11/26/2013 8:00 AM,0.021,0.047,0.085,0.067,
11/26/2013 10:00 AM,0.038,0.061,0.093,0.073,
11/26/2013 12:00 PM,0.050,0.074,0.104,0.082,
11/26/2013 2:00 PM,0.055,0.078,0.107,0.086,
11/26/2013 4:00 PM,0.055,0.078,0.107,0.090,
11/26/2013 6:00 PM,0.047,0.073,0.104,0.083,
11/26/2013 8:00 PM,0.041,0.069,0.100,0.079,
11/26/2013 10:00 PM,0.038,0.066,0.098,0.077,
11/27/2013 12:00 AM,0.035,0.064,0.096,0.074,
11/27/2013 2:00 AM,0.031,0.059,0.093,0.073,
11/27/2013 4:00 AM,0.028,0.055,0.091,0.071,
11/27/2013 6:00 AM,0.024,0.051,0.088,0.068,
11/27/2013 8:00 AM,0.023,0.048,0.086,0.067,
11/27/2013 10:00 AM,0.031,0.056,0.092,0.072,
11/27/2013 12:00 PM,0.042,0.068,0.100,0.078,
11/27/2013 2:00 PM,0.047,0.072,0.103,0.082,
11/27/2013 4:00 PM,0.045,0.071,0.102,0.081,
11/27/2013 6:00 PM,0.042,0.068,0.101,0.079,
11/27/2013 8:00 PM,0.038,0.065,0.098,0.076,
11/27/2013 10:00 PM,0.036,0.064,0.096,0.074,
11/28/2013 12:00 AM,0.032,0.060,0.093,0.072,
11/28/2013 2:00 AM,0.028,0.055,0.090,0.069,
11/28/2013 4:00 AM,0.024,0.051,0.088,0.067,
11/28/2013 6:00 AM,0.022,0.047,0.086,0.065,
11/28/2013 8:00 AM,0.022,0.045,0.085,0.064,
11/28/2013 10:00 AM,0.034,0.058,0.093,0.070,
11/28/2013 12:00 PM,0.046,0.071,0.102,0.079,
11/28/2013 2:00 PM,0.052,0.075,0.106,0.084,
11/28/2013 4:00 PM,0.052,0.076,0.106,0.089,
11/28/2013 6:00 PM,0.044,0.070,0.103,0.082,
11/28/2013 8:00 PM,0.039,0.065,0.099,0.078,
11/28/2013 10:00 PM,0.036,0.064,0.097,0.075,
11/29/2013 12:00 AM,0.034,0.062,0.096,0.074,
11/29/2013 2:00 AM,0.032,0.061,0.094,0.072,
11/29/2013 4:00 AM,0.031,0.058,0.093,0.071,
11/29/2013 6:00 AM,0.029,0.056,0.091,0.069,
11/29/2013 8:00 AM,0.029,0.053,0.090,0.069,
11/29/2013 10:00 AM,0.037,0.062,0.096,0.074,
11/29/2013 12:00 PM,0.046,0.070,0.102,0.081,
11/29/2013 2:00 PM,0.052,0.076,0.105,0.086,
11/29/2013 4:00 PM,0.053,0.075,0.105,0.089,
11/29/2013 6:00 PM,0.044,0.069,0.103,0.082,
11/29/2013 8:00 PM,0.039,0.065,0.099,0.078,
11/29/2013 10:00 PM,0.036,0.063,0.097,0.075,
11/30/2013 12:00 AM,0.034,0.062,0.096,0.074,
11/30/2013 2:00 AM,0.032,0.060,0.094,0.072,
11/30/2013 4:00 AM,0.032,0.060,0.093,0.072,
11/30/2013 6:00 AM,0.031,0.059,0.093,0.072,
11/30/2013 8:00 AM,0.031,0.059,0.093,0.071,
11/30/2013 10:00 AM,0.038,0.063,0.097,0.076,
11/30/2013 12:00 PM,0.042,0.066,0.099,0.079,
11/30/2013 2:00 PM,0.047,0.070,0.102,0.083,
11/30/2013 4:00 PM,0.048,0.071,0.102,0.085,
11/30/2013 6:00 PM,0.042,0.067,0.101,0.081,
11/30/2013 8:00 PM,0.040,0.065,0.099,0.079,
11/30/2013 10:00 PM,0.038,0.064,0.098,0.078,
12/1/2013 12:00 AM,0.037,0.063,0.097,0.077,
12/1/2013 2:00 AM,0.037,0.063,0.096,0.077,
12/1/2013 4:00 AM,0.037,0.063,0.096,0.077,
12/1/2013 6:00 AM,0.037,0.063,0.096,0.077,
12/1/2013 8:00 AM,0.037,0.063,0.096,0.077,
12/1/2013 10:00 AM,0.039,0.064,0.097,0.078,
12/1/2013 12:00 PM,0.044,0.068,0.100,0.082,
12/1/2013 2:00 PM,0.048,0.070,0.102,0.084,
12/1/2013 4:00 PM,0.048,0.071,0.102,0.086,
12/1/2013 6:00 PM,0.042,0.067,0.099,0.081,
12/1/2013 8:00 PM,0.037,0.063,0.097,0.078,
12/1/2013 10:00 PM,0.035,0.061,0.095,0.075,
12/2/2013 12:00 AM,0.033,0.059,0.093,0.074,
12/2/2013 2:00 AM,0.031,0.058,0.092,0.072,
12/2/2013 4:00 AM,0.030,0.057,0.090,0.070,
12/2/2013 6:00 AM,0.028,0.055,0.089,0.069,
12/2/2013 8:00 AM,0.028,0.055,0.089,0.069,
12/2/2013 10:00 AM,0.035,0.060,0.094,0.073,
12/2/2013 12:00 PM,0.043,0.066,0.099,0.078,
12/2/2013 2:00 PM,0.049,0.069,0.102,0.083,
12/2/2013 4:00 PM,0.049,0.069,0.102,0.086,
12/2/2013 6:00 PM,0.041,0.064,0.098,0.080,
12/2/2013 8:00 PM,0.035,0.059,0.095,0.075,
12/2/2013 10:00 PM,0.032,0.058,0.093,0.074,
12/3/2013 12:00 AM,0.031,0.057,0.091,0.073,
12/3/2013 2:00 AM,0.031,0.057,0.092,0.073,
12/3/2013 4:00 AM,0.032,0.058,0.092,0.074,
12/3/2013 6:00 AM,0.033,0.057,0.092,0.074,
12/3/2013 8:00 AM,0.033,0.058,0.093,0.074,
12/3/2013 10:00 AM,0.037,0.060,0.094,0.077,
12/3/2013 12:00 PM,0.043,0.065,0.097,0.081,
12/3/2013 2:00 PM,0.047,0.068,0.098,0.083,
12/3/2013 4:00 PM,0.047,0.068,0.098,0.085,
12/3/2013 6:00 PM,0.040,0.063,0.095,0.079,
12/3/2013 8:00 PM,0.035,0.058,0.092,0.075,
12/3/2013 10:00 PM,0.032,0.056,0.090,0.073,
12/4/2013 12:00 AM,0.031,0.055,0.089,0.072,
12/4/2013 2:00 AM,0.031,0.055,0.089,0.072,
12/4/2013 4:00 AM,0.032,0.056,0.089,0.073,
12/4/2013 6:00 AM,0.032,0.056,0.089,0.072,
12/4/2013 8:00 AM,0.032,0.055,0.089,0.072,
12/4/2013 10:00 AM,0.039,0.060,0.093,0.076,
12/4/2013 12:00 PM,0.044,0.064,0.095,0.082,
12/4/2013 2:00 PM,0.046,0.065,0.096,0.086,
12/4/2013 4:00 PM,0.046,0.064,0.095,0.086,
12/4/2013 6:00 PM,0.042,0.061,0.093,0.082,
12/4/2013 8:00 PM,0.041,0.059,0.092,0.079,
12/4/2013 10:00 PM,0.038,0.058,0.090,0.078,
12/5/2013 12:00 AM,0.036,0.055,0.089,0.075,
12/5/2013 2:00 AM,0.035,0.055,0.087,0.074,
12/5/2013 4:00 AM,0.035,0.055,0.087,0.074,
12/5/2013 6:00 AM,0.035,0.055,0.088,0.074,
12/5/2013 8:00 AM,0.036,0.055,0.088,0.074,
12/5/2013 10:00 AM,0.039,0.057,0.089,0.074,
12/5/2013 12:00 PM,0.043,0.060,0.093,0.078,
12/5/2013 2:00 PM,0.044,0.060,0.093,0.079,
12/5/2013 4:00 PM,0.042,0.058,0.092,0.078,
12/5/2013 6:00 PM,0.038,0.056,0.089,0.074,
12/5/2013 8:00 PM,0.035,0.053,0.087,0.072,
12/5/2013 10:00 PM,0.032,0.051,0.085,0.069,
12/6/2013 12:00 AM,0.031,0.051,0.083,0.069,
12/6/2013 2:00 AM,0.030,0.050,0.082,0.067,
12/6/2013 4:00 AM,0.030,0.049,0.082,0.066,
12/6/2013 6:00 AM,0.029,0.048,0.081,0.065,
12/6/2013 8:00 AM,0.028,0.048,0.080,0.065,
12/6/2013 10:00 AM,0.034,0.052,0.086,0.069,
12/6/2013 12:00 PM,0.041,0.057,0.091,0.073,
12/6/2013 2:00 PM,0.043,0.058,0.093,0.076,
12/6/2013 4:00 PM,0.042,0.058,0.093,0.078,
12/6/2013 6:00 PM,0.035,0.052,0.086,0.071,
12/6/2013 8:00 PM,0.029,0.048,0.082,0.066,
12/6/2013 10:00 PM,0.027,0.046,0.079,0.064,
12/7/2013 12:00 AM,0.027,0.045,0.079,0.064,
12/7/2013 2:00 AM,0.025,0.044,0.078,0.062,
12/7/2013 4:00 AM,0.024,0.043,0.077,0.061,
12/7/2013 6:00 AM,0.024,0.043,0.077,0.061,
12/7/2013 8:00 AM,0.025,0.043,0.078,0.061,
12/7/2013 10:00 AM,0.030,0.048,0.082,0.065,
12/7/2013 12:00 PM,0.034,0.051,0.085,0.069,
12/7/2013 2:00 PM,0.036,0.052,0.086,0.069,
12/7/2013 4:00 PM,0.035,0.051,0.086,0.069,
12/7/2013 6:00 PM,0.032,0.051,0.083,0.068,
12/7/2013 8:00 PM,0.030,0.048,0.081,0.065,
12/7/2013 10:00 PM,0.028,0.046,0.079,0.064,
12/8/2013 12:00 AM,0.027,0.045,0.078,0.063,
12/8/2013 2:00 AM,0.026,0.044,0.077,0.062,
12/8/2013 4:00 AM,0.026,0.044,0.077,0.062,
12/8/2013 6:00 AM,0.026,0.044,0.077,0.063,
12/8/2013 8:00 AM,0.027,0.045,0.079,0.064,
12/8/2013 10:00 AM,0.033,0.050,0.083,0.067,
12/8/2013 12:00 PM,0.038,0.054,0.089,0.072,
12/8/2013 2:00 PM,0.041,0.055,0.090,0.075,
12/8/2013 4:00 PM,0.040,0.055,0.089,0.076,
12/8/2013 6:00 PM,0.034,0.051,0.085,0.071,
12/8/2013 8:00 PM,0.030,0.048,0.082,0.068,
12/8/2013 10:00 PM,0.028,0.045,0.080,0.065,
12/9/2013 12:00 AM,0.028,0.045,0.079,0.064,
12/9/2013 2:00 AM,0.027,0.044,0.078,0.064,
12/9/2013 4:00 AM,0.026,0.044,0.078,0.063,
12/9/2013 6:00 AM,0.025,0.043,0.077,0.062,
12/9/2013 8:00 AM,0.027,0.044,0.078,0.063,
12/9/2013 10:00 AM,0.032,0.049,0.083,0.067,
12/9/2013 12:00 PM,0.038,0.053,0.089,0.072,
12/9/2013 2:00 PM,0.041,0.054,0.090,0.075,
12/9/2013 4:00 PM,0.041,0.054,0.091,0.076,
12/9/2013 6:00 PM,0.033,0.049,0.085,0.070,
12/9/2013 8:00 PM,0.027,0.043,0.079,0.064,
12/9/2013 10:00 PM,0.024,0.041,0.077,0.062,
12/10/2013 12:00 AM,0.022,0.039,0.074,0.060,
12/10/2013 2:00 AM,0.021,0.038,0.074,0.058,
12/10/2013 4:00 AM,0.019,0.036,0.071,0.057,
12/10/2013 6:00 AM,0.017,0.034,0.070,0.055,
12/10/2013 8:00 AM,0.017,0.034,0.071,0.055,
12/10/2013 10:00 AM,0.026,0.042,0.078,0.060,
12/10/2013 12:00 PM,0.034,0.049,0.086,0.066,
12/10/2013 2:00 PM,0.039,0.051,0.089,0.070,
12/10/2013 4:00 PM,0.040,0.051,0.089,0.074,
12/10/2013 6:00 PM,0.031,0.046,0.082,0.067,
12/10/2013 8:00 PM,0.025,0.041,0.078,0.062,
12/10/2013 10:00 PM,0.022,0.039,0.075,0.059,
12/11/2013 12:00 AM,0.021,0.037,0.074,0.058,
12/11/2013 2:00 AM,0.020,0.036,0.072,0.057,
12/11/2013 4:00 AM,0.019,0.036,0.071,0.056,
12/11/2013 6:00 AM,0.019,0.035,0.071,0.056,
12/11/2013 8:00 AM,0.018,0.035,0.071,0.056,
12/11/2013 10:00 AM,0.026,0.042,0.078,0.060,
12/11/2013 12:00 PM,0.035,0.050,0.086,0.067,
12/11/2013 2:00 PM,0.041,0.053,0.090,0.073,
12/11/2013 4:00 PM,0.041,0.052,0.089,0.075,
12/11/2013 6:00 PM,0.032,0.047,0.083,0.069,
12/11/2013 8:00 PM,0.027,0.042,0.078,0.064,
12/11/2013 10:00 PM,0.026,0.041,0.077,0.063,
12/12/2013 12:00 AM,0.024,0.040,0.076,0.061,
12/12/2013 2:00 AM,0.024,0.039,0.075,0.060,
12/12/2013 4:00 AM,0.024,0.039,0.075,0.060,
12/12/2013 6:00 AM,0.025,0.040,0.076,0.062,
12/12/2013 8:00 AM,0.034,0.049,0.077,0.063,
12/12/2013 10:00 AM,0.047,0.058,0.075,0.065,
12/12/2013 12:00 PM,0.071,0.071,0.078,0.070,
12/12/2013 2:00 PM,0.108,0.096,0.086,0.081,
12/12/2013 4:00 PM,0.084,0.085,0.098,0.082,
12/12/2013 6:00 PM,0.078,0.079,0.099,0.082,
12/12/2013 8:00 PM,0.075,0.078,0.099,0.082,
12/12/2013 10:00 PM,0.074,0.078,0.099,0.083,
12/13/2013 12:00 AM,0.074,0.080,0.099,0.084,
12/13/2013 2:00 AM,0.075,0.082,0.097,0.086,
12/13/2013 4:00 AM,0.075,0.083,0.095,0.086,
12/13/2013 6:00 AM,0.075,0.085,0.092,0.084,
12/13/2013 8:00 AM,0.084,0.090,0.087,0.086,
12/13/2013 10:00 AM,0.086,0.093,0.093,0.089,
12/13/2013 12:00 PM,0.079,0.089,0.107,0.091,
12/13/2013 2:00 PM,0.081,0.090,0.110,0.095,
12/13/2013 4:00 PM,0.078,0.089,0.110,0.096,
12/13/2013 6:00 PM,0.072,0.084,0.106,0.091,
12/13/2013 8:00 PM,0.067,0.080,0.104,0.087,
12/13/2013 10:00 PM,0.064,0.078,0.101,0.085,
12/14/2013 12:00 AM,0.063,0.076,0.099,0.082,
12/14/2013 2:00 AM,0.060,0.074,0.098,0.081,
12/14/2013 4:00 AM,0.053,0.070,0.096,0.079,
12/14/2013 6:00 AM,0.047,0.064,0.093,0.078,
12/14/2013 8:00 AM,0.043,0.060,0.090,0.074,
12/14/2013 10:00 AM,0.054,0.069,0.095,0.078,
12/14/2013 12:00 PM,0.068,0.081,0.105,0.086,
12/14/2013 2:00 PM,0.073,0.085,0.108,0.089,
12/14/2013 4:00 PM,0.073,0.085,0.109,0.092,
12/14/2013 6:00 PM,0.067,0.079,0.105,0.086,
12/14/2013 8:00 PM,0.061,0.075,0.101,0.082,
12/14/2013 10:00 PM,0.058,0.073,0.099,0.079,
12/15/2013 12:00 AM,0.055,0.069,0.096,0.078,
12/15/2013 2:00 AM,0.049,0.064,0.093,0.075,
12/15/2013 4:00 AM,0.044,0.059,0.090,0.073,
12/15/2013 6:00 AM,0.040,0.055,0.087,0.070,
12/15/2013 8:00 AM,0.037,0.052,0.086,0.069,
12/15/2013 10:00 AM,0.048,0.062,0.092,0.073,
12/15/2013 12:00 PM,0.064,0.078,0.104,0.082,
12/15/2013 2:00 PM,0.069,0.082,0.107,0.087,
12/15/2013 4:00 PM,0.070,0.082,0.108,0.090,
12/15/2013 6:00 PM,0.064,0.078,0.105,0.086,
12/15/2013 8:00 PM,0.059,0.073,0.100,0.080,
12/15/2013 10:00 PM,0.056,0.071,0.098,0.078,
12/16/2013 12:00 AM,0.054,0.069,0.096,0.076,
12/16/2013 2:00 AM,0.050,0.065,0.094,0.074,
12/16/2013 4:00 AM,0.045,0.061,0.091,0.073,
12/16/2013 6:00 AM,0.042,0.058,0.088,0.070,
12/16/2013 8:00 AM,0.039,0.055,0.086,0.069,
12/16/2013 10:00 AM,0.049,0.064,0.094,0.074,
12/16/2013 12:00 PM,0.063,0.076,0.104,0.082,
12/16/2013 2:00 PM,0.069,0.081,0.107,0.087,
12/16/2013 4:00 PM,0.069,0.081,0.107,0.091,
12/16/2013 6:00 PM,0.064,0.076,0.105,0.086,
12/16/2013 8:00 PM,0.058,0.072,0.100,0.081,
12/16/2013 10:00 PM,0.056,0.069,0.098,0.078,
12/17/2013 12:00 AM,0.054,0.069,0.096,0.076,
12/17/2013 2:00 AM,0.052,0.067,0.095,0.075,
12/17/2013 4:00 AM,0.050,0.065,0.094,0.074,
12/17/2013 6:00 AM,0.046,0.062,0.092,0.073,
12/17/2013 8:00 AM,0.044,0.059,0.090,0.071,
12/17/2013 10:00 AM,0.053,0.067,0.097,0.076,
12/17/2013 12:00 PM,0.064,0.076,0.104,0.083,
12/17/2013 2:00 PM,0.068,0.080,0.107,0.088,
12/17/2013 4:00 PM,0.069,0.080,0.107,0.091,
12/17/2013 6:00 PM,0.063,0.074,0.103,0.086,
12/17/2013 8:00 PM,0.057,0.069,0.099,0.080,
12/17/2013 10:00 PM,0.054,0.068,0.096,0.078,
12/18/2013 12:00 AM,0.052,0.066,0.095,0.075,
12/18/2013 2:00 AM,0.051,0.065,0.093,0.074,
12/18/2013 4:00 AM,0.050,0.064,0.093,0.074,
12/18/2013 6:00 AM,0.047,0.062,0.092,0.073,
12/18/2013 8:00 AM,0.045,0.060,0.091,0.072,
12/18/2013 10:00 AM,0.052,0.066,0.096,0.076,
12/18/2013 12:00 PM,0.059,0.072,0.101,0.082,
12/18/2013 2:00 PM,0.065,0.077,0.105,0.086,
12/18/2013 4:00 PM,0.064,0.075,0.104,0.087,
12/18/2013 6:00 PM,0.059,0.071,0.101,0.083,
12/18/2013 8:00 PM,0.057,0.069,0.099,0.081,
12/18/2013 10:00 PM,0.055,0.068,0.097,0.079,
12/19/2013 12:00 AM,0.054,0.068,0.096,0.078,
12/19/2013 2:00 AM,0.053,0.066,0.094,0.078,
12/19/2013 4:00 AM,0.051,0.065,0.093,0.076,
12/19/2013 6:00 AM,0.051,0.065,0.093,0.075,
12/19/2013 8:00 AM,0.051,0.064,0.092,0.074,
12/19/2013 10:00 AM,0.056,0.069,0.096,0.078,
12/19/2013 12:00 PM,0.061,0.074,0.101,0.084,
12/19/2013 2:00 PM,0.064,0.076,0.103,0.088,
12/19/2013 4:00 PM,0.064,0.075,0.102,0.089,
12/19/2013 6:00 PM,0.059,0.072,0.099,0.085,
12/19/2013 8:00 PM,0.056,0.069,0.097,0.082,
12/19/2013 10:00 PM,0.053,0.066,0.094,0.079,
12/20/2013 12:00 AM,0.051,0.064,0.093,0.077,
12/20/2013 2:00 AM,0.051,0.064,0.092,0.076,
12/20/2013 4:00 AM,0.051,0.064,0.092,0.076,
12/20/2013 6:00 AM,0.051,0.064,0.093,0.077,
12/20/2013 8:00 AM,0.051,0.064,0.093,0.077,
12/20/2013 10:00 AM,0.053,0.065,0.093,0.078,
12/20/2013 12:00 PM,0.057,0.069,0.096,0.082,
12/20/2013 2:00 PM,0.058,0.070,0.098,0.083,
12/20/2013 4:00 PM,0.060,0.075,0.092,0.081,
12/20/2013 6:00 PM,0.059,0.071,0.096,0.082,
12/20/2013 8:00 PM,0.058,0.070,0.095,0.080,
12/20/2013 10:00 PM,0.057,0.069,0.094,0.078,
12/21/2013 12:00 AM,0.056,0.068,0.093,0.078,
12/21/2013 2:00 AM,0.055,0.068,0.093,0.078,
12/21/2013 4:00 AM,0.056,0.069,0.091,0.077,
12/21/2013 6:00 AM,0.107,0.086,0.083,0.096,
12/21/2013 8:00 AM,0.085,0.079,0.096,0.093,
12/21/2013 10:00 AM,0.080,0.074,0.104,0.098,
12/21/2013 12:00 PM,0.078,0.075,0.105,0.101,
12/21/2013 2:00 PM,0.075,0.074,0.105,0.101,
12/21/2013 4:00 PM,0.073,0.074,0.105,0.100,
12/21/2013 6:00 PM,0.070,0.073,0.104,0.098,
12/21/2013 8:00 PM,0.069,0.071,0.103,0.096,
12/21/2013 10:00 PM,0.067,0.070,0.102,0.094,
12/22/2013 12:00 AM,0.065,0.069,0.101,0.092,
12/22/2013 2:00 AM,0.064,0.068,0.100,0.089,
12/22/2013 4:00 AM,0.063,0.067,0.100,0.089,
12/22/2013 6:00 AM,0.059,0.066,0.099,0.086,
12/22/2013 8:00 AM,0.052,0.064,0.095,0.083,
12/22/2013 10:00 AM,0.061,0.068,0.099,0.087,
12/22/2013 12:00 PM,0.069,0.074,0.106,0.093,
12/22/2013 2:00 PM,0.073,0.075,0.109,0.095,
12/22/2013 4:00 PM,0.073,0.074,0.110,0.096,
12/22/2013 6:00 PM,0.068,0.071,0.105,0.092,
12/22/2013 8:00 PM,0.063,0.066,0.102,0.087,
12/22/2013 10:00 PM,0.060,0.065,0.100,0.085,
12/23/2013 12:00 AM,0.057,0.064,0.098,0.083,
12/23/2013 2:00 AM,0.052,0.062,0.096,0.080,
12/23/2013 4:00 AM,0.049,0.059,0.093,0.076,
12/23/2013 6:00 AM,0.045,0.058,0.090,0.074,
12/23/2013 8:00 AM,0.042,0.055,0.089,0.072,
12/23/2013 10:00 AM,0.051,0.062,0.095,0.076,
12/23/2013 12:00 PM,0.065,0.069,0.105,0.087,
12/23/2013 2:00 PM,0.070,0.074,0.108,0.093,
12/23/2013 4:00 PM,0.071,0.074,0.108,0.096,
12/23/2013 6:00 PM,0.065,0.069,0.105,0.090,
12/23/2013 8:00 PM,0.059,0.064,0.101,0.085,
12/23/2013 10:00 PM,0.057,0.063,0.099,0.082,
12/24/2013 12:00 AM,0.053,0.061,0.096,0.079,
12/24/2013 2:00 AM,0.049,0.059,0.093,0.076,
12/24/2013 4:00 AM,0.045,0.057,0.091,0.073,
12/24/2013 6:00 AM,0.042,0.054,0.088,0.071,
12/24/2013 8:00 AM,0.040,0.052,0.087,0.069,
12/24/2013 10:00 AM,0.047,0.058,0.093,0.074,
12/24/2013 12:00 PM,0.063,0.068,0.104,0.086,
12/24/2013 2:00 PM,0.068,0.072,0.107,0.091,
12/24/2013 4:00 PM,0.069,0.072,0.107,0.095,
12/24/2013 6:00 PM,0.064,0.068,0.104,0.089,
12/24/2013 8:00 PM,0.058,0.064,0.100,0.085,
12/24/2013 10:00 PM,0.056,0.062,0.098,0.082,
12/25/2013 12:00 AM,0.054,0.060,0.096,0.081,
12/25/2013 2:00 AM,0.052,0.060,0.096,0.079,
12/25/2013 4:00 AM,0.051,0.059,0.095,0.078,
12/25/2013 6:00 AM,0.048,0.058,0.093,0.075,
12/25/2013 8:00 AM,0.046,0.057,0.092,0.074,
12/25/2013 10:00 AM,0.052,0.061,0.096,0.078,
12/25/2013 12:00 PM,0.062,0.068,0.103,0.086,
12/25/2013 2:00 PM,0.066,0.071,0.106,0.090,
12/25/2013 4:00 PM,0.067,0.070,0.106,0.093,
12/25/2013 6:00 PM,0.061,0.066,0.102,0.088,
12/25/2013 8:00 PM,0.057,0.062,0.099,0.084,
12/25/2013 10:00 PM,0.055,0.061,0.097,0.082,
12/26/2013 12:00 AM,0.056,0.061,0.097,0.082,
12/26/2013 2:00 AM,0.053,0.059,0.095,0.080,
12/26/2013 4:00 AM,0.051,0.058,0.093,0.078,
12/26/2013 6:00 AM,0.049,0.057,0.092,0.076,
12/26/2013 8:00 AM,0.045,0.056,0.091,0.074,
12/26/2013 10:00 AM,0.051,0.059,0.095,0.078,
12/26/2013 12:00 PM,0.060,0.065,0.102,0.085,
12/26/2013 2:00 PM,0.064,0.069,0.105,0.089,
12/26/2013 4:00 PM,0.064,0.069,0.105,0.092,
12/26/2013 6:00 PM,0.059,0.064,0.100,0.086,
12/26/2013 8:00 PM,0.055,0.060,0.096,0.082,
12/26/2013 10:00 PM,0.052,0.058,0.094,0.079,
12/27/2013 12:00 AM,0.051,0.057,0.093,0.078,
12/27/2013 2:00 AM,0.049,0.056,0.091,0.076,
12/27/2013 4:00 AM,0.046,0.055,0.090,0.074,
12/27/2013 6:00 AM,0.043,0.053,0.089,0.072,
12/27/2013 8:00 AM,0.041,0.051,0.087,0.070,
12/27/2013 10:00 AM,0.047,0.057,0.093,0.074,
12/27/2013 12:00 PM,0.058,0.064,0.100,0.083,
12/27/2013 2:00 PM,0.064,0.069,0.103,0.088,
12/27/2013 4:00 PM,0.064,0.068,0.104,0.090,
12/27/2013 6:00 PM,0.058,0.064,0.099,0.086,
12/27/2013 8:00 PM,0.053,0.059,0.095,0.081,
12/27/2013 10:00 PM,0.051,0.057,0.093,0.078,
12/28/2013 12:00 AM,0.049,0.056,0.091,0.076,
12/28/2013 2:00 AM,0.048,0.054,0.089,0.075,
12/28/2013 4:00 AM,0.046,0.053,0.089,0.074,
12/28/2013 6:00 AM,0.042,0.052,0.087,0.071,
12/28/2013 8:00 AM,0.041,0.051,0.086,0.070,
12/28/2013 10:00 AM,0.047,0.057,0.092,0.074,
12/28/2013 12:00 PM,0.058,0.064,0.099,0.082,
12/28/2013 2:00 PM,0.061,0.066,0.101,0.086,
12/28/2013 4:00 PM,0.060,0.065,0.101,0.088,
12/28/2013 6:00 PM,0.056,0.062,0.097,0.085,
12/28/2013 8:00 PM,0.052,0.058,0.094,0.081,
12/28/2013 10:00 PM,0.051,0.058,0.093,0.080,
12/29/2013 12:00 AM,0.051,0.058,0.092,0.079,
12/29/2013 2:00 AM,0.051,0.057,0.092,0.078,
12/29/2013 4:00 AM,0.050,0.056,0.091,0.078,
12/29/2013 6:00 AM,0.050,0.056,0.090,0.077,
12/29/2013 8:00 AM,0.051,0.056,0.091,0.078,
12/29/2013 10:00 AM,0.054,0.059,0.095,0.081,
12/29/2013 12:00 PM,0.058,0.063,0.098,0.085,
12/29/2013 2:00 PM,0.058,0.063,0.099,0.086,
12/29/2013 4:00 PM,0.058,0.063,0.098,0.086,
12/29/2013 6:00 PM,0.054,0.059,0.095,0.082,
12/29/2013 8:00 PM,0.051,0.056,0.091,0.078,
12/29/2013 10:00 PM,0.049,0.055,0.089,0.077,
12/30/2013 12:00 AM,0.047,0.053,0.088,0.075,
12/30/2013 2:00 AM,0.046,0.052,0.087,0.074,
12/30/2013 4:00 AM,0.045,0.051,0.086,0.073,
12/30/2013 6:00 AM,0.043,0.051,0.085,0.072,
12/30/2013 8:00 AM,0.041,0.051,0.084,0.071,
12/30/2013 10:00 AM,0.047,0.055,0.089,0.074,
12/30/2013 12:00 PM,0.055,0.061,0.096,0.081,
12/30/2013 2:00 PM,0.059,0.064,0.100,0.085,
12/30/2013 4:00 PM,0.060,0.064,0.100,0.088,
12/30/2013 6:00 PM,0.055,0.059,0.096,0.082,
12/30/2013 8:00 PM,0.050,0.055,0.090,0.078,
12/30/2013 10:00 PM,0.047,0.052,0.088,0.075,
12/31/2013 12:00 AM,0.045,0.051,0.086,0.074,
12/31/2013 2:00 AM,0.044,0.051,0.086,0.073,
12/31/2013 4:00 AM,0.043,0.050,0.084,0.071,
12/31/2013 6:00 AM,0.042,0.049,0.083,0.070,
12/31/2013 8:00 AM,0.040,0.049,0.082,0.069,
12/31/2013 10:00 AM,0.046,0.054,0.088,0.074,
12/31/2013 12:00 PM,0.055,0.061,0.096,0.080,
12/31/2013 2:00 PM,0.059,0.064,0.099,0.084,
12/31/2013 4:00 PM,0.058,0.063,0.099,0.086,
12/31/2013 6:00 PM,0.053,0.058,0.093,0.082,
12/31/2013 8:00 PM,0.048,0.053,0.089,0.076,
12/31/2013 10:00 PM,0.046,0.051,0.086,0.074,
1/1/2014 12:00 AM,0.045,0.051,0.086,0.073,
1/1/2014 2:00 AM,0.043,0.050,0.084,0.072,
1/1/2014 4:00 AM,0.042,0.049,0.082,0.070,
1/1/2014 6:00 AM,0.042,0.048,0.082,0.070,
1/1/2014 8:00 AM,0.041,0.048,0.082,0.069,
1/1/2014 10:00 AM,0.046,0.053,0.087,0.074,
1/1/2014 12:00 PM,0.055,0.060,0.095,0.080,
1/1/2014 2:00 PM,0.058,0.064,0.099,0.084,
1/1/2014 4:00 PM,0.059,0.063,0.099,0.087,
1/1/2014 6:00 PM,0.054,0.058,0.093,0.082,
1/1/2014 8:00 PM,0.048,0.052,0.088,0.077,
1/1/2014 10:00 PM,0.045,0.051,0.086,0.074,
1/2/2014 12:00 AM,0.043,0.049,0.084,0.073,
1/2/2014 2:00 AM,0.042,0.048,0.082,0.071,
1/2/2014 4:00 AM,0.042,0.048,0.082,0.071,
1/2/2014 6:00 AM,0.042,0.046,0.082,0.069,
1/2/2014 8:00 AM,0.041,0.046,0.081,0.069,
1/2/2014 10:00 AM,0.045,0.051,0.086,0.073,
1/2/2014 12:00 PM,0.053,0.058,0.093,0.078,
1/2/2014 2:00 PM,0.057,0.061,0.097,0.082,
1/2/2014 4:00 PM,0.058,0.061,0.097,0.086,
1/2/2014 6:00 PM,0.051,0.056,0.091,0.080,
1/2/2014 8:00 PM,0.045,0.051,0.086,0.074,
1/2/2014 10:00 PM,0.042,0.048,0.082,0.072,
1/3/2014 12:00 AM,0.042,0.047,0.082,0.070,
1/3/2014 2:00 AM,0.040,0.045,0.080,0.069,
1/3/2014 4:00 AM,0.039,0.045,0.078,0.068,
1/3/2014 6:00 AM,0.038,0.044,0.078,0.067,
1/3/2014 8:00 AM,0.038,0.044,0.078,0.067,
1/3/2014 10:00 AM,0.044,0.050,0.084,0.071,
1/3/2014 12:00 PM,0.052,0.058,0.092,0.078,
1/3/2014 2:00 PM,0.055,0.060,0.095,0.081,
1/3/2014 4:00 PM,0.055,0.059,0.095,0.083,
1/3/2014 6:00 PM,0.051,0.055,0.089,0.079,
1/3/2014 8:00 PM,0.046,0.051,0.086,0.076,
1/3/2014 10:00 PM,0.044,0.050,0.085,0.074,
1/4/2014 12:00 AM,0.042,0.049,0.082,0.073,
1/4/2014 2:00 AM,0.042,0.048,0.082,0.072,
1/4/2014 4:00 AM,0.042,0.048,0.082,0.071,
1/4/2014 6:00 AM,0.042,0.047,0.082,0.071,
1/4/2014 8:00 AM,0.042,0.048,0.082,0.072,
1/4/2014 10:00 AM,0.046,0.051,0.086,0.075,
1/4/2014 12:00 PM,0.049,0.054,0.088,0.078,
1/4/2014 2:00 PM,0.051,0.057,0.090,0.081,
1/4/2014 4:00 PM,0.051,0.057,0.090,0.082,
1/4/2014 6:00 PM,0.049,0.055,0.088,0.082,
1/4/2014 8:00 PM,0.048,0.053,0.087,0.080,
1/4/2014 10:00 PM,0.046,0.052,0.086,0.078,
1/5/2014 12:00 AM,0.043,0.050,0.084,0.075,
1/5/2014 2:00 AM,0.041,0.047,0.081,0.072,
1/5/2014 4:00 AM,0.039,0.045,0.079,0.071,
1/5/2014 6:00 AM,0.037,0.043,0.077,0.070,
1/5/2014 8:00 AM,0.036,0.042,0.076,0.069,
1/5/2014 10:00 AM,0.041,0.046,0.080,0.070,
1/5/2014 12:00 PM,0.046,0.051,0.087,0.074,
1/5/2014 2:00 PM,0.051,0.055,0.092,0.078,
1/5/2014 4:00 PM,0.051,0.055,0.092,0.081,
1/5/2014 6:00 PM,0.044,0.050,0.085,0.074,
1/5/2014 8:00 PM,0.039,0.044,0.079,0.069,
1/5/2014 10:00 PM,0.037,0.042,0.077,0.067,
1/6/2014 12:00 AM,0.035,0.041,0.075,0.065,
1/6/2014 2:00 AM,0.033,0.039,0.074,0.064,
1/6/2014 4:00 AM,0.032,0.038,0.073,0.063,
1/6/2014 6:00 AM,0.031,0.037,0.071,0.061,
1/6/2014 8:00 AM,0.030,0.036,0.071,0.061,
1/6/2014 10:00 AM,0.035,0.042,0.078,0.065,
1/6/2014 12:00 PM,0.046,0.051,0.087,0.072,
1/6/2014 2:00 PM,0.051,0.054,0.091,0.076,
1/6/2014 4:00 PM,0.051,0.053,0.092,0.080,
1/6/2014 6:00 PM,0.044,0.049,0.084,0.074,
1/6/2014 8:00 PM,0.038,0.042,0.078,0.067,
1/6/2014 10:00 PM,0.035,0.040,0.074,0.064,
1/7/2014 12:00 AM,0.033,0.038,0.073,0.063,
1/7/2014 2:00 AM,0.032,0.037,0.071,0.061,
1/7/2014 4:00 AM,0.030,0.036,0.071,0.060,
1/7/2014 6:00 AM,0.030,0.035,0.070,0.059,
1/7/2014 8:00 AM,0.028,0.035,0.070,0.059,
1/7/2014 10:00 AM,0.034,0.042,0.077,0.064,
1/7/2014 12:00 PM,0.044,0.050,0.086,0.071,
1/7/2014 2:00 PM,0.051,0.054,0.090,0.076,
1/7/2014 4:00 PM,0.050,0.052,0.089,0.078,
1/7/2014 6:00 PM,0.044,0.048,0.083,0.073,
1/7/2014 8:00 PM,0.039,0.043,0.078,0.069,
1/7/2014 10:00 PM,0.039,0.043,0.078,0.069,
1/8/2014 12:00 AM,0.039,0.043,0.079,0.069,
1/8/2014 2:00 AM,0.038,0.042,0.078,0.068,
1/8/2014 4:00 AM,0.037,0.042,0.077,0.066,
1/8/2014 6:00 AM,0.036,0.041,0.076,0.066,
1/8/2014 8:00 AM,0.034,0.039,0.074,0.064,
1/8/2014 10:00 AM,0.040,0.044,0.079,0.068,
1/8/2014 12:00 PM,0.048,0.052,0.087,0.074,
1/8/2014 2:00 PM,0.051,0.056,0.091,0.078,
1/8/2014 4:00 PM,0.051,0.055,0.091,0.081,
1/8/2014 6:00 PM,0.045,0.050,0.086,0.076,
1/8/2014 8:00 PM,0.040,0.045,0.081,0.071,
1/8/2014 10:00 PM,0.036,0.042,0.077,0.068,
1/9/2014 12:00 AM,0.034,0.040,0.074,0.065,
1/9/2014 2:00 AM,0.032,0.038,0.073,0.064,
1/9/2014 4:00 AM,0.031,0.037,0.072,0.062,
1/9/2014 6:00 AM,0.030,0.036,0.070,0.061,
1/9/2014 8:00 AM,0.030,0.035,0.070,0.060,
1/9/2014 10:00 AM,0.036,0.041,0.076,0.065,
1/9/2014 12:00 PM,0.044,0.048,0.083,0.072,
1/9/2014 2:00 PM,0.046,0.051,0.086,0.075,
1/9/2014 4:00 PM,0.045,0.050,0.086,0.075,
1/9/2014 6:00 PM,0.042,0.047,0.082,0.073,
1/9/2014 8:00 PM,0.040,0.045,0.080,0.071,
1/9/2014 10:00 PM,0.039,0.044,0.079,0.070,
1/10/2014 12:00 AM,0.037,0.042,0.078,0.069,
1/10/2014 2:00 AM,0.036,0.042,0.077,0.068,
1/10/2014 4:00 AM,0.035,0.041,0.076,0.067,
1/10/2014 6:00 AM,0.033,0.039,0.074,0.064,
1/10/2014 8:00 AM,0.031,0.037,0.072,0.063,
1/10/2014 10:00 AM,0.038,0.043,0.078,0.067,
1/10/2014 12:00 PM,0.046,0.051,0.086,0.073,
1/10/2014 2:00 PM,0.050,0.054,0.089,0.077,
1/10/2014 4:00 PM,0.049,0.052,0.089,0.079,
1/10/2014 6:00 PM,0.043,0.048,0.083,0.074,
1/10/2014 8:00 PM,0.038,0.043,0.078,0.069,
1/10/2014 10:00 PM,0.034,0.040,0.075,0.066,
1/11/2014 12:00 AM,0.032,0.038,0.073,0.064,
1/11/2014 2:00 AM,0.030,0.036,0.071,0.062,
1/11/2014 4:00 AM,0.030,0.035,0.070,0.061,
1/11/2014 6:00 AM,0.029,0.034,0.069,0.060,
1/11/2014 8:00 AM,0.029,0.034,0.069,0.059,
1/11/2014 10:00 AM,0.036,0.041,0.076,0.064,
1/11/2014 12:00 PM,0.044,0.050,0.085,0.071,
1/11/2014 2:00 PM,0.050,0.054,0.089,0.076,
1/11/2014 4:00 PM,0.050,0.052,0.089,0.080,
1/11/2014 6:00 PM,0.042,0.047,0.082,0.074,
1/11/2014 8:00 PM,0.036,0.041,0.076,0.067,
1/11/2014 10:00 PM,0.033,0.038,0.074,0.065,
1/12/2014 12:00 AM,0.033,0.039,0.074,0.065,
1/12/2014 2:00 AM,0.034,0.040,0.075,0.066,
1/12/2014 4:00 AM,0.033,0.039,0.074,0.065,
1/12/2014 6:00 AM,0.033,0.040,0.074,0.065,
1/12/2014 8:00 AM,0.033,0.039,0.074,0.065,
1/12/2014 10:00 AM,0.039,0.043,0.078,0.069,
1/12/2014 12:00 PM,0.043,0.049,0.082,0.073,
1/12/2014 2:00 PM,0.045,0.050,0.084,0.076,
1/12/2014 4:00 PM,0.047,0.051,0.085,0.078,
1/12/2014 6:00 PM,0.042,0.046,0.081,0.074,
1/12/2014 8:00 PM,0.039,0.042,0.078,0.071,
1/12/2014 10:00 PM,0.034,0.039,0.074,0.066,
1/13/2014 12:00 AM,0.031,0.036,0.071,0.064,
1/13/2014 2:00 AM,0.029,0.033,0.068,0.063,
1/13/2014 4:00 AM,0.027,0.032,0.067,0.062,
1/13/2014 6:00 AM,0.026,0.030,0.065,0.060,
1/13/2014 8:00 AM,0.025,0.030,0.064,0.059,
1/13/2014 10:00 AM,0.032,0.037,0.072,0.061,
1/13/2014 12:00 PM,0.041,0.045,0.081,0.067,
1/13/2014 2:00 PM,0.045,0.048,0.086,0.071,
1/13/2014 4:00 PM,0.046,0.048,0.086,0.076,
1/13/2014 6:00 PM,0.039,0.042,0.078,0.069,
1/13/2014 8:00 PM,0.031,0.035,0.071,0.062,
1/13/2014 10:00 PM,0.028,0.032,0.068,0.059,
1/14/2014 12:00 AM,0.027,0.030,0.066,0.058,
1/14/2014 2:00 AM,0.025,0.030,0.064,0.056,
1/14/2014 4:00 AM,0.024,0.029,0.064,0.056,
1/14/2014 6:00 AM,0.023,0.028,0.063,0.055,
1/14/2014 8:00 AM,0.023,0.027,0.063,0.055,
1/14/2014 10:00 AM,0.032,0.036,0.072,0.060,
1/14/2014 12:00 PM,0.042,0.045,0.081,0.067,
1/14/2014 2:00 PM,0.045,0.047,0.085,0.071,
1/14/2014 4:00 PM,0.044,0.045,0.084,0.074,
1/14/2014 6:00 PM,0.038,0.042,0.078,0.069,
1/14/2014 8:00 PM,0.031,0.034,0.071,0.063,
1/14/2014 10:00 PM,0.028,0.031,0.068,0.059,
1/15/2014 12:00 AM,0.026,0.029,0.065,0.057,
1/15/2014 2:00 AM,0.024,0.028,0.064,0.055,
1/15/2014 4:00 AM,0.023,0.027,0.063,0.054,
1/15/2014 6:00 AM,0.022,0.026,0.062,0.053,
1/15/2014 8:00 AM,0.022,0.025,0.062,0.052,
1/15/2014 10:00 AM,0.030,0.033,0.070,0.058,
1/15/2014 12:00 PM,0.040,0.042,0.079,0.065,
1/15/2014 2:00 PM,0.044,0.048,0.085,0.069,
1/15/2014 4:00 PM,0.045,0.047,0.085,0.074,
1/15/2014 6:00 PM,0.038,0.041,0.078,0.069,
1/15/2014 8:00 PM,0.030,0.034,0.070,0.061,
1/15/2014 10:00 PM,0.027,0.031,0.068,0.058,
1/16/2014 12:00 AM,0.026,0.030,0.065,0.057,
1/16/2014 2:00 AM,0.024,0.028,0.064,0.055,
1/16/2014 4:00 AM,0.022,0.027,0.063,0.053,
1/16/2014 6:00 AM,0.021,0.025,0.061,0.052,
1/16/2014 8:00 AM,0.021,0.025,0.061,0.052,
1/16/2014 10:00 AM,0.030,0.033,0.070,0.058,
1/16/2014 12:00 PM,0.040,0.043,0.079,0.065,
1/16/2014 2:00 PM,0.045,0.047,0.084,0.070,
1/16/2014 4:00 PM,0.045,0.047,0.085,0.074,
1/16/2014 6:00 PM,0.038,0.041,0.077,0.068,
1/16/2014 8:00 PM,0.030,0.034,0.071,0.062,
1/16/2014 10:00 PM,0.028,0.030,0.068,0.059,
1/17/2014 12:00 AM,0.025,0.029,0.065,0.057,
1/17/2014 2:00 AM,0.023,0.027,0.063,0.055,
1/17/2014 4:00 AM,0.021,0.026,0.062,0.053,
1/17/2014 6:00 AM,0.020,0.025,0.060,0.052,
1/17/2014 8:00 AM,0.020,0.024,0.060,0.051,
1/17/2014 10:00 AM,0.029,0.031,0.069,0.058,
1/17/2014 12:00 PM,0.038,0.042,0.078,0.064,
1/17/2014 2:00 PM,0.043,0.046,0.083,0.069,
1/17/2014 4:00 PM,0.044,0.045,0.084,0.073,
1/17/2014 6:00 PM,0.036,0.040,0.075,0.067,
1/17/2014 8:00 PM,0.028,0.031,0.068,0.059,
1/17/2014 10:00 PM,0.025,0.029,0.064,0.057,
1/18/2014 12:00 AM,0.023,0.027,0.063,0.055,
1/18/2014 2:00 AM,0.021,0.026,0.061,0.053,
1/18/2014 4:00 AM,0.020,0.025,0.060,0.052,
1/18/2014 6:00 AM,0.019,0.024,0.059,0.051,
1/18/2014 8:00 AM,0.019,0.023,0.059,0.051,
1/18/2014 10:00 AM,0.028,0.031,0.067,0.056,
1/18/2014 12:00 PM,0.037,0.041,0.077,0.064,
1/18/2014 2:00 PM,0.042,0.045,0.082,0.069,
1/18/2014 4:00 PM,0.044,0.045,0.084,0.074,
1/18/2014 6:00 PM,0.037,0.040,0.076,0.068,
1/18/2014 8:00 PM,0.029,0.032,0.069,0.060,
1/18/2014 10:00 PM,0.025,0.029,0.065,0.057,
1/19/2014 12:00 AM,0.023,0.027,0.064,0.055,
1/19/2014 2:00 AM,0.021,0.026,0.062,0.053,
1/19/2014 4:00 AM,0.020,0.024,0.060,0.052,
1/19/2014 6:00 AM,0.018,0.023,0.059,0.051,
1/19/2014 8:00 AM,0.018,0.023,0.058,0.051,
1/19/2014 10:00 AM,0.027,0.031,0.067,0.056,
1/19/2014 12:00 PM,0.037,0.041,0.077,0.064,
1/19/2014 2:00 PM,0.042,0.045,0.082,0.069,
1/19/2014 4:00 PM,0.040,0.042,0.079,0.069,
1/19/2014 6:00 PM,0.034,0.038,0.074,0.064,
1/19/2014 8:00 PM,0.029,0.032,0.068,0.060,
1/19/2014 10:00 PM,0.026,0.030,0.065,0.058,
1/20/2014 12:00 AM,0.023,0.027,0.063,0.055,
1/20/2014 2:00 AM,0.021,0.026,0.060,0.053,
1/20/2014 4:00 AM,0.019,0.024,0.059,0.052,
1/20/2014 6:00 AM,0.018,0.023,0.058,0.051,
1/20/2014 8:00 AM,0.017,0.022,0.058,0.051,
1/20/2014 10:00 AM,0.027,0.030,0.066,0.056,
1/20/2014 12:00 PM,0.037,0.041,0.077,0.064,
1/20/2014 2:00 PM,0.042,0.045,0.082,0.069,
1/20/2014 4:00 PM,0.042,0.043,0.081,0.072,
1/20/2014 6:00 PM,0.035,0.038,0.074,0.067,
1/20/2014 8:00 PM,0.027,0.030,0.067,0.059,
1/20/2014 10:00 PM,0.023,0.027,0.063,0.056,
1/21/2014 12:00 AM,0.025,0.029,0.064,0.058,
1/21/2014 2:00 AM,0.023,0.027,0.063,0.056,
1/21/2014 4:00 AM,0.020,0.024,0.060,0.053,
1/21/2014 6:00 AM,0.018,0.022,0.058,0.051,
1/21/2014 8:00 AM,0.018,0.022,0.058,0.051,
1/21/2014 10:00 AM,0.026,0.030,0.065,0.055,
1/21/2014 12:00 PM,0.036,0.039,0.075,0.063,
1/21/2014 2:00 PM,0.042,0.043,0.081,0.067,
1/21/2014 4:00 PM,0.042,0.043,0.082,0.072,
1/21/2014 6:00 PM,0.033,0.037,0.073,0.065,
1/21/2014 8:00 PM,0.025,0.029,0.064,0.058,
1/21/2014 10:00 PM,0.021,0.025,0.061,0.053,
1/22/2014 12:00 AM,0.020,0.024,0.059,0.052,
1/22/2014 2:00 AM,0.019,0.024,0.059,0.052,
1/22/2014 4:00 AM,0.020,0.024,0.060,0.052,
1/22/2014 6:00 AM,0.018,0.022,0.058,0.051,
1/22/2014 8:00 AM,0.019,0.023,0.058,0.051,
1/22/2014 10:00 AM,0.024,0.028,0.064,0.055,
1/22/2014 12:00 PM,0.033,0.037,0.074,0.062,
1/22/2014 2:00 PM,0.041,0.043,0.080,0.067,
1/22/2014 4:00 PM,0.041,0.042,0.079,0.069,
1/22/2014 6:00 PM,0.033,0.036,0.073,0.064,
1/22/2014 8:00 PM,0.028,0.032,0.068,0.060,
1/22/2014 10:00 PM,0.025,0.030,0.065,0.058,
1/23/2014 12:00 AM,0.025,0.030,0.065,0.058,
1/23/2014 2:00 AM,0.025,0.029,0.064,0.058,
1/23/2014 4:00 AM,0.023,0.028,0.063,0.056,
1/23/2014 6:00 AM,0.020,0.024,0.059,0.053,
1/23/2014 8:00 AM,0.018,0.023,0.058,0.051,
1/23/2014 10:00 AM,0.025,0.029,0.064,0.055,
1/23/2014 12:00 PM,0.031,0.035,0.070,0.060,
1/23/2014 2:00 PM,0.033,0.037,0.072,0.062,
1/23/2014 4:00 PM,0.031,0.034,0.069,0.061,
1/23/2014 6:00 PM,0.026,0.030,0.064,0.057,
1/23/2014 8:00 PM,0.022,0.027,0.061,0.054,
1/23/2014 10:00 PM,0.020,0.026,0.059,0.053,
1/24/2014 12:00 AM,0.018,0.024,0.058,0.051,
1/24/2014 2:00 AM,0.016,0.022,0.056,0.050,
1/24/2014 4:00 AM,0.016,0.022,0.056,0.050,
1/24/2014 6:00 AM,0.014,0.020,0.055,0.048,
1/24/2014 8:00 AM,0.013,0.019,0.054,0.047,
1/24/2014 10:00 AM,0.021,0.026,0.060,0.051,
1/24/2014 12:00 PM,0.030,0.035,0.070,0.058,
1/24/2014 2:00 PM,0.036,0.039,0.076,0.062,
1/24/2014 4:00 PM,0.035,0.037,0.075,0.064,
1/24/2014 6:00 PM,0.029,0.032,0.068,0.060,
1/24/2014 8:00 PM,0.021,0.026,0.061,0.054,
1/24/2014 10:00 PM,0.019,0.024,0.058,0.052,
1/25/2014 12:00 AM,0.018,0.023,0.058,0.051,
1/25/2014 2:00 AM,0.019,0.024,0.058,0.052,
1/25/2014 4:00 AM,0.020,0.024,0.059,0.052,
1/25/2014 6:00 AM,0.018,0.023,0.058,0.051,
1/25/2014 8:00 AM,0.019,0.024,0.058,0.052,
1/25/2014 10:00 AM,0.025,0.030,0.064,0.056,
1/25/2014 12:00 PM,0.033,0.038,0.073,0.062,
1/25/2014 2:00 PM,0.038,0.042,0.078,0.065,
1/25/2014 4:00 PM,0.040,0.042,0.079,0.069,
1/25/2014 6:00 PM,0.032,0.037,0.072,0.064,
1/25/2014 8:00 PM,0.024,0.030,0.064,0.058,
1/25/2014 10:00 PM,0.021,0.027,0.061,0.055,
1/26/2014 12:00 AM,0.018,0.024,0.058,0.052,
1/26/2014 2:00 AM,0.017,0.022,0.057,0.051,
1/26/2014 4:00 AM,0.015,0.021,0.056,0.050,
1/26/2014 6:00 AM,0.014,0.020,0.055,0.049,
1/26/2014 8:00 AM,0.013,0.019,0.054,0.048,
1/26/2014 10:00 AM,0.023,0.029,0.064,0.054,
1/26/2014 12:00 PM,0.034,0.039,0.074,0.062,
1/26/2014 2:00 PM,0.039,0.042,0.078,0.066,
1/26/2014 4:00 PM,0.041,0.042,0.079,0.070,
1/26/2014 6:00 PM,0.033,0.038,0.072,0.066,
1/26/2014 8:00 PM,0.028,0.033,0.067,0.062,
1/26/2014 10:00 PM,0.023,0.029,0.063,0.058,
1/27/2014 12:00 AM,0.019,0.025,0.058,0.054,
1/27/2014 2:00 AM,0.017,0.023,0.057,0.052,
1/27/2014 4:00 AM,0.017,0.023,0.057,0.051,
1/27/2014 6:00 AM,0.018,0.024,0.058,0.052,
1/27/2014 8:00 AM,0.019,0.025,0.058,0.053,
1/27/2014 10:00 AM,0.022,0.028,0.062,0.055,
1/27/2014 12:00 PM,0.030,0.036,0.069,0.061,
1/27/2014 2:00 PM,0.035,0.041,0.074,0.064,
1/27/2014 4:00 PM,0.035,0.040,0.074,0.065,
1/27/2014 6:00 PM,0.030,0.035,0.068,0.062,
1/27/2014 8:00 PM,0.024,0.030,0.064,0.058,
1/27/2014 10:00 PM,0.022,0.029,0.062,0.057,
1/28/2014 12:00 AM,0.021,0.027,0.060,0.055,
1/28/2014 2:00 AM,0.017,0.024,0.057,0.052,
1/28/2014 4:00 AM,0.014,0.021,0.054,0.050,
1/28/2014 6:00 AM,0.012,0.019,0.052,0.047,
1/28/2014 8:00 AM,0.011,0.018,0.052,0.047,
1/28/2014 10:00 AM,0.021,0.028,0.060,0.052,
1/28/2014 12:00 PM,0.032,0.038,0.071,0.060,
1/28/2014 2:00 PM,0.037,0.042,0.076,0.064,
1/28/2014 4:00 PM,0.036,0.040,0.075,0.067,
1/28/2014 6:00 PM,0.029,0.034,0.067,0.061,
1/28/2014 8:00 PM,0.020,0.027,0.060,0.055,
1/28/2014 10:00 PM,0.016,0.023,0.057,0.051,
1/29/2014 12:00 AM,0.013,0.020,0.054,0.049,
1/29/2014 2:00 AM,0.011,0.018,0.051,0.046,
1/29/2014 4:00 AM,0.009,0.016,0.050,0.045,
1/29/2014 6:00 AM,0.008,0.015,0.049,0.043,
1/29/2014 8:00 AM,0.007,0.014,0.049,0.042,
1/29/2014 10:00 AM,0.018,0.024,0.058,0.049,
1/29/2014 12:00 PM,0.029,0.035,0.069,0.058,
1/29/2014 2:00 PM,0.035,0.040,0.074,0.061,
1/29/2014 4:00 PM,0.036,0.039,0.075,0.066,
1/29/2014 6:00 PM,0.028,0.033,0.067,0.061,
1/29/2014 8:00 PM,0.019,0.026,0.059,0.054,
1/29/2014 10:00 PM,0.018,0.024,0.058,0.052,
1/30/2014 12:00 AM,0.019,0.025,0.058,0.053,
1/30/2014 2:00 AM,0.018,0.024,0.058,0.053,
1/30/2014 4:00 AM,0.017,0.024,0.057,0.052,
1/30/2014 6:00 AM,0.017,0.023,0.057,0.052,
1/30/2014 8:00 AM,0.016,0.023,0.056,0.051,
1/30/2014 10:00 AM,0.025,0.030,0.064,0.057,
1/30/2014 12:00 PM,0.031,0.036,0.069,0.062,
1/30/2014 2:00 PM,0.033,0.038,0.071,0.064,
1/30/2014 4:00 PM,0.034,0.039,0.072,0.066,
1/30/2014 6:00 PM,0.030,0.036,0.069,0.064,
1/30/2014 8:00 PM,0.022,0.029,0.063,0.058,
1/30/2014 10:00 PM,0.019,0.026,0.059,0.055,
1/31/2014 12:00 AM,0.019,0.025,0.059,0.054,
1/31/2014 2:00 AM,0.018,0.024,0.058,0.054,
1/31/2014 4:00 AM,0.021,0.028,0.060,0.057,
1/31/2014 6:00 AM,0.022,0.028,0.061,0.058,
1/31/2014 8:00 AM,0.020,0.026,0.060,0.055,
1/31/2014 10:00 AM,0.025,0.030,0.064,0.058,
1/31/2014 12:00 PM,0.032,0.039,0.070,0.064,
1/31/2014 2:00 PM,0.034,0.040,0.072,0.069,
1/31/2014 4:00 PM,0.035,0.040,0.073,0.071,
1/31/2014 6:00 PM,0.031,0.036,0.069,0.068,
1/31/2014 8:00 PM,0.027,0.033,0.066,0.064,
1/31/2014 10:00 PM,0.025,0.031,0.065,0.063,
2/1/2014 12:00 AM,0.022,0.029,0.063,0.060,
2/1/2014 2:00 AM,0.021,0.027,0.061,0.059,
2/1/2014 4:00 AM,0.018,0.025,0.059,0.057,
2/1/2014 6:00 AM,0.018,0.024,0.058,0.056,
2/1/2014 8:00 AM,0.017,0.024,0.058,0.055,
2/1/2014 10:00 AM,0.024,0.030,0.064,0.059,
2/1/2014 12:00 PM,0.030,0.033,0.068,0.064,
2/1/2014 2:00 PM,0.031,0.035,0.069,0.065,
2/1/2014 4:00 PM,0.033,0.036,0.071,0.068,
2/1/2014 6:00 PM,0.028,0.032,0.066,0.064,
2/1/2014 8:00 PM,0.022,0.028,0.062,0.059,
2/1/2014 10:00 PM,0.021,0.027,0.061,0.058,
2/2/2014 12:00 AM,0.020,0.026,0.059,0.058,
2/2/2014 2:00 AM,0.017,0.023,0.058,0.056,
2/2/2014 4:00 AM,0.016,0.022,0.056,0.054,
2/2/2014 6:00 AM,0.017,0.023,0.058,0.055,
2/2/2014 8:00 AM,0.014,0.020,0.055,0.052,
2/2/2014 10:00 AM,0.022,0.027,0.061,0.056,
2/2/2014 12:00 PM,0.030,0.035,0.069,0.061,
2/2/2014 2:00 PM,0.034,0.038,0.074,0.064,
2/2/2014 4:00 PM,0.035,0.038,0.074,0.067,
2/2/2014 6:00 PM,0.027,0.032,0.067,0.063,
2/2/2014 8:00 PM,0.018,0.025,0.059,0.056,
2/2/2014 10:00 PM,0.017,0.023,0.058,0.055,
2/3/2014 12:00 AM,0.016,0.022,0.056,0.053,
2/3/2014 2:00 AM,0.015,0.021,0.056,0.053,
2/3/2014 4:00 AM,0.014,0.021,0.055,0.052,
2/3/2014 6:00 AM,0.012,0.019,0.053,0.051,
2/3/2014 8:00 AM,0.010,0.016,0.051,0.049,
2/3/2014 10:00 AM,0.021,0.026,0.061,0.054,
2/3/2014 12:00 PM,0.030,0.035,0.069,0.059,
2/3/2014 2:00 PM,0.034,0.038,0.074,0.064,
2/3/2014 4:00 PM,0.032,0.037,0.073,0.066,
2/3/2014 6:00 PM,0.026,0.031,0.067,0.063,
2/3/2014 8:00 PM,0.021,0.027,0.062,0.058,
2/3/2014 10:00 PM,0.018,0.024,0.059,0.057,
2/4/2014 12:00 AM,0.017,0.024,0.058,0.056,
2/4/2014 2:00 AM,0.016,0.023,0.058,0.055,
2/4/2014 4:00 AM,0.016,0.022,0.057,0.054,
2/4/2014 6:00 AM,0.013,0.020,0.055,0.053,
2/4/2014 8:00 AM,0.012,0.018,0.053,0.051,
2/4/2014 10:00 AM,0.020,0.025,0.060,0.055,
2/4/2014 12:00 PM,0.027,0.031,0.067,0.059,
2/4/2014 2:00 PM,0.030,0.033,0.071,0.062,
2/4/2014 4:00 PM,0.030,0.033,0.070,0.064,
2/4/2014 6:00 PM,0.023,0.029,0.064,0.061,
2/4/2014 8:00 PM,0.017,0.024,0.058,0.056,
2/4/2014 10:00 PM,0.014,0.021,0.055,0.053,
2/5/2014 12:00 AM,0.011,0.018,0.052,0.051,
2/5/2014 2:00 AM,0.009,0.015,0.051,0.049,
2/5/2014 4:00 AM,0.008,0.014,0.050,0.047,
2/5/2014 6:00 AM,0.008,0.014,0.051,0.048,
2/5/2014 8:00 AM,0.010,0.016,0.052,0.049,
2/5/2014 10:00 AM,0.017,0.022,0.058,0.053,
2/5/2014 12:00 PM,0.020,0.025,0.061,0.055,
2/5/2014 2:00 PM,0.025,0.029,0.065,0.057,
2/5/2014 4:00 PM,0.029,0.031,0.068,0.058,
2/5/2014 6:00 PM,0.021,0.026,0.062,0.054,
2/5/2014 8:00 PM,0.015,0.021,0.056,0.049,
2/5/2014 10:00 PM,0.014,0.020,0.055,0.049,
2/6/2014 12:00 AM,0.013,0.019,0.053,0.048,
2/6/2014 2:00 AM,0.009,0.016,0.051,0.046,
2/6/2014 4:00 AM,0.009,0.016,0.051,0.047,
2/6/2014 6:00 AM,0.006,0.013,0.048,0.045,
2/6/2014 8:00 AM,0.005,0.012,0.047,0.044,
2/6/2014 10:00 AM,0.013,0.019,0.054,0.048,
2/6/2014 12:00 PM,0.023,0.028,0.064,0.053,
2/6/2014 2:00 PM,0.027,0.030,0.066,0.056,
2/6/2014 4:00 PM,0.026,0.030,0.066,0.058,
2/6/2014 6:00 PM,0.020,0.026,0.061,0.054,
2/6/2014 8:00 PM,0.015,0.022,0.057,0.051,
2/6/2014 10:00 PM,0.014,0.021,0.056,0.051,
2/7/2014 12:00 AM,0.014,0.020,0.055,0.051,
2/7/2014 2:00 AM,0.012,0.019,0.053,0.050,
2/7/2014 4:00 AM,0.012,0.019,0.053,0.050,
2/7/2014 6:00 AM,0.012,0.019,0.053,0.050,
2/7/2014 8:00 AM,0.013,0.020,0.054,0.051,
2/7/2014 10:00 AM,0.018,0.025,0.058,0.052,
2/7/2014 12:00 PM,0.028,0.032,0.067,0.058,
2/7/2014 2:00 PM,0.031,0.035,0.072,0.062,
2/7/2014 4:00 PM,0.031,0.035,0.071,0.065,
2/7/2014 6:00 PM,0.025,0.030,0.066,0.063,
2/7/2014 8:00 PM,0.020,0.027,0.061,0.058,
2/7/2014 10:00 PM,0.017,0.024,0.059,0.056,
2/8/2014 12:00 AM,0.014,0.021,0.057,0.053,
2/8/2014 2:00 AM,0.011,0.018,0.053,0.051,
2/8/2014 4:00 AM,0.009,0.016,0.051,0.049,
2/8/2014 6:00 AM,0.007,0.015,0.050,0.048,
2/8/2014 8:00 AM,0.007,0.014,0.050,0.047,
2/8/2014 10:00 AM,0.017,0.023,0.058,0.053,
2/8/2014 12:00 PM,0.029,0.033,0.069,0.060,
2/8/2014 2:00 PM,0.034,0.039,0.075,0.062,
2/8/2014 4:00 PM,0.036,0.039,0.076,0.066,
2/8/2014 6:00 PM,0.029,0.033,0.069,0.063,
2/8/2014 8:00 PM,0.020,0.026,0.062,0.057,
2/8/2014 10:00 PM,0.016,0.022,0.058,0.054,
2/9/2014 12:00 AM,0.014,0.021,0.057,0.053,
2/9/2014 2:00 AM,0.013,0.020,0.056,0.052,
2/9/2014 4:00 AM,0.012,0.019,0.054,0.051,
2/9/2014 6:00 AM,0.010,0.017,0.052,0.050,
2/9/2014 8:00 AM,0.008,0.016,0.051,0.049,
2/9/2014 10:00 AM,0.021,0.026,0.062,0.054,
2/9/2014 12:00 PM,0.030,0.035,0.070,0.060,
2/9/2014 2:00 PM,0.036,0.040,0.075,0.063,
2/9/2014 4:00 PM,0.037,0.041,0.076,0.067,
2/9/2014 6:00 PM,0.030,0.036,0.069,0.066,
2/9/2014 8:00 PM,0.024,0.030,0.064,0.062,
2/9/2014 10:00 PM,0.020,0.027,0.061,0.058,
2/10/2014 12:00 AM,0.016,0.022,0.058,0.055,
2/10/2014 2:00 AM,0.013,0.020,0.055,0.052,
2/10/2014 4:00 AM,0.010,0.017,0.052,0.051,
2/10/2014 6:00 AM,0.008,0.015,0.051,0.049,
2/10/2014 8:00 AM,0.008,0.015,0.051,0.049,
2/10/2014 10:00 AM,0.018,0.024,0.059,0.054,
2/10/2014 12:00 PM,0.029,0.033,0.068,0.059,
2/10/2014 2:00 PM,0.034,0.039,0.074,0.064,
2/10/2014 4:00 PM,0.034,0.039,0.073,0.069,
2/10/2014 6:00 PM,0.029,0.034,0.068,0.065,
2/10/2014 8:00 PM,0.022,0.029,0.064,0.060,
2/10/2014 10:00 PM,0.019,0.026,0.060,0.058,
2/11/2014 12:00 AM,0.016,0.022,0.058,0.055,
2/11/2014 2:00 AM,0.013,0.019,0.055,0.052,
2/11/2014 4:00 AM,0.009,0.016,0.051,0.050,
2/11/2014 6:00 AM,0.007,0.014,0.051,0.048,
2/11/2014 8:00 AM,0.007,0.014,0.050,0.048,
2/11/2014 10:00 AM,0.018,0.023,0.059,0.052,
2/11/2014 12:00 PM,0.028,0.033,0.068,0.058,
2/11/2014 2:00 PM,0.033,0.037,0.073,0.060,
2/11/2014 4:00 PM,0.032,0.036,0.073,0.064,
2/11/2014 6:00 PM,0.024,0.031,0.065,0.060,
2/11/2014 8:00 PM,0.016,0.024,0.058,0.054,
2/11/2014 10:00 PM,0.012,0.019,0.054,0.051,
2/12/2014 12:00 AM,0.009,0.017,0.051,0.049,
2/12/2014 2:00 AM,0.006,0.015,0.050,0.047,
2/12/2014 4:00 AM,0.004,0.012,0.047,0.044,
2/12/2014 6:00 AM,0.003,0.011,0.046,0.043,
2/12/2014 8:00 AM,0.002,0.010,0.046,0.043,
2/12/2014 10:00 AM,0.014,0.020,0.057,0.050,
2/12/2014 12:00 PM,0.027,0.031,0.068,0.056,
2/12/2014 2:00 PM,0.032,0.036,0.074,0.059,
2/12/2014 4:00 PM,0.033,0.036,0.074,0.064,
2/12/2014 6:00 PM,0.026,0.031,0.068,0.060,
2/12/2014 8:00 PM,0.016,0.023,0.059,0.052,
2/12/2014 10:00 PM,0.012,0.019,0.056,0.049,
2/13/2014 12:00 AM,0.011,0.017,0.053,0.048,
2/13/2014 2:00 AM,0.008,0.015,0.051,0.045,
2/13/2014 4:00 AM,0.006,0.013,0.050,0.043,
2/13/2014 6:00 AM,0.005,0.012,0.048,0.042,
2/13/2014 8:00 AM,0.004,0.011,0.049,0.042,
2/13/2014 10:00 AM,0.016,0.022,0.059,0.049,
2/13/2014 12:00 PM,0.028,0.032,0.069,0.058,
2/13/2014 2:00 PM,0.033,0.036,0.074,0.061,
2/13/2014 4:00 PM,0.034,0.037,0.074,0.065,
2/13/2014 6:00 PM,0.028,0.032,0.069,0.062,
2/13/2014 8:00 PM,0.017,0.023,0.060,0.053,
2/13/2014 10:00 PM,0.013,0.019,0.057,0.050,
2/14/2014 12:00 AM,0.009,0.015,0.052,0.046,
2/14/2014 2:00 AM,0.007,0.013,0.051,0.044,
2/14/2014 4:00 AM,0.005,0.011,0.049,0.042,
2/14/2014 6:00 AM,0.004,0.010,0.048,0.042,
2/14/2014 8:00 AM,0.004,0.010,0.049,0.042,
2/14/2014 10:00 AM,0.018,0.022,0.060,0.051,
2/14/2014 12:00 PM,0.030,0.034,0.069,0.058,
2/14/2014 2:00 PM,0.034,0.038,0.074,0.062,
2/14/2014 4:00 PM,0.032,0.036,0.072,0.064,
2/14/2014 6:00 PM,0.027,0.031,0.068,0.060,
2/14/2014 8:00 PM,0.018,0.023,0.061,0.054,
2/14/2014 10:00 PM,0.013,0.019,0.057,0.050,
2/15/2014 12:00 AM,0.010,0.015,0.053,0.047,
2/15/2014 2:00 AM,0.007,0.013,0.051,0.044,
2/15/2014 4:00 AM,0.005,0.012,0.049,0.043,
2/15/2014 6:00 AM,0.004,0.011,0.048,0.042,
2/15/2014 8:00 AM,0.004,0.010,0.048,0.042,
2/15/2014 10:00 AM,0.018,0.022,0.059,0.051,
2/15/2014 12:00 PM,0.030,0.034,0.069,0.058,
2/15/2014 2:00 PM,0.034,0.039,0.073,0.062,
2/15/2014 4:00 PM,0.035,0.039,0.073,0.066,
2/15/2014 6:00 PM,0.029,0.034,0.069,0.063,
2/15/2014 8:00 PM,0.022,0.028,0.063,0.058,
2/15/2014 10:00 PM,0.019,0.025,0.060,0.055,
2/16/2014 12:00 AM,0.013,0.019,0.055,0.050,
2/16/2014 2:00 AM,0.011,0.017,0.053,0.048,
2/16/2014 4:00 AM,0.010,0.016,0.053,0.047,
2/16/2014 6:00 AM,0.009,0.015,0.052,0.046,
2/16/2014 8:00 AM,0.008,0.014,0.051,0.046,
2/16/2014 10:00 AM,0.020,0.025,0.060,0.051,
2/16/2014 12:00 PM,0.030,0.034,0.068,0.058,
2/16/2014 2:00 PM,0.034,0.039,0.073,0.063,
2/16/2014 4:00 PM,0.030,0.034,0.069,0.063,
2/16/2014 6:00 PM,0.026,0.030,0.064,0.059,
2/16/2014 8:00 PM,0.021,0.026,0.061,0.056,
2/16/2014 10:00 PM,0.018,0.024,0.059,0.054,
2/17/2014 12:00 AM,0.014,0.020,0.056,0.051,
2/17/2014 2:00 AM,0.010,0.016,0.052,0.047,
2/17/2014 4:00 AM,0.007,0.013,0.050,0.044,
2/17/2014 6:00 AM,0.005,0.011,0.048,0.042,
2/17/2014 8:00 AM,0.004,0.010,0.047,0.042,
2/17/2014 10:00 AM,0.016,0.021,0.058,0.050,
2/17/2014 12:00 PM,0.028,0.031,0.065,0.056,
2/17/2014 2:00 PM,0.029,0.032,0.066,0.058,
2/17/2014 4:00 PM,0.026,0.030,0.064,0.057,
2/17/2014 6:00 PM,0.022,0.027,0.062,0.055,
2/17/2014 8:00 PM,0.017,0.022,0.058,0.051,
2/17/2014 10:00 PM,0.010,0.016,0.053,0.046,
2/18/2014 12:00 AM,0.006,0.013,0.050,0.043,
2/18/2014 2:00 AM,0.004,0.011,0.047,0.041,
2/18/2014 4:00 AM,0.003,0.010,0.046,0.040,
2/18/2014 6:00 AM,0.001,0.007,0.044,0.038,
2/18/2014 8:00 AM,0.001,0.007,0.045,0.039,
2/18/2014 10:00 AM,0.014,0.019,0.057,0.046,
2/18/2014 12:00 PM,0.027,0.031,0.066,0.054,
2/18/2014 2:00 PM,0.031,0.034,0.070,0.058,
2/18/2014 4:00 PM,0.031,0.034,0.070,0.062,
2/18/2014 6:00 PM,0.025,0.030,0.064,0.058,
2/18/2014 8:00 PM,0.017,0.023,0.058,0.052,
2/18/2014 10:00 PM,0.012,0.018,0.054,0.048,
2/19/2014 12:00 AM,0.008,0.014,0.051,0.044,
2/19/2014 2:00 AM,0.007,0.013,0.051,0.044,
2/19/2014 4:00 AM,0.007,0.013,0.050,0.043,
2/19/2014 6:00 AM,0.007,0.013,0.051,0.043,
2/19/2014 8:00 AM,0.008,0.014,0.051,0.044,
2/19/2014 10:00 AM,0.019,0.023,0.058,0.051,
2/19/2014 12:00 PM,0.026,0.030,0.064,0.055,
2/19/2014 2:00 PM,0.030,0.032,0.067,0.058,
2/19/2014 4:00 PM,0.027,0.030,0.064,0.058,
2/19/2014 6:00 PM,0.022,0.026,0.061,0.054,
2/19/2014 8:00 PM,0.016,0.021,0.058,0.051,
2/19/2014 10:00 PM,0.013,0.019,0.055,0.049,
2/20/2014 12:00 AM,0.011,0.017,0.053,0.047,
2/20/2014 2:00 AM,0.006,0.013,0.050,0.044,
2/20/2014 4:00 AM,0.002,0.009,0.045,0.040,
2/20/2014 6:00 AM,-0.001,0.006,0.043,0.037,
2/20/2014 8:00 AM,-0.001,0.005,0.043,0.037,
2/20/2014 10:00 AM,0.012,0.016,0.055,0.045,
2/20/2014 12:00 PM,0.020,0.024,0.061,0.051,
2/20/2014 2:00 PM,0.024,0.028,0.065,0.053,
2/20/2014 4:00 PM,0.026,0.029,0.067,0.056,
2/20/2014 6:00 PM,0.018,0.024,0.063,0.053,
2/20/2014 8:00 PM,0.006,0.011,0.051,0.042,
2/20/2014 10:00 PM,0.001,0.007,0.045,0.038,
2/21/2014 12:00 AM,-0.002,0.004,0.042,0.035,
2/21/2014 2:00 AM,-0.005,0.001,0.040,0.032,
2/21/2014 4:00 AM,-0.007,-0.001,0.038,0.030,
2/21/2014 6:00 AM,-0.008,-0.002,0.037,0.030,
2/21/2014 8:00 AM,-0.007,-0.002,0.038,0.030,
2/21/2014 10:00 AM,0.005,0.010,0.051,0.039,
2/21/2014 12:00 PM,0.019,0.024,0.060,0.048,
2/21/2014 2:00 PM,0.026,0.030,0.067,0.052,
2/21/2014 4:00 PM,0.024,0.028,0.064,0.053,
2/21/2014 6:00 PM,0.018,0.024,0.060,0.052,
2/21/2014 8:00 PM,0.012,0.018,0.055,0.048,
2/21/2014 10:00 PM,0.009,0.015,0.052,0.046,
2/22/2014 12:00 AM,0.006,0.013,0.051,0.044,
2/22/2014 2:00 AM,0.001,0.008,0.046,0.040,
2/22/2014 4:00 AM,-0.003,0.004,0.042,0.035,
2/22/2014 6:00 AM,-0.006,0.002,0.040,0.032,
2/22/2014 8:00 AM,-0.006,0.001,0.040,0.033,
2/22/2014 10:00 AM,0.009,0.015,0.053,0.042,
2/22/2014 12:00 PM,0.022,0.027,0.062,0.051,
2/22/2014 2:00 PM,0.027,0.030,0.067,0.055,
2/22/2014 4:00 PM,0.029,0.030,0.066,0.058,
2/22/2014 6:00 PM,0.022,0.026,0.062,0.055,
2/22/2014 8:00 PM,0.015,0.020,0.057,0.050,
2/22/2014 10:00 PM,0.010,0.015,0.053,0.046,
2/23/2014 12:00 AM,0.004,0.011,0.049,0.042,
2/23/2014 2:00 AM,0.002,0.009,0.047,0.040,
2/23/2014 4:00 AM,0.000,0.006,0.044,0.037,
2/23/2014 6:00 AM,-0.002,0.005,0.043,0.036,
2/23/2014 8:00 AM,0.000,0.007,0.045,0.037,
2/23/2014 10:00 AM,0.009,0.015,0.052,0.043,
2/23/2014 12:00 PM,0.023,0.028,0.063,0.051,
2/23/2014 2:00 PM,0.028,0.031,0.068,0.055,
2/23/2014 4:00 PM,0.028,0.030,0.067,0.057,
2/23/2014 6:00 PM,0.020,0.024,0.061,0.052,
2/23/2014 8:00 PM,0.014,0.019,0.058,0.049,
2/23/2014 10:00 PM,0.011,0.017,0.055,0.047,
2/24/2014 12:00 AM,0.007,0.013,0.051,0.044,
2/24/2014 2:00 AM,0.005,0.011,0.050,0.042,
2/24/2014 4:00 AM,0.004,0.010,0.049,0.041,
2/24/2014 6:00 AM,0.001,0.007,0.046,0.039,
2/24/2014 8:00 AM,0.001,0.008,0.046,0.039,
2/24/2014 10:00 AM,0.013,0.018,0.056,0.046,
2/24/2014 12:00 PM,0.024,0.030,0.064,0.053,
2/24/2014 2:00 PM,0.028,0.031,0.067,0.055,
2/24/2014 4:00 PM,0.028,0.030,0.066,0.057,
2/24/2014 6:00 PM,0.021,0.025,0.062,0.053,
2/24/2014 8:00 PM,0.012,0.017,0.055,0.047,
2/24/2014 10:00 PM,0.008,0.014,0.051,0.044,
2/25/2014 12:00 AM,0.005,0.011,0.050,0.042,
2/25/2014 2:00 AM,0.003,0.009,0.048,0.041,
2/25/2014 4:00 AM,0.002,0.008,0.047,0.040,
2/25/2014 6:00 AM,0.001,0.008,0.046,0.039,
2/25/2014 8:00 AM,0.002,0.008,0.047,0.039,
2/25/2014 10:00 AM,0.009,0.015,0.053,0.044,
2/25/2014 12:00 PM,0.021,0.025,0.061,0.051,
2/25/2014 2:00 PM,0.027,0.030,0.065,0.055,
2/25/2014 4:00 PM,0.025,0.029,0.064,0.055,
2/25/2014 6:00 PM,0.019,0.024,0.059,0.051,
2/25/2014 8:00 PM,0.016,0.020,0.058,0.050,
2/25/2014 10:00 PM,0.014,0.019,0.056,0.048,
2/26/2014 12:00 AM,0.012,0.017,0.055,0.047,
2/26/2014 2:00 AM,0.008,0.013,0.051,0.044,
2/26/2014 4:00 AM,0.004,0.010,0.049,0.042,
2/26/2014 6:00 AM,0.005,0.011,0.050,0.042,
2/26/2014 8:00 AM,0.006,0.012,0.051,0.042,
2/26/2014 10:00 AM,0.014,0.019,0.056,0.046,
2/26/2014 12:00 PM,0.022,0.027,0.062,0.051,
2/26/2014 2:00 PM,0.029,0.032,0.068,0.054,
2/26/2014 4:00 PM,0.028,0.030,0.068,0.056,
2/26/2014 6:00 PM,0.020,0.025,0.062,0.052,
2/26/2014 8:00 PM,0.013,0.018,0.056,0.047,
2/26/2014 10:00 PM,0.011,0.017,0.054,0.046,
2/27/2014 12:00 AM,0.007,0.013,0.051,0.043,
2/27/2014 2:00 AM,0.002,0.010,0.048,0.040,
2/27/2014 4:00 AM,0.003,0.010,0.048,0.041,
2/27/2014 6:00 AM,0.001,0.009,0.047,0.039,
2/27/2014 8:00 AM,0.001,0.008,0.046,0.040,
2/27/2014 10:00 AM,0.015,0.020,0.057,0.047,
2/27/2014 12:00 PM,0.024,0.029,0.063,0.052,
2/27/2014 2:00 PM,0.028,0.030,0.066,0.055,
2/27/2014 4:00 PM,0.028,0.030,0.066,0.057,
2/27/2014 6:00 PM,0.022,0.026,0.062,0.054,
2/27/2014 8:00 PM,0.014,0.020,0.056,0.049,
2/27/2014 10:00 PM,0.011,0.017,0.054,0.046,
2/28/2014 12:00 AM,0.008,0.014,0.052,0.044,
2/28/2014 2:00 AM,0.004,0.010,0.049,0.041,
2/28/2014 4:00 AM,0.001,0.007,0.046,0.037,
2/28/2014 6:00 AM,-0.002,0.004,0.043,0.035,
2/28/2014 8:00 AM,-0.002,0.005,0.044,0.036,
2/28/2014 10:00 AM,0.012,0.018,0.055,0.043,
2/28/2014 12:00 PM,0.024,0.029,0.063,0.051,
2/28/2014 2:00 PM,0.028,0.031,0.067,0.053,
2/28/2014 4:00 PM,0.030,0.030,0.067,0.056,
2/28/2014 6:00 PM,0.023,0.027,0.063,0.054,
2/28/2014 8:00 PM,0.012,0.018,0.055,0.046,
2/28/2014 10:00 PM,0.006,0.012,0.051,0.042,
3/1/2014 12:00 AM,0.004,0.011,0.049,0.041,
3/1/2014 2:00 AM,0.003,0.009,0.047,0.039,
3/1/2014 4:00 AM,0.002,0.009,0.046,0.038,
3/1/2014 6:00 AM,0.002,0.009,0.047,0.038,
3/1/2014 8:00 AM,0.004,0.011,0.048,0.040,
3/1/2014 10:00 AM,0.015,0.020,0.056,0.046,
3/1/2014 12:00 PM,0.022,0.027,0.060,0.051,
3/1/2014 2:00 PM,0.025,0.030,0.063,0.053,
3/1/2014 4:00 PM,0.021,0.025,0.060,0.051,
3/1/2014 6:00 PM,0.015,0.019,0.056,0.048,
3/1/2014 8:00 PM,0.011,0.016,0.054,0.045,
3/1/2014 10:00 PM,0.009,0.015,0.053,0.044,
3/2/2014 12:00 AM,0.008,0.014,0.052,0.043,
3/2/2014 2:00 AM,0.021,0.024,0.048,0.044,
3/2/2014 4:00 AM,0.099,0.099,0.055,0.069,
3/2/2014 6:00 AM,0.162,0.148,0.086,0.113,
3/2/2014 8:00 AM,0.135,0.135,0.093,0.108,
3/2/2014 10:00 AM,0.119,0.120,0.105,0.113,
3/2/2014 12:00 PM,0.110,0.117,0.108,0.112,
3/2/2014 2:00 PM,0.103,0.115,0.107,0.106,
3/2/2014 4:00 PM,0.099,0.112,0.105,0.102,
3/2/2014 6:00 PM,0.093,0.108,0.103,0.098,
3/2/2014 8:00 PM,0.083,0.100,0.097,0.091,
3/2/2014 10:00 PM,0.078,0.095,0.094,0.087,
3/3/2014 12:00 AM,0.075,0.092,0.092,0.085,
3/3/2014 2:00 AM,0.073,0.089,0.090,0.083,
3/3/2014 4:00 AM,0.070,0.088,0.089,0.082,
3/3/2014 6:00 AM,0.069,0.086,0.087,0.080,
3/3/2014 8:00 AM,0.068,0.086,0.087,0.080,
3/3/2014 10:00 AM,0.071,0.089,0.090,0.082,
3/3/2014 12:00 PM,0.074,0.092,0.093,0.084,
3/3/2014 2:00 PM,0.079,0.097,0.096,0.087,
3/3/2014 4:00 PM,0.084,0.102,0.101,0.091,
3/3/2014 6:00 PM,0.081,0.099,0.099,0.090,
3/3/2014 8:00 PM,0.073,0.091,0.094,0.084,
3/3/2014 10:00 PM,0.069,0.086,0.090,0.080,
3/4/2014 12:00 AM,0.065,0.083,0.088,0.078,
3/4/2014 2:00 AM,0.063,0.081,0.085,0.075,
3/4/2014 4:00 AM,0.061,0.078,0.083,0.074,
3/4/2014 6:00 AM,0.059,0.077,0.082,0.072,
3/4/2014 8:00 AM,0.059,0.077,0.082,0.072,
3/4/2014 10:00 AM,0.065,0.083,0.088,0.077,
3/4/2014 12:00 PM,0.073,0.091,0.093,0.082,
3/4/2014 2:00 PM,0.076,0.093,0.096,0.084,
3/4/2014 4:00 PM,0.074,0.092,0.095,0.083,
3/4/2014 6:00 PM,0.072,0.089,0.093,0.082,
3/4/2014 8:00 PM,0.068,0.085,0.091,0.080,
3/4/2014 10:00 PM,0.066,0.083,0.089,0.078,
3/5/2014 12:00 AM,0.064,0.080,0.088,0.077,
3/5/2014 2:00 AM,0.060,0.077,0.085,0.074,
3/5/2014 4:00 AM,0.058,0.074,0.082,0.071,
3/5/2014 6:00 AM,0.056,0.073,0.081,0.069,
3/5/2014 8:00 AM,0.056,0.074,0.081,0.070,
3/5/2014 10:00 AM,0.063,0.079,0.087,0.075,
3/5/2014 12:00 PM,0.071,0.086,0.093,0.080,
3/5/2014 2:00 PM,0.076,0.091,0.098,0.083,
3/5/2014 4:00 PM,0.076,0.092,0.098,0.085,
3/5/2014 6:00 PM,0.072,0.088,0.096,0.084,
3/5/2014 8:00 PM,0.064,0.080,0.091,0.077,
3/5/2014 10:00 PM,0.061,0.077,0.087,0.074,
3/6/2014 12:00 AM,0.059,0.075,0.086,0.073,
3/6/2014 2:00 AM,0.056,0.072,0.083,0.070,
3/6/2014 4:00 AM,0.054,0.069,0.081,0.068,
3/6/2014 6:00 AM,0.052,0.068,0.078,0.066,
3/6/2014 8:00 AM,0.052,0.068,0.078,0.067,
3/6/2014 10:00 AM,0.059,0.075,0.085,0.072,
3/6/2014 12:00 PM,0.067,0.082,0.090,0.077,
3/6/2014 2:00 PM,0.070,0.086,0.093,0.080,
3/6/2014 4:00 PM,0.071,0.085,0.094,0.081,
3/6/2014 6:00 PM,0.066,0.080,0.090,0.078,
3/6/2014 8:00 PM,0.061,0.075,0.087,0.075,
3/6/2014 10:00 PM,0.058,0.072,0.085,0.073,
3/7/2014 12:00 AM,0.056,0.070,0.082,0.071,
3/7/2014 2:00 AM,0.053,0.068,0.081,0.069,
3/7/2014 4:00 AM,0.051,0.066,0.079,0.067,
3/7/2014 6:00 AM,0.050,0.064,0.078,0.065,
3/7/2014 8:00 AM,0.051,0.065,0.078,0.067,
3/7/2014 10:00 AM,0.058,0.073,0.084,0.072,
3/7/2014 12:00 PM,0.065,0.078,0.089,0.077,
3/7/2014 2:00 PM,0.066,0.079,0.090,0.078,
3/7/2014 4:00 PM,0.067,0.080,0.091,0.081,
3/7/2014 6:00 PM,0.063,0.076,0.089,0.078,
3/7/2014 8:00 PM,0.058,0.069,0.084,0.073,
3/7/2014 10:00 PM,0.054,0.066,0.082,0.070,
3/8/2014 12:00 AM,0.051,0.063,0.079,0.068,
3/8/2014 2:00 AM,0.049,0.060,0.077,0.065,
3/8/2014 4:00 AM,0.046,0.058,0.074,0.063,
3/8/2014 6:00 AM,0.044,0.057,0.072,0.061,
3/8/2014 8:00 AM,0.045,0.058,0.074,0.061,
3/8/2014 10:00 AM,0.050,0.061,0.078,0.065,
3/8/2014 12:00 PM,0.057,0.067,0.082,0.069,
3/8/2014 2:00 PM,0.061,0.071,0.086,0.073,
3/8/2014 4:00 PM,0.057,0.067,0.084,0.070,
3/8/2014 6:00 PM,0.054,0.064,0.081,0.068,
3/8/2014 8:00 PM,0.050,0.061,0.078,0.065,
3/8/2014 10:00 PM,0.046,0.058,0.074,0.063,
3/9/2014 12:00 AM,0.043,0.056,0.072,0.060,
3/9/2014 2:00 AM,0.042,0.053,0.069,0.058,
3/9/2014 4:00 AM,0.041,0.051,0.068,0.056,
3/9/2014 6:00 AM,0.040,0.051,0.067,0.055,
3/9/2014 8:00 AM,0.040,0.051,0.068,0.057,
3/9/2014 10:00 AM,0.047,0.058,0.076,0.061,
3/9/2014 12:00 PM,0.055,0.065,0.082,0.067,
3/9/2014 2:00 PM,0.059,0.069,0.086,0.070,
3/9/2014 4:00 PM,0.060,0.069,0.087,0.073,
3/9/2014 6:00 PM,0.055,0.065,0.085,0.072,
3/9/2014 8:00 PM,0.046,0.057,0.077,0.064,
3/9/2014 10:00 PM,0.042,0.052,0.072,0.059,
3/10/2014 12:00 AM,0.040,0.050,0.069,0.058,
3/10/2014 2:00 AM,0.038,0.048,0.067,0.055,
3/10/2014 4:00 AM,0.036,0.046,0.065,0.053,
3/10/2014 6:00 AM,0.035,0.045,0.064,0.051,
3/10/2014 8:00 AM,0.036,0.047,0.064,0.055,
3/10/2014 10:00 AM,0.045,0.055,0.074,0.060,
3/10/2014 12:00 PM,0.054,0.064,0.081,0.067,
3/10/2014 2:00 PM,0.058,0.067,0.085,0.070,
3/10/2014 4:00 PM,0.058,0.067,0.086,0.073,
3/10/2014 6:00 PM,0.054,0.064,0.082,0.072,
3/10/2014 8:00 PM,0.046,0.055,0.076,0.065,
3/10/2014 10:00 PM,0.042,0.052,0.073,0.062,
3/11/2014 12:00 AM,0.040,0.050,0.070,0.060,
3/11/2014 2:00 AM,0.038,0.047,0.068,0.058,
3/11/2014 4:00 AM,0.037,0.046,0.067,0.057,
3/11/2014 6:00 AM,0.035,0.045,0.065,0.056,
3/11/2014 8:00 AM,0.036,0.046,0.065,0.058,
3/11/2014 10:00 AM,0.045,0.055,0.074,0.063,
3/11/2014 12:00 PM,0.053,0.063,0.080,0.068,
3/11/2014 2:00 PM,0.057,0.064,0.084,0.070,
3/11/2014 4:00 PM,0.057,0.065,0.084,0.073,
